#include "ui/cover_panel_skin.h"

const uint16_t g_cover_panel_skin_240x140[COVER_PANEL_SKIN_W * COVER_PANEL_SKIN_H] PROGMEM = {
  0xF81F, 0xF81F, 0xF81F, 0xF81F, 0xF81F, 0xF81F, 0xF81F, 0xF81F, 0xF81F, 0xF81F, 0xF81F, 0xF81F,
  0xF81F, 0xF81F, 0xF81F, 0xF81F, 0xF81F, 0xF81F, 0xF81F, 0xF81F, 0xF81F, 0xF81F, 0xF81F, 0xF81F,
  0xF81F, 0xF81F, 0xF81F, 0xF81F, 0xF81F, 0xF81F, 0xF81F, 0xF81F, 0xF81F, 0xF81F, 0xF81F, 0xF81F,
  0xF81F, 0xF81F, 0xF81F, 0xF81F, 0xF81F, 0xF81F, 0xF81F, 0xF81F, 0xF81F, 0xF81F, 0xF81F, 0xF81F,
  0xF81F, 0xF81F, 0xF81F, 0xF81F, 0xF81F, 0xF81F, 0xF81F, 0xF81F, 0xF81F, 0xF81F, 0xF81F, 0xF81F,
  0xF81F, 0xF81F, 0xF81F, 0xF81F, 0xF81F, 0xF81F, 0xF81F, 0xF81F, 0xF81F, 0xF81F, 0xF81F, 0xF81F,
  0xF81F, 0xF81F, 0xF81F, 0xF81F, 0xF81F, 0xF81F, 0xF81F, 0xF81F, 0xF81F, 0xF81F, 0xF81F, 0xF81F,
  0xF81F, 0xF81F, 0xF81F, 0xF81F, 0xF81F, 0xF81F, 0xF81F, 0xF81F, 0xF81F, 0xF81F, 0xF81F, 0xF81F,
  0xF81F, 0xF81F, 0xF81F, 0xF81F, 0xF81F, 0xF81F, 0xF81F, 0xF81F, 0xF81F, 0xF81F, 0xF81F, 0xF81F,
  0xF81F, 0xF81F, 0xF81F, 0xF81F, 0xF81F, 0xF81F, 0xF81F, 0xF81F, 0xF81F, 0xF81F, 0xF81F, 0xF81F,
  0xF81F, 0xF81F, 0xF81F, 0xF81F, 0xF81F, 0xF81F, 0xF81F, 0xF81F, 0xF81F, 0xF81F, 0xF81F, 0xF81F,
  0xF81F, 0xF81F, 0xF81F, 0xF81F, 0xF81F, 0xF81F, 0xF81F, 0xF81F, 0xF81F, 0xF81F, 0xF81F, 0xF81F,
  0xF81F, 0xF81F, 0xF81F, 0xF81F, 0xF81F, 0xF81F, 0xF81F, 0xF81F, 0xF81F, 0xF81F, 0xF81F, 0xF81F,
  0xF81F, 0xF81F, 0xF81F, 0xF81F, 0xF81F, 0xF81F, 0xF81F, 0xF81F, 0xF81F, 0xF81F, 0xF81F, 0xF81F,
  0xF81F, 0xF81F, 0xF81F, 0xF81F, 0xF81F, 0xF81F, 0xF81F, 0xF81F, 0xF81F, 0xF81F, 0xF81F, 0xF81F,
  0xF81F, 0xF81F, 0xF81F, 0xF81F, 0xF81F, 0xF81F, 0xF81F, 0xF81F, 0xF81F, 0xF81F, 0xF81F, 0xF81F,
  0xF81F, 0xF81F, 0xF81F, 0xF81F, 0xF81F, 0xF81F, 0xF81F, 0xF81F, 0xF81F, 0xF81F, 0xF81F, 0xF81F,
  0xF81F, 0xF81F, 0xF81F, 0xF81F, 0xF81F, 0xF81F, 0xF81F, 0xF81F, 0xF81F, 0xF81F, 0xF81F, 0xF81F,
  0xF81F, 0xF81F, 0xF81F, 0xF81F, 0xF81F, 0xF81F, 0xF81F, 0xF81F, 0xF81F, 0xF81F, 0xF81F, 0xF81F,
  0xF81F, 0xF81F, 0xF81F, 0xF81F, 0xF81F, 0xF81F, 0xF81F, 0xF81F, 0xF81F, 0xF81F, 0xF81F, 0xF81F,
  0xF81F, 0xF81F, 0xF81F, 0xF81F, 0xF81F, 0xF81F, 0xF81F, 0xF81F, 0xF81F, 0xF81F, 0xF81F, 0xF81F,
  0xF81F, 0xF81F, 0xF81F, 0xF81F, 0xF81F, 0xF81F, 0xF81F, 0xF81F, 0xF81F, 0xF81F, 0xF81F, 0xF81F,
  0xF81F, 0xF81F, 0xF81F, 0xF81F, 0xF81F, 0xF81F, 0xF81F, 0xF81F, 0xF81F, 0xF81F, 0xF81F, 0xF81F,
  0xF81F, 0xF81F, 0xF81F, 0xF81F, 0xF81F, 0xF81F, 0xF81F, 0xF81F, 0xF81F, 0xF81F, 0xF81F, 0xF81F,
  0xF81F, 0xF81F, 0xF81F, 0xF81F, 0xF81F, 0xF81F, 0xF81F, 0xF81F, 0xF81F, 0xF81F, 0xF81F, 0xF81F,
  0xF81F, 0xF81F, 0xF81F, 0xF81F, 0xF81F, 0xF81F, 0xF81F, 0xF81F, 0xF81F, 0xF81F, 0xF81F, 0xF81F,
  0xF81F, 0xF81F, 0xF81F, 0xF81F, 0xF81F, 0xF81F, 0xF81F, 0xF81F, 0xF81F, 0xF81F, 0xF81F, 0xF81F,
  0xF81F, 0xF81F, 0xF81F, 0xF81F, 0xF81F, 0xF81F, 0xF81F, 0xF81F, 0xF81F, 0xF81F, 0xF81F, 0xF81F,
  0xF81F, 0xF81F, 0xF81F, 0xF81F, 0xF81F, 0xF81F, 0xF81F, 0xF81F, 0xF81F, 0xF81F, 0xF81F, 0xF81F,
  0xF81F, 0xF81F, 0xF81F, 0xF81F, 0xF81F, 0xF81F, 0xF81F, 0xF81F, 0xF81F, 0xF81F, 0xF81F, 0xF81F,
  0xF81F, 0xF81F, 0xF81F, 0xF81F, 0xF81F, 0xF81F, 0xF81F, 0xF81F, 0xF81F, 0xF81F, 0xF81F, 0xF81F,
  0xF81F, 0xF81F, 0xF81F, 0xF81F, 0xF81F, 0xF81F, 0xF81F, 0xF81F, 0xF81F, 0xF81F, 0xF81F, 0xF81F,
  0xF81F, 0xF81F, 0xF81F, 0xF81F, 0xF81F, 0xF81F, 0xF81F, 0xF81F, 0xF81F, 0xF81F, 0xF81F, 0xF81F,
  0xF81F, 0xF81F, 0xF81F, 0xF81F, 0xF81F, 0xF81F, 0xF81F, 0xF81F, 0xF81F, 0xF81F, 0xF81F, 0xF81F,
  0xF81F, 0xF81F, 0xF81F, 0xF81F, 0xF81F, 0xF81F, 0xF81F, 0xF81F, 0xF81F, 0xF81F, 0xF81F, 0xF81F,
  0xF81F, 0xF81F, 0xF81F, 0xF81F, 0xF81F, 0xF81F, 0xF81F, 0xF81F, 0xF81F, 0xF81F, 0xF81F, 0xF81F,
  0xF81F, 0xF81F, 0xF81F, 0xF81F, 0xF81F, 0xF81F, 0xF81F, 0xF81F, 0xF81F, 0xF81F, 0xF81F, 0xF81F,
  0xF81F, 0xF81F, 0xF81F, 0xF81F, 0xF81F, 0xF81F, 0xF81F, 0xF81F, 0xF81F, 0xF81F, 0xF81F, 0xF81F,
  0xF81F, 0xF81F, 0xF81F, 0xF81F, 0xF81F, 0xF81F, 0xF81F, 0xF81F, 0xF81F, 0xF81F, 0xF81F, 0xF81F,
  0xF81F, 0xF81F, 0xF81F, 0xF81F, 0xF81F, 0xF81F, 0xF81F, 0xF81F, 0xF81F, 0xF81F, 0xF81F, 0xF81F,
  0xF81F, 0xF81F, 0xF81F, 0xF81F, 0xF81F, 0xF81F, 0xF81F, 0xF81F, 0xF81F, 0xF81F, 0xF81F, 0xF81F,
  0xF81F, 0xF81F, 0xF81F, 0xF81F, 0xF81F, 0xF81F, 0xF81F, 0xF81F, 0xF81F, 0xF81F, 0xF81F, 0xF81F,
  0xF81F, 0xF81F, 0xF81F, 0xF81F, 0xF81F, 0xF81F, 0xF81F, 0xF81F, 0xF81F, 0xF81F, 0xF81F, 0xF81F,
  0xF81F, 0xF81F, 0xF81F, 0xF81F, 0xF81F, 0xF81F, 0xF81F, 0xF81F, 0xF81F, 0xF81F, 0xF81F, 0xF81F,
  0xF81F, 0xF81F, 0xF81F, 0xF81F, 0xF81F, 0xF81F, 0xF81F, 0xF81F, 0xF81F, 0xF81F, 0xF81F, 0xF81F,
  0xF81F, 0xF81F, 0xF81F, 0xF81F, 0xF81F, 0xF81F, 0xF81F, 0xF81F, 0xF81F, 0xF81F, 0xF81F, 0xF81F,
  0xF81F, 0xF81F, 0xF81F, 0xF81F, 0xF81F, 0xF81F, 0xF81F, 0xF81F, 0xF81F, 0xF81F, 0xF81F, 0xF81F,
  0xF81F, 0xF81F, 0xF81F, 0xF81F, 0xF81F, 0xF81F, 0xF81F, 0xF81F, 0xF81F, 0xF81F, 0xF81F, 0xF81F,
  0xF81F, 0xF81F, 0xF81F, 0xF81F, 0xF81F, 0xF81F, 0xF81F, 0xF81F, 0xF81F, 0xF81F, 0xF81F, 0xF81F,
  0xF81F, 0xF81F, 0xF81F, 0xF81F, 0xF81F, 0xF81F, 0xF81F, 0xF81F, 0xF81F, 0xF81F, 0xF81F, 0xF81F,
  0xF81F, 0xF81F, 0xF81F, 0xF81F, 0xF81F, 0xF81F, 0xF81F, 0xF81F, 0xF81F, 0xF81F, 0xF81F, 0xF81F,
  0xF81F, 0xF81F, 0xF81F, 0xF81F, 0xF81F, 0xF81F, 0xF81F, 0xF81F, 0xF81F, 0xF81F, 0xF81F, 0xF81F,
  0xF81F, 0xF81F, 0xF81F, 0xF81F, 0xF81F, 0xF81F, 0xF81F, 0xF81F, 0xF81F, 0xF81F, 0xF81F, 0xF81F,
  0xF81F, 0xF81F, 0xF81F, 0xF81F, 0xF81F, 0xF81F, 0xF81F, 0xF81F, 0xF81F, 0xF81F, 0xF81F, 0xF81F,
  0xF81F, 0xF81F, 0xF81F, 0xF81F, 0xF81F, 0xF81F, 0xF81F, 0xF81F, 0xF81F, 0xF81F, 0xF81F, 0xF81F,
  0xF81F, 0xF81F, 0xF81F, 0xF81F, 0xF81F, 0xF81F, 0xF81F, 0xF81F, 0xF81F, 0xF81F, 0xF81F, 0xF81F,
  0xF81F, 0xF81F, 0xF81F, 0xF81F, 0xF81F, 0xF81F, 0xF81F, 0xF81F, 0xF81F, 0xF81F, 0xF81F, 0xF81F,
  0xF81F, 0xF81F, 0xF81F, 0xF81F, 0xF81F, 0xF81F, 0xF81F, 0xF81F, 0xF81F, 0xF81F, 0xF81F, 0xF81F,
  0xF81F, 0xF81F, 0xF81F, 0xF81F, 0xF81F, 0xF81F, 0xF81F, 0xF81F, 0xF81F, 0xF81F, 0xF81F, 0xF81F,
  0xF81F, 0xF81F, 0xF81F, 0xF81F, 0xF81F, 0xF81F, 0xF81F, 0xF81F, 0xF81F, 0xF81F, 0xF81F, 0xF81F,
  0xF81F, 0xF81F, 0xF81F, 0xF81F, 0xF81F, 0xF81F, 0xF81F, 0xF81F, 0xF81F, 0xF81F, 0xF81F, 0xF81F,
  0xF81F, 0xF81F, 0xF81F, 0xF81F, 0xF81F, 0xF81F, 0xF81F, 0xF81F, 0xF81F, 0xF81F, 0xF81F, 0xF81F,
  0xF81F, 0xF81F, 0xF81F, 0xF81F, 0xF81F, 0xF81F, 0xF81F, 0xF81F, 0xF81F, 0xF81F, 0xF81F, 0xF81F,
  0xF81F, 0xF81F, 0xF81F, 0xF81F, 0xF81F, 0xF81F, 0xF81F, 0xF81F, 0xF81F, 0xF81F, 0xF81F, 0xF81F,
  0xF81F, 0xF81F, 0xF81F, 0xF81F, 0xF81F, 0xF81F, 0xF81F, 0xF81F, 0xF81F, 0xF81F, 0xF81F, 0xF81F,
  0xF81F, 0xF81F, 0xF81F, 0xF81F, 0xF81F, 0xF81F, 0xF81F, 0xF81F, 0xF81F, 0xF81F, 0xF81F, 0xF81F,
  0xF81F, 0xF81F, 0xF81F, 0xF81F, 0xF81F, 0xF81F, 0xF81F, 0xF81F, 0xF81F, 0xF81F, 0xF81F, 0xF81F,
  0xF81F, 0xF81F, 0xF81F, 0xF81F, 0xF81F, 0xF81F, 0xF81F, 0xF81F, 0xF81F, 0xF81F, 0xF81F, 0xF81F,
  0xF81F, 0xF81F, 0xF81F, 0xF81F, 0xF81F, 0xF81F, 0xF81F, 0xF81F, 0xF81F, 0xF81F, 0xF81F, 0xF81F,
  0xF81F, 0xF81F, 0xF81F, 0xF81F, 0xF81F, 0xF81F, 0xF81F, 0xF81F, 0xF81F, 0xF81F, 0xF81F, 0xF81F,
  0xF81F, 0xF81F, 0xF81F, 0xF81F, 0xF81F, 0xF81F, 0xF81F, 0xF81F, 0xF81F, 0xF81F, 0xF81F, 0xF81F,
  0xF81F, 0xF81F, 0xF81F, 0xF81F, 0xF81F, 0xF81F, 0xF81F, 0xF81F, 0xF81F, 0xF81F, 0xF81F, 0xF81F,
  0xF81F, 0xF81F, 0xF81F, 0xF81F, 0xF81F, 0xF81F, 0xF81F, 0xF81F, 0xF81F, 0xF81F, 0xF81F, 0xF81F,
  0xF81F, 0xF81F, 0xF81F, 0xF81F, 0xF81F, 0xF81F, 0xF81F, 0xF81F, 0xF81F, 0xF81F, 0xF81F, 0xF81F,
  0xF81F, 0xF81F, 0xF81F, 0xF81F, 0xF81F, 0xF81F, 0xF81F, 0xF81F, 0xF81F, 0xF81F, 0xF81F, 0xF81F,
  0xF81F, 0xF81F, 0xF81F, 0xF81F, 0xF81F, 0xF81F, 0xF81F, 0xF81F, 0xF81F, 0xF81F, 0xF81F, 0xF81F,
  0xF81F, 0xF81F, 0xF81F, 0xF81F, 0xF81F, 0xF81F, 0xF81F, 0xF81F, 0xF81F, 0xF81F, 0xF81F, 0xF81F,
  0xF81F, 0xF81F, 0xF81F, 0xF81F, 0xF81F, 0xF81F, 0xF81F, 0xF81F, 0xF81F, 0xF81F, 0xF81F, 0xF81F,
  0xF81F, 0xF81F, 0xF81F, 0xF81F, 0xF81F, 0xF81F, 0xF81F, 0xF81F, 0xF81F, 0xF81F, 0xF81F, 0xF81F,
  0xF81F, 0xF81F, 0xF81F, 0xF81F, 0xF81F, 0xF81F, 0xF81F, 0xF81F, 0xF81F, 0xF81F, 0xF81F, 0xF81F,
  0xF81F, 0xF81F, 0xF81F, 0xF81F, 0xF81F, 0xF81F, 0xF81F, 0xF81F, 0xF81F, 0xF81F, 0xF81F, 0xF81F,
  0xF81F, 0xF81F, 0xF81F, 0xF81F, 0xF81F, 0xF81F, 0xF81F, 0xF81F, 0xF81F, 0xF81F, 0xF81F, 0xF81F,
  0xF81F, 0xF81F, 0xF81F, 0xF81F, 0xF81F, 0xF81F, 0xF81F, 0xF81F, 0xF81F, 0xF81F, 0xF81F, 0xF81F,
  0xF81F, 0xF81F, 0xF81F, 0xF81F, 0xF81F, 0xF81F, 0xF81F, 0xF81F, 0xF81F, 0xF81F, 0xF81F, 0xF81F,
  0xF81F, 0xF81F, 0xF81F, 0xF81F, 0xF81F, 0xF81F, 0xF81F, 0xF81F, 0xF81F, 0xF81F, 0xF81F, 0xF81F,
  0xF81F, 0xF81F, 0xF81F, 0xF81F, 0xF81F, 0xF81F, 0xF81F, 0xF81F, 0xF81F, 0xF81F, 0xF81F, 0xF81F,
  0xF81F, 0xF81F, 0xF81F, 0xF81F, 0xF81F, 0xF81F, 0xF81F, 0xF81F, 0xF81F, 0xF81F, 0xF81F, 0xF81F,
  0xF81F, 0xF81F, 0xF81F, 0xF81F, 0xF81F, 0xF81F, 0xF81F, 0xF81F, 0xF81F, 0xF81F, 0xF81F, 0xF81F,
  0xF81F, 0xF81F, 0xF81F, 0xF81F, 0xF81F, 0xF81F, 0xF81F, 0xF81F, 0xF81F, 0xF81F, 0xF81F, 0xF81F,
  0xF81F, 0xF81F, 0xF81F, 0xF81F, 0xF81F, 0xF81F, 0xF81F, 0xF81F, 0xF81F, 0xF81F, 0xF81F, 0xF81F,
  0xF81F, 0xF81F, 0xF81F, 0xF81F, 0xF81F, 0xF81F, 0xF81F, 0xF81F, 0xF81F, 0xF81F, 0xF81F, 0xF81F,
  0xF81F, 0xF81F, 0xF81F, 0xF81F, 0xF81F, 0xF81F, 0xF81F, 0xF81F, 0xF81F, 0xF81F, 0xF81F, 0xF81F,
  0xF81F, 0xF81F, 0xF81F, 0xF81F, 0xF81F, 0xF81F, 0xF81F, 0xF81F, 0xF81F, 0xF81F, 0xF81F, 0xF81F,
  0xF81F, 0xF81F, 0xF81F, 0xF81F, 0xF81F, 0xF81F, 0xF81F, 0xF81F, 0xF81F, 0xF81F, 0xF81F, 0xF81F,
  0xF81F, 0xF81F, 0xF81F, 0xF81F, 0xF81F, 0xF81F, 0xF81F, 0xF81F, 0xF81F, 0xF81F, 0xF81F, 0xF81F,
  0xF81F, 0xF81F, 0xF81F, 0xF81F, 0xF81F, 0xF81F, 0xF81F, 0xF81F, 0xF81F, 0xF81F, 0xF81F, 0xF81F,
  0xF81F, 0xF81F, 0xF81F, 0xF81F, 0xF81F, 0xF81F, 0xF81F, 0xF81F, 0xF81F, 0xF81F, 0xF81F, 0xF81F,
  0xF81F, 0xF81F, 0xF81F, 0xF81F, 0xF81F, 0xF81F, 0xF81F, 0xF81F, 0xF81F, 0xF81F, 0xF81F, 0xF81F,
  0xF81F, 0xF81F, 0xF81F, 0xF81F, 0xF81F, 0xF81F, 0xF81F, 0xF81F, 0xF81F, 0xF81F, 0xF81F, 0xF81F,
  0xF81F, 0xF81F, 0xF81F, 0xF81F, 0xF81F, 0xF81F, 0xF81F, 0xF81F, 0xF81F, 0xF81F, 0xF81F, 0xF81F,
  0xF81F, 0xF81F, 0xF81F, 0xF81F, 0xF81F, 0xF81F, 0xF81F, 0xF81F, 0xF81F, 0xF81F, 0xF81F, 0xF81F,
  0xF81F, 0xF81F, 0xF81F, 0xF81F, 0xF81F, 0xF81F, 0xF81F, 0xF81F, 0xF81F, 0xF81F, 0xF81F, 0xF81F,
  0xF81F, 0xF81F, 0xF81F, 0xF81F, 0xF81F, 0xF81F, 0xF81F, 0xF81F, 0xF81F, 0xF81F, 0xF81F, 0xF81F,
  0xF81F, 0xF81F, 0xF81F, 0xF81F, 0xF81F, 0xF81F, 0xF81F, 0xF81F, 0xF81F, 0xF81F, 0xF81F, 0xF81F,
  0xF81F, 0xF81F, 0xF81F, 0xF81F, 0xF81F, 0xF81F, 0xF81F, 0xF81F, 0xF81F, 0xF81F, 0xF81F, 0xF81F,
  0xF81F, 0xF81F, 0xF81F, 0xF81F, 0xF81F, 0xF81F, 0xF81F, 0xF81F, 0xF81F, 0xF81F, 0xF81F, 0xF81F,
  0xF81F, 0xF81F, 0xF81F, 0xF81F, 0xF81F, 0xF81F, 0xF81F, 0xF81F, 0xF81F, 0xF81F, 0xF81F, 0xF81F,
  0xF81F, 0xF81F, 0xF81F, 0xF81F, 0xF81F, 0xF81F, 0xF81F, 0xF81F, 0xF81F, 0xF81F, 0xF81F, 0xF81F,
  0xF81F, 0xF81F, 0xF81F, 0xF81F, 0xF81F, 0xF81F, 0xF81F, 0xF81F, 0xF81F, 0xF81F, 0xF81F, 0xF81F,
  0xF81F, 0xF81F, 0xF81F, 0xF81F, 0xF81F, 0xF81F, 0xF81F, 0xF81F, 0xF81F, 0xF81F, 0xF81F, 0xF81F,
  0xF81F, 0xF81F, 0xF81F, 0xF81F, 0xF81F, 0xF81F, 0xF81F, 0xF81F, 0xF81F, 0xF81F, 0xF81F, 0xF81F,
  0xF81F, 0xF81F, 0xF81F, 0xF81F, 0xF81F, 0xF81F, 0xF81F, 0xF81F, 0xF81F, 0xF81F, 0xF81F, 0xF81F,
  0xF81F, 0xF81F, 0xF81F, 0xF81F, 0xF81F, 0xF81F, 0xF81F, 0xF81F, 0xF81F, 0xF81F, 0xF81F, 0xF81F,
  0xF81F, 0xF81F, 0xF81F, 0xF81F, 0xF81F, 0xF81F, 0xF81F, 0xF81F, 0xF81F, 0xF81F, 0xF81F, 0xF81F,
  0xF81F, 0xF81F, 0xF81F, 0xF81F, 0xF81F, 0xF81F, 0xF81F, 0xF81F, 0xF81F, 0xF81F, 0xF81F, 0xF81F,
  0xF81F, 0xF81F, 0xF81F, 0xF81F, 0xF81F, 0xF81F, 0xF81F, 0xF81F, 0xF81F, 0xF81F, 0xF81F, 0xF81F,
  0xF81F, 0xF81F, 0xF81F, 0xF81F, 0xF81F, 0xF81F, 0xF81F, 0xF81F, 0xF81F, 0xF81F, 0xF81F, 0xF81F,
  0xF81F, 0xF81F, 0xF81F, 0xF81F, 0xF81F, 0xF81F, 0xF81F, 0xF81F, 0xF81F, 0xF81F, 0xF81F, 0xF81F,
  0xF81F, 0xF81F, 0xF81F, 0xF81F, 0xF81F, 0xF81F, 0xF81F, 0xF81F, 0xF81F, 0xF81F, 0xF81F, 0xF81F,
  0xF81F, 0xF81F, 0xF81F, 0xF81F, 0xF81F, 0xF81F, 0xF81F, 0xF81F, 0xF81F, 0xF81F, 0xF81F, 0xF81F,
  0xF81F, 0xF81F, 0xF81F, 0xF81F, 0xF81F, 0xF81F, 0xF81F, 0xF81F, 0xF81F, 0xF81F, 0xF81F, 0xF81F,
  0xF81F, 0xF81F, 0xF81F, 0xF81F, 0xF81F, 0xF81F, 0xF81F, 0xF81F, 0xF81F, 0xF81F, 0xF81F, 0xF81F,
  0xF81F, 0xF81F, 0xF81F, 0xF81F, 0xF81F, 0xF81F, 0xF81F, 0xF81F, 0xF81F, 0xF81F, 0xF81F, 0xF81F,
  0xF81F, 0xF81F, 0xF81F, 0xF81F, 0xF81F, 0xF81F, 0xF81F, 0xF81F, 0xF81F, 0xF81F, 0xF81F, 0xF81F,
  0xF81F, 0xF81F, 0xF81F, 0xF81F, 0xF81F, 0xF81F, 0xF81F, 0xF81F, 0xF81F, 0xF81F, 0xF81F, 0xF81F,
  0xF81F, 0xF81F, 0xF81F, 0xF81F, 0xF81F, 0xF81F, 0xF81F, 0xF81F, 0xF81F, 0xF81F, 0xF81F, 0xF81F,
  0xF81F, 0xF81F, 0xF81F, 0xF81F, 0xF81F, 0xF81F, 0xF81F, 0xF81F, 0xF81F, 0xF81F, 0xF81F, 0xF81F,
  0xF81F, 0xF81F, 0xF81F, 0xF81F, 0xF81F, 0xF81F, 0xF81F, 0xF81F, 0xF81F, 0xF81F, 0xF81F, 0xF81F,
  0xF81F, 0xF81F, 0xF81F, 0xF81F, 0xF81F, 0xF81F, 0xF81F, 0xF81F, 0xF81F, 0xF81F, 0xF81F, 0xF81F,
  0xF81F, 0xF81F, 0xF81F, 0xF81F, 0xF81F, 0xF81F, 0xD35C, 0xC45A, 0xB519, 0xAD37, 0x9D16, 0x9D36,
  0x9CF5, 0x9CF6, 0xA4B6, 0xA457, 0xABD7, 0xB2D8, 0xF81F, 0xF81F, 0xF81F, 0xF81F, 0xF81F, 0xF81F,
  0xF81F, 0xF81F, 0xF81F, 0xF81F, 0xF81F, 0xF81F, 0xF81F, 0xF81F, 0xF81F, 0xF81F, 0xF81F, 0xF81F,
  0xF81F, 0xF81F, 0xF81F, 0xF81F, 0xF81F, 0xF81F, 0xF81F, 0xF81F, 0xF81F, 0xF81F, 0xF81F, 0xF81F,
  0xF81F, 0xF81F, 0xF81F, 0xF81F, 0xF81F, 0xF81F, 0xF81F, 0xF81F, 0xF81F, 0xF81F, 0xF81F, 0xF81F,
  0xF81F, 0xF81F, 0xF81F, 0xF81F, 0xF81F, 0xF81F, 0xF81F, 0xF81F, 0xF81F, 0xF81F, 0xF81F, 0xF81F,
  0xF81F, 0xF81F, 0xF81F, 0xF81F, 0xF81F, 0xF81F, 0xF81F, 0xF81F, 0xF81F, 0xF81F, 0xF81F, 0xF81F,
  0xF81F, 0xF81F, 0xF81F, 0xF81F, 0xF81F, 0xF81F, 0xF81F, 0xF81F, 0xF81F, 0xF81F, 0xF81F, 0xF81F,
  0xF81F, 0xF81F, 0xF81F, 0xF81F, 0xF81F, 0xF81F, 0xF81F, 0xF81F, 0xF81F, 0xF81F, 0xF81F, 0xF81F,
  0xF81F, 0xF81F, 0xF81F, 0xF81F, 0xF81F, 0xF81F, 0xF81F, 0xF81F, 0xF81F, 0xF81F, 0xF81F, 0xF81F,
  0xF81F, 0xF81F, 0xF81F, 0xF81F, 0xF81F, 0xF81F, 0xF81F, 0xF81F, 0xF81F, 0xF81F, 0xF81F, 0xF81F,
  0xF81F, 0xF81F, 0xF81F, 0xF81F, 0xF81F, 0xF81F, 0xF81F, 0xF81F, 0xF81F, 0xF81F, 0xF81F, 0xF81F,
  0xF81F, 0xF81F, 0xF81F, 0xF81F, 0xF81F, 0xF81F, 0xF81F, 0xF81F, 0xF81F, 0xF81F, 0xF81F, 0xF81F,
  0xF81F, 0xF81F, 0xF81F, 0xF81F, 0xF81F, 0xF81F, 0xF81F, 0xF81F, 0xF81F, 0xF81F, 0xF81F, 0xF81F,
  0xF81F, 0xF81F, 0xF81F, 0xF81F, 0xF81F, 0xF81F, 0xF81F, 0xF81F, 0xF81F, 0xF81F, 0xF81F, 0xF81F,
  0xF81F, 0xF81F, 0xF81F, 0xF81F, 0xF81F, 0xF81F, 0xF81F, 0xF81F, 0xF81F, 0xF81F, 0xF81F, 0xF81F,
  0xF81F, 0xF81F, 0xF81F, 0xF81F, 0xF81F, 0xF81F, 0xF81F, 0xF81F, 0xF81F, 0xF81F, 0xF81F, 0xF81F,
  0xF81F, 0xF81F, 0xF81F, 0xF81F, 0xF81F, 0xF81F, 0xF81F, 0xF81F, 0xF81F, 0xF81F, 0xF81F, 0xF81F,
  0xF81F, 0xF81F, 0xF81F, 0xF81F, 0xF81F, 0xF81F, 0xF81F, 0xF81F, 0xF81F, 0xF81F, 0xF81F, 0xF81F,
  0xF81F, 0xF81F, 0xF81F, 0xF81F, 0xF81F, 0xF81F, 0xF81F, 0xF81F, 0xF81F, 0xF81F, 0xF81F, 0xF81F,
  0xF81F, 0xF81F, 0xF81F, 0xCC7C, 0xB579, 0x9555, 0x84D3, 0x7431, 0x63B0, 0x5B2E, 0x5B0E, 0x5B0F,
  0x52CD, 0x52CD, 0x5B2E, 0x5B2E, 0x5B6E, 0x63AF, 0x63CF, 0x73F1, 0x7B72, 0x9254, 0xF81F, 0xF81F,
  0xF81F, 0xF81F, 0xF81F, 0xF81F, 0xF81F, 0xF81F, 0xF81F, 0xF81F, 0xF81F, 0xF81F, 0xF81F, 0xF81F,
  0xF81F, 0xF81F, 0xF81F, 0xF81F, 0xF81F, 0xF81F, 0xF81F, 0xF81F, 0xF81F, 0xF81F, 0xF81F, 0xF81F,
  0xF81F, 0xF81F, 0xF81F, 0xF81F, 0xF81F, 0xF81F, 0xF81F, 0xF81F, 0xF81F, 0xF81F, 0xF81F, 0xF81F,
  0xF81F, 0xF81F, 0xF81F, 0xF81F, 0xF81F, 0xF81F, 0xF81F, 0xF81F, 0xF81F, 0xF81F, 0xF81F, 0xF81F,
  0xF81F, 0xF81F, 0xF81F, 0xF81F, 0xF81F, 0xF81F, 0xF81F, 0xF81F, 0xF81F, 0xF81F, 0xF81F, 0xF81F,
  0xF81F, 0xF81F, 0xF81F, 0xF81F, 0xF81F, 0xF81F, 0xF81F, 0xF81F, 0xF81F, 0xF81F, 0xF81F, 0xF81F,
  0xF81F, 0xF81F, 0xF81F, 0xF81F, 0xF81F, 0xF81F, 0xF81F, 0xF81F, 0xF81F, 0xF81F, 0xF81F, 0xF81F,
  0xF81F, 0xF81F, 0xF81F, 0xF81F, 0xF81F, 0xF81F, 0xF81F, 0xF81F, 0xF81F, 0xF81F, 0xF81F, 0xF81F,
  0xF81F, 0xF81F, 0xF81F, 0xF81F, 0xF81F, 0xF81F, 0xF81F, 0xF81F, 0xF81F, 0xF81F, 0xF81F, 0xF81F,
  0xF81F, 0xF81F, 0xF81F, 0xF81F, 0xF81F, 0xF81F, 0xF81F, 0xF81F, 0xF81F, 0xF81F, 0xF81F, 0xF81F,
  0xF81F, 0xF81F, 0xF81F, 0xF81F, 0xF81F, 0xF81F, 0xF81F, 0xF81F, 0xF81F, 0xF81F, 0xF81F, 0xF81F,
  0xF81F, 0xF81F, 0xF81F, 0xF81F, 0xF81F, 0xF81F, 0xF81F, 0xF81F, 0xF81F, 0xF81F, 0xF81F, 0xF81F,
  0xF81F, 0xF81F, 0xF81F, 0xF81F, 0xF81F, 0xF81F, 0xF81F, 0xF81F, 0xF81F, 0xF81F, 0xF81F, 0xF81F,
  0xF81F, 0xF81F, 0xF81F, 0xF81F, 0xF81F, 0xF81F, 0xF81F, 0xF81F, 0xF81F, 0xF81F, 0xF81F, 0xF81F,
  0xF81F, 0xF81F, 0xF81F, 0xF81F, 0xF81F, 0xF81F, 0xF81F, 0xF81F, 0xF81F, 0xF81F, 0xF81F, 0xF81F,
  0xF81F, 0xF81F, 0xF81F, 0xF81F, 0xF81F, 0xF81F, 0xF81F, 0xF81F, 0xF81F, 0xF81F, 0xF81F, 0xF81F,
  0xF81F, 0xF81F, 0xF81F, 0xF81F, 0xF81F, 0xF81F, 0xF81F, 0xF81F, 0xF81F, 0xF81F, 0xF81F, 0xF81F,
  0xF81F, 0xF81F, 0xF81F, 0xF81F, 0xF81F, 0xF81F, 0xF81F, 0xF81F, 0xF81F, 0xF81F, 0xF81F, 0xF81F,
  0xD3DC, 0xAD39, 0x8D14, 0x7C52, 0x636F, 0x5B0E, 0x632F, 0x5B0F, 0x5AEE, 0x5AEE, 0x5B0E, 0x5B0E,
  0x52EE, 0x5B0E, 0x52ED, 0x52CD, 0x52AD, 0x4A8C, 0x52CD, 0x52CD, 0x52ED, 0x536E, 0x5B6E, 0x7AD2,
  0xB958, 0xF81F, 0xF81F, 0xF81F, 0xF81F, 0xF81F, 0xF81F, 0xF81F, 0xF81F, 0xF81F, 0xF81F, 0xF81F,
  0xF81F, 0xF81F, 0xF81F, 0xF81F, 0xF81F, 0xF81F, 0xF81F, 0xF81F, 0xF81F, 0xF81F, 0xF81F, 0xF81F,
  0xF81F, 0xF81F, 0xF81F, 0xF81F, 0xF81F, 0xF81F, 0xF81F, 0xF81F, 0xF81F, 0xF81F, 0xF81F, 0xF81F,
  0xF81F, 0xF81F, 0xF81F, 0xF81F, 0xF81F, 0xF81F, 0xF81F, 0xF81F, 0xF81F, 0xF81F, 0xF81F, 0xF81F,
  0xF81F, 0xF81F, 0xF81F, 0xF81F, 0xF81F, 0xF81F, 0xF81F, 0xF81F, 0xF81F, 0xF81F, 0xF81F, 0xF81F,
  0xF81F, 0xF81F, 0xF81F, 0xF81F, 0xF81F, 0xF81F, 0xF81F, 0xF81F, 0xF81F, 0xF81F, 0xF81F, 0xF81F,
  0xF81F, 0xF81F, 0xF81F, 0xF81F, 0xF81F, 0xF81F, 0xF81F, 0xF81F, 0xF81F, 0xF81F, 0xF81F, 0xF81F,
  0xF81F, 0xF81F, 0xF81F, 0xF81F, 0xF81F, 0xF81F, 0xF81F, 0xF81F, 0xF81F, 0xF81F, 0xF81F, 0xF81F,
  0xF81F, 0xF81F, 0xF81F, 0xF81F, 0xF81F, 0xF81F, 0xF81F, 0xF81F, 0xF81F, 0xF81F, 0xF81F, 0xF81F,
  0xF81F, 0xF81F, 0xF81F, 0xF81F, 0xF81F, 0xF81F, 0xF81F, 0xF81F, 0xF81F, 0xF81F, 0xF81F, 0xF81F,
  0xF81F, 0xF81F, 0xF81F, 0xF81F, 0xF81F, 0xF81F, 0xF81F, 0xF81F, 0xF81F, 0xF81F, 0xF81F, 0xF81F,
  0xF81F, 0xF81F, 0xF81F, 0xF81F, 0xF81F, 0xF81F, 0xF81F, 0xF81F, 0xF81F, 0xF81F, 0xF81F, 0xF81F,
  0xF81F, 0xF81F, 0xF81F, 0xF81F, 0xF81F, 0xF81F, 0xF81F, 0xF81F, 0xF81F, 0xF81F, 0xF81F, 0xF81F,
  0xF81F, 0xF81F, 0xF81F, 0xF81F, 0xF81F, 0xF81F, 0xF81F, 0xF81F, 0xF81F, 0xF81F, 0xF81F, 0xF81F,
  0xF81F, 0xF81F, 0xF81F, 0xF81F, 0xF81F, 0xF81F, 0xF81F, 0xF81F, 0xF81F, 0xF81F, 0xF81F, 0xF81F,
  0xF81F, 0xF81F, 0xF81F, 0xF81F, 0xF81F, 0xF81F, 0xF81F, 0xF81F, 0xF81F, 0xF81F, 0xF81F, 0xF81F,
  0xF81F, 0xF81F, 0xF81F, 0xF81F, 0xF81F, 0xF81F, 0xF81F, 0xF81F, 0xF81F, 0xF81F, 0xF81F, 0xF81F,
  0xF81F, 0xF81F, 0xF81F, 0xF81F, 0xF81F, 0xF81F, 0xF81F, 0xF81F, 0xF81F, 0xF81F, 0xC41A, 0x9D16,
  0x7451, 0x636F, 0x630E, 0x5AEE, 0x632F, 0x5B0E, 0x634F, 0x5B2F, 0x5B0E, 0x52EE, 0x5B2F, 0x5B2F,
  0x5AEE, 0x632F, 0x5AEE, 0x5B2E, 0x52CD, 0x5AED, 0x52CD, 0x4A6B, 0x4A6C, 0x424B, 0x424B, 0x4ACC,
  0x4B0C, 0x6A6F, 0xB917, 0xF81F, 0xF81F, 0xF81F, 0xF81F, 0xF81F, 0xF81F, 0xF81F, 0xF81F, 0xF81F,
  0xF81F, 0xF81F, 0xF81F, 0xF81F, 0xF81F, 0xF81F, 0xF81F, 0xF81F, 0xF81F, 0xF81F, 0xF81F, 0xF81F,
  0xF81F, 0xF81F, 0xF81F, 0xF81F, 0xF81F, 0xF81F, 0xF81F, 0xF81F, 0xF81F, 0xF81F, 0xF81F, 0xF81F,
  0xF81F, 0xF81F, 0xF81F, 0xF81F, 0xF81F, 0xF81F, 0xF81F, 0xF81F, 0xF81F, 0xF81F, 0xF81F, 0xF81F,
  0xF81F, 0xF81F, 0xF81F, 0xF81F, 0xF81F, 0xF81F, 0xF81F, 0xF81F, 0xF81F, 0xF81F, 0xF81F, 0xF81F,
  0xF81F, 0xF81F, 0xF81F, 0xF81F, 0xF81F, 0xF81F, 0xF81F, 0xF81F, 0xF81F, 0xF81F, 0xF81F, 0xF81F,
  0xF81F, 0xF81F, 0xF81F, 0xF81F, 0xF81F, 0xF81F, 0xF81F, 0xF81F, 0xF81F, 0xF81F, 0xF81F, 0xF81F,
  0xF81F, 0xF81F, 0xF81F, 0xF81F, 0xF81F, 0xF81F, 0xF81F, 0xF81F, 0xF81F, 0xF81F, 0xF81F, 0xF81F,
  0xF81F, 0xF81F, 0xF81F, 0xF81F, 0xF81F, 0xF81F, 0xF81F, 0xF81F, 0xF81F, 0xF81F, 0xF81F, 0xF81F,
  0xF81F, 0xF81F, 0xF81F, 0xF81F, 0xF81F, 0xF81F, 0xF81F, 0xF81F, 0xF81F, 0xF81F, 0xF81F, 0xF81F,
  0xF81F, 0xF81F, 0xF81F, 0xF81F, 0xF81F, 0xF81F, 0xF81F, 0xF81F, 0xF81F, 0xF81F, 0xF81F, 0xF81F,
  0xF81F, 0xF81F, 0xF81F, 0xF81F, 0xF81F, 0xF81F, 0xF81F, 0xF81F, 0xF81F, 0xF81F, 0xF81F, 0xF81F,
  0xF81F, 0xF81F, 0xF81F, 0xF81F, 0xF81F, 0xF81F, 0xF81F, 0xF81F, 0xF81F, 0xF81F, 0xF81F, 0xF81F,
  0xF81F, 0xF81F, 0xF81F, 0xF81F, 0xF81F, 0xF81F, 0xF81F, 0xF81F, 0xF81F, 0xF81F, 0xF81F, 0xF81F,
  0xF81F, 0xF81F, 0xF81F, 0xF81F, 0xF81F, 0xF81F, 0xF81F, 0xF81F, 0xF81F, 0xF81F, 0xF81F, 0xF81F,
  0xF81F, 0xF81F, 0xF81F, 0xF81F, 0xF81F, 0xF81F, 0xF81F, 0xF81F, 0xF81F, 0xF81F, 0xF81F, 0xF81F,
  0xF81F, 0xF81F, 0xF81F, 0xF81F, 0xF81F, 0xF81F, 0xF81F, 0xF81F, 0xF81F, 0xF81F, 0xF81F, 0xF81F,
  0xF81F, 0xF81F, 0xF81F, 0xF81F, 0xF81F, 0xF81F, 0xF81F, 0xF81F, 0xBB39, 0x9515, 0x7431, 0x52EE,
  0x52AD, 0x5B0E, 0x634F, 0x634F, 0x5B2E, 0x5B2F, 0x5B0E, 0x632F, 0x5B0E, 0x5B0E, 0x5B0F, 0x5B0E,
  0x5B0E, 0x5B0E, 0x5B0E, 0x52CD, 0x5AEE, 0x52CD, 0x52AC, 0x4A8C, 0x4AAC, 0x4A8C, 0x4A8C, 0x424B,
  0x3A0A, 0x3A6B, 0x3A8A, 0x6A10, 0xF81F, 0xF81F, 0xF81F, 0xF81F, 0xF81F, 0xF81F, 0xF81F, 0xF81F,
  0xF81F, 0xF81F, 0xF81F, 0xF81F, 0xF81F, 0xF81F, 0xF81F, 0xF81F, 0xF81F, 0xF81F, 0xF81F, 0xF81F,
  0xF81F, 0xF81F, 0xF81F, 0xF81F, 0xF81F, 0xF81F, 0xF81F, 0xF81F, 0xF81F, 0xF81F, 0xF81F, 0xF81F,
  0xF81F, 0xF81F, 0xF81F, 0xF81F, 0xF81F, 0xF81F, 0xF81F, 0xF81F, 0xF81F, 0xF81F, 0xF81F, 0xF81F,
  0xF81F, 0xF81F, 0xF81F, 0xF81F, 0xF81F, 0xF81F, 0xF81F, 0xF81F, 0xF81F, 0xF81F, 0xF81F, 0xF81F,
  0xF81F, 0xF81F, 0xF81F, 0xF81F, 0xF81F, 0xF81F, 0xF81F, 0xF81F, 0xF81F, 0xF81F, 0xF81F, 0xF81F,
  0xF81F, 0xF81F, 0xF81F, 0xF81F, 0xF81F, 0xF81F, 0xF81F, 0xF81F, 0xF81F, 0xF81F, 0xF81F, 0xF81F,
  0xF81F, 0xF81F, 0xF81F, 0xF81F, 0xF81F, 0xF81F, 0xF81F, 0xF81F, 0xF81F, 0xF81F, 0xF81F, 0xF81F,
  0xF81F, 0xF81F, 0xF81F, 0xF81F, 0xF81F, 0xF81F, 0xF81F, 0xF81F, 0xF81F, 0xF81F, 0xF81F, 0xF81F,
  0xF81F, 0xF81F, 0xF81F, 0xF81F, 0xF81F, 0xF81F, 0xF81F, 0xF81F, 0xF81F, 0xF81F, 0xF81F, 0xF81F,
  0xF81F, 0xF81F, 0xF81F, 0xF81F, 0xF81F, 0xF81F, 0xF81F, 0xF81F, 0xF81F, 0xF81F, 0xF81F, 0xF81F,
  0xF81F, 0xF81F, 0xF81F, 0xF81F, 0xF81F, 0xF81F, 0xF81F, 0xF81F, 0xF81F, 0xF81F, 0xF81F, 0xF81F,
  0xF81F, 0xF81F, 0xF81F, 0xF81F, 0xF81F, 0xF81F, 0xF81F, 0xF81F, 0xF81F, 0xF81F, 0xF81F, 0xF81F,
  0xF81F, 0xF81F, 0xF81F, 0xF81F, 0xF81F, 0xF81F, 0xF81F, 0xF81F, 0xF81F, 0xF81F, 0xF81F, 0xF81F,
  0xF81F, 0xF81F, 0xF81F, 0xF81F, 0xF81F, 0xF81F, 0xF81F, 0xF81F, 0xF81F, 0xF81F, 0xF81F, 0xF81F,
  0xF81F, 0xF81F, 0xF81F, 0xF81F, 0xF81F, 0xF81F, 0xF81F, 0xF81F, 0xF81F, 0xF81F, 0xF81F, 0xF81F,
  0xF81F, 0xF81F, 0xF81F, 0xF81F, 0xF81F, 0xF81F, 0xF81F, 0xF81F, 0xF81F, 0xF81F, 0xF81F, 0xF81F,
  0xF81F, 0xF81F, 0xF81F, 0xF81F, 0xF81F, 0xF81F, 0xF81F, 0xA4B7, 0x7C92, 0x5AEE, 0x52CD, 0x5AED,
  0x5B0E, 0x632F, 0x5AEE, 0x5B0E, 0x5B2F, 0x5B0E, 0x5B2E, 0x5B0E, 0x5B0E, 0x5B2F, 0x634F, 0x5B0E,
  0x634F, 0x5B2E, 0x52CD, 0x5B0E, 0x52ED, 0x52AC, 0x4AAC, 0x52ED, 0x4A8C, 0x4AAC, 0x424B, 0x426B,
  0x426B, 0x3A0A, 0x422B, 0x3A8B, 0x42AB, 0x8953, 0xF81F, 0xF81F, 0xF81F, 0xF81F, 0xF81F, 0xF81F,
  0xF81F, 0xF81F, 0xF81F, 0xF81F, 0xF81F, 0xF81F, 0xF81F, 0xF81F, 0xF81F, 0xF81F, 0xF81F, 0xF81F,
  0xF81F, 0xF81F, 0xF81F, 0xF81F, 0xF81F, 0xF81F, 0xF81F, 0xF81F, 0xF81F, 0xF81F, 0xF81F, 0xF81F,
  0xF81F, 0xF81F, 0xF81F, 0xF81F, 0xF81F, 0xF81F, 0xF81F, 0xF81F, 0xF81F, 0xF81F, 0xF81F, 0xF81F,
  0xF81F, 0xF81F, 0xF81F, 0xF81F, 0xF81F, 0xF81F, 0xF81F, 0xF81F, 0xF81F, 0xF81F, 0xF81F, 0xF81F,
  0xF81F, 0xF81F, 0xF81F, 0xF81F, 0xF81F, 0xF81F, 0xF81F, 0xF81F, 0xF81F, 0xF81F, 0xF81F, 0xF81F,
  0xF81F, 0xF81F, 0xF81F, 0xF81F, 0xF81F, 0xF81F, 0xF81F, 0xF81F, 0xF81F, 0xF81F, 0xF81F, 0xF81F,
  0xF81F, 0xF81F, 0xF81F, 0xF81F, 0xF81F, 0xF81F, 0xF81F, 0xF81F, 0xF81F, 0xF81F, 0xF81F, 0xF81F,
  0xF81F, 0xF81F, 0xF81F, 0xF81F, 0xF81F, 0xF81F, 0xF81F, 0xF81F, 0xF81F, 0xF81F, 0xF81F, 0xF81F,
  0xF81F, 0xF81F, 0xF81F, 0xF81F, 0xF81F, 0xF81F, 0xF81F, 0xF81F, 0xF81F, 0xF81F, 0xF81F, 0xF81F,
  0xF81F, 0xF81F, 0xF81F, 0xF81F, 0xF81F, 0xF81F, 0xF81F, 0xF81F, 0xF81F, 0xF81F, 0xF81F, 0xF81F,
  0xF81F, 0xF81F, 0xF81F, 0xF81F, 0xF81F, 0xF81F, 0xF81F, 0xF81F, 0xF81F, 0xF81F, 0xF81F, 0xF81F,
  0xF81F, 0xF81F, 0xF81F, 0xF81F, 0xF81F, 0xF81F, 0xF81F, 0xF81F, 0xF81F, 0xF81F, 0xF81F, 0xF81F,
  0xF81F, 0xF81F, 0xF81F, 0xF81F, 0xF81F, 0xF81F, 0xF81F, 0xF81F, 0xF81F, 0xF81F, 0xF81F, 0xF81F,
  0xF81F, 0xF81F, 0xF81F, 0xF81F, 0xF81F, 0xF81F, 0xF81F, 0xF81F, 0xF81F, 0xF81F, 0xF81F, 0xF81F,
  0xF81F, 0xF81F, 0xF81F, 0xF81F, 0xF81F, 0xF81F, 0xF81F, 0xF81F, 0xF81F, 0xF81F, 0xF81F, 0xF81F,
  0xF81F, 0xF81F, 0xF81F, 0xF81F, 0xF81F, 0xF81F, 0xF81F, 0xF81F, 0xF81F, 0xF81F, 0xF81F, 0xF81F,
  0xF81F, 0xF81F, 0xF81F, 0xF81F, 0xF81F, 0xB258, 0x84B3, 0x5B2E, 0x422B, 0x52AC, 0x52CD, 0x52CD,
  0x52ED, 0x52ED, 0x5B0E, 0x52EE, 0x52ED, 0x5B0E, 0x5B0E, 0x5B0E, 0x52ED, 0x4AAC, 0x422A, 0x3A2A,
  0x422A, 0x3A2A, 0x4A6B, 0x52CD, 0x52CD, 0x52ED, 0x5B0D, 0x4AAC, 0x4AAC, 0x4A6C, 0x4A8C, 0x3A0A,
  0x3A0A, 0x3A2A, 0x424B, 0x31C9, 0x31C9, 0x3269, 0x59CD, 0xF81F, 0xF81F, 0xF81F, 0xF81F, 0xF81F,
  0xF81F, 0xF81F, 0xF81F, 0xF81F, 0xF81F, 0xF81F, 0xF81F, 0xF81F, 0xF81F, 0xF81F, 0xF81F, 0xF81F,
  0xF81F, 0xF81F, 0xF81F, 0xF81F, 0xF81F, 0xF81F, 0xF81F, 0xF81F, 0xF81F, 0xF81F, 0xF81F, 0xF81F,
  0xF81F, 0xF81F, 0xF81F, 0xF81F, 0xF81F, 0xF81F, 0xF81F, 0xF81F, 0xF81F, 0xF81F, 0xF81F, 0xF81F,
  0xF81F, 0xF81F, 0xF81F, 0xF81F, 0xF81F, 0xF81F, 0xF81F, 0xF81F, 0xF81F, 0xF81F, 0xF81F, 0xF81F,
  0xF81F, 0xF81F, 0xF81F, 0xF81F, 0xF81F, 0xF81F, 0xF81F, 0xF81F, 0xF81F, 0xF81F, 0xF81F, 0xF81F,
  0xF81F, 0xF81F, 0xF81F, 0xF81F, 0xF81F, 0xF81F, 0xF81F, 0xF81F, 0xF81F, 0xF81F, 0xF81F, 0xF81F,
  0xF81F, 0xF81F, 0xF81F, 0xF81F, 0xF81F, 0xF81F, 0xF81F, 0xF81F, 0xF81F, 0xF81F, 0xF81F, 0xF81F,
  0xF81F, 0xF81F, 0xF81F, 0xF81F, 0xF81F, 0xF81F, 0xF81F, 0xF81F, 0xF81F, 0xF81F, 0xF81F, 0xF81F,
  0xF81F, 0xF81F, 0xF81F, 0xF81F, 0xF81F, 0xF81F, 0xF81F, 0xF81F, 0xF81F, 0xF81F, 0xF81F, 0xF81F,
  0xF81F, 0xF81F, 0xF81F, 0xF81F, 0xF81F, 0xF81F, 0xF81F, 0xF81F, 0xF81F, 0xF81F, 0xF81F, 0xF81F,
  0xF81F, 0xF81F, 0xF81F, 0xF81F, 0xF81F, 0xF81F, 0xF81F, 0xF81F, 0xF81F, 0xF81F, 0xF81F, 0xF81F,
  0xF81F, 0xF81F, 0xF81F, 0xF81F, 0xF81F, 0xF81F, 0xF81F, 0xF81F, 0xF81F, 0xF81F, 0xF81F, 0xF81F,
  0xF81F, 0xF81F, 0xF81F, 0xF81F, 0xF81F, 0xF81F, 0xF81F, 0xF81F, 0xF81F, 0xF81F, 0xF81F, 0xF81F,
  0xF81F, 0xF81F, 0xF81F, 0xF81F, 0xF81F, 0xF81F, 0xF81F, 0xF81F, 0xF81F, 0xF81F, 0xF81F, 0xF81F,
  0xF81F, 0xF81F, 0xF81F, 0xF81F, 0xF81F, 0xF81F, 0xF81F, 0xF81F, 0xF81F, 0xF81F, 0xF81F, 0xF81F,
  0xF81F, 0xF81F, 0xF81F, 0xF81F, 0xF81F, 0xF81F, 0xF81F, 0xF81F, 0xF81F, 0xF81F, 0xF81F, 0xF81F,
  0xF81F, 0xF81F, 0xF81F, 0xF81F, 0x9B35, 0x7471, 0x52AC, 0x4A8C, 0x5B0E, 0x52CD, 0x52CD, 0x52ED,
  0x5B2E, 0x5B2E, 0x5B0E, 0x5B0E, 0x52ED, 0x4AAC, 0x31C8, 0x18E4, 0x0041, 0x0021, 0x0862, 0x10A3,
  0x10A3, 0x0882, 0x0861, 0x0841, 0x10A3, 0x2987, 0x422A, 0x4A8C, 0x4AAC, 0x52AC, 0x426B, 0x3A2A,
  0x424B, 0x424B, 0x3A0A, 0x31E9, 0x39E9, 0x31A9, 0x3229, 0x420A, 0xB897, 0xF81F, 0xF81F, 0xF81F,
  0xF81F, 0xF81F, 0xF81F, 0xF81F, 0xF81F, 0xF81F, 0xF81F, 0xF81F, 0xF81F, 0xF81F, 0xF81F, 0xF81F,
  0xF81F, 0xF81F, 0xF81F, 0xF81F, 0xF81F, 0xF81F, 0xF81F, 0xF81F, 0xF81F, 0xF81F, 0xF81F, 0xF81F,
  0xF81F, 0xF81F, 0xF81F, 0xF81F, 0xF81F, 0xF81F, 0xF81F, 0xF81F, 0xF81F, 0xF81F, 0xF81F, 0xF81F,
  0xF81F, 0xF81F, 0xF81F, 0xF81F, 0xF81F, 0xF81F, 0xF81F, 0xF81F, 0xF81F, 0xF81F, 0xF81F, 0xF81F,
  0xF81F, 0xF81F, 0xF81F, 0xF81F, 0xF81F, 0xF81F, 0xF81F, 0xF81F, 0xF81F, 0xF81F, 0xF81F, 0xF81F,
  0xF81F, 0xF81F, 0xF81F, 0xF81F, 0xF81F, 0xF81F, 0xF81F, 0xF81F, 0xF81F, 0xF81F, 0xF81F, 0xF81F,
  0xF81F, 0xF81F, 0xF81F, 0xF81F, 0xF81F, 0xF81F, 0xF81F, 0xF81F, 0xF81F, 0xF81F, 0xF81F, 0xF81F,
  0xF81F, 0xF81F, 0xF81F, 0xF81F, 0xF81F, 0xF81F, 0xF81F, 0xF81F, 0xF81F, 0xF81F, 0xF81F, 0xF81F,
  0xF81F, 0xF81F, 0xF81F, 0xF81F, 0xF81F, 0xF81F, 0xF81F, 0xF81F, 0xF81F, 0xF81F, 0xF81F, 0xF81F,
  0xF81F, 0xF81F, 0xF81F, 0xF81F, 0xF81F, 0xF81F, 0xF81F, 0xF81F, 0xF81F, 0xF81F, 0xF81F, 0xF81F,
  0xF81F, 0xF81F, 0xF81F, 0xF81F, 0xF81F, 0xF81F, 0xF81F, 0xF81F, 0xF81F, 0xF81F, 0xF81F, 0xF81F,
  0xF81F, 0xF81F, 0xF81F, 0xF81F, 0xF81F, 0xF81F, 0xF81F, 0xF81F, 0xF81F, 0xF81F, 0xF81F, 0xF81F,
  0xF81F, 0xF81F, 0xF81F, 0xF81F, 0xF81F, 0xF81F, 0xF81F, 0xF81F, 0xF81F, 0xF81F, 0xF81F, 0xF81F,
  0xF81F, 0xF81F, 0xF81F, 0xF81F, 0xF81F, 0xF81F, 0xF81F, 0xF81F, 0xF81F, 0xF81F, 0xF81F, 0xF81F,
  0xF81F, 0xF81F, 0xF81F, 0xF81F, 0xF81F, 0xF81F, 0xF81F, 0xF81F, 0xF81F, 0xF81F, 0xF81F, 0xF81F,
  0xF81F, 0xF81F, 0xF81F, 0xF81F, 0xF81F, 0xF81F, 0xF81F, 0xF81F, 0xF81F, 0xF81F, 0xF81F, 0xF81F,
  0xF81F, 0xF81F, 0xF81F, 0x8B93, 0x63CF, 0x4A8C, 0x4A8C, 0x52CD, 0x52ED, 0x5AED, 0x5B0E, 0x52ED,
  0x52ED, 0x5B2E, 0x5B0E, 0x52ED, 0x31C8, 0x0842, 0x0021, 0x2986, 0x632D, 0x7C12, 0x8C73, 0x8473,
  0x8433, 0x7C12, 0x73D1, 0x5B0D, 0x29A8, 0x0842, 0x0021, 0x2167, 0x426B, 0x4A8B, 0x3A2A, 0x4A6B,
  0x3A2A, 0x426B, 0x3A09, 0x31E9, 0x31E9, 0x3A0A, 0x39EA, 0x31C8, 0x3A4A, 0xA0D4, 0xF81F, 0xF81F,
  0xF81F, 0xF81F, 0xF81F, 0xF81F, 0xF81F, 0xF81F, 0xF81F, 0xF81F, 0xF81F, 0xF81F, 0xF81F, 0xF81F,
  0xF81F, 0xF81F, 0xF81F, 0xF81F, 0xF81F, 0xF81F, 0xF81F, 0xF81F, 0xF81F, 0xF81F, 0xF81F, 0xF81F,
  0xF81F, 0xF81F, 0xF81F, 0xF81F, 0xF81F, 0xF81F, 0xF81F, 0xF81F, 0xF81F, 0xF81F, 0xF81F, 0xF81F,
  0xF81F, 0xF81F, 0xF81F, 0xF81F, 0xF81F, 0xF81F, 0xF81F, 0xF81F, 0xF81F, 0xF81F, 0xF81F, 0xF81F,
  0xF81F, 0xF81F, 0xF81F, 0xF81F, 0xF81F, 0xF81F, 0xF81F, 0xF81F, 0xF81F, 0xF81F, 0xF81F, 0xF81F,
  0xF81F, 0xF81F, 0xF81F, 0xF81F, 0xF81F, 0xF81F, 0xF81F, 0xF81F, 0xF81F, 0xF81F, 0xF81F, 0xF81F,
  0xF81F, 0xF81F, 0xF81F, 0xF81F, 0xF81F, 0xF81F, 0xF81F, 0xF81F, 0xF81F, 0xF81F, 0xF81F, 0xF81F,
  0xF81F, 0xF81F, 0xF81F, 0xF81F, 0xF81F, 0xF81F, 0xF81F, 0xF81F, 0xF81F, 0xF81F, 0xF81F, 0xF81F,
  0xF81F, 0xF81F, 0xF81F, 0xF81F, 0xF81F, 0xF81F, 0xF81F, 0xF81F, 0xF81F, 0xF81F, 0xF81F, 0xF81F,
  0xF81F, 0xF81F, 0xF81F, 0xF81F, 0xF81F, 0xF81F, 0xF81F, 0xF81F, 0xF81F, 0xF81F, 0xF81F, 0xF81F,
  0xF81F, 0xF81F, 0xF81F, 0xF81F, 0xF81F, 0xF81F, 0xF81F, 0xF81F, 0xF81F, 0xF81F, 0xF81F, 0xF81F,
  0xF81F, 0xF81F, 0xF81F, 0xF81F, 0xF81F, 0xF81F, 0xF81F, 0xF81F, 0xF81F, 0xF81F, 0xF81F, 0xF81F,
  0xF81F, 0xF81F, 0xF81F, 0xF81F, 0xF81F, 0xF81F, 0xF81F, 0xF81F, 0xF81F, 0xF81F, 0xF81F, 0xF81F,
  0xF81F, 0xF81F, 0xF81F, 0xF81F, 0xF81F, 0xF81F, 0xF81F, 0xF81F, 0xF81F, 0xF81F, 0xF81F, 0xF81F,
  0xF81F, 0xF81F, 0xF81F, 0xF81F, 0xF81F, 0xF81F, 0xF81F, 0xF81F, 0xF81F, 0xF81F, 0xF81F, 0xF81F,
  0xF81F, 0xF81F, 0xF81F, 0xF81F, 0xF81F, 0xF81F, 0xF81F, 0xF81F, 0xF81F, 0xF81F, 0xF81F, 0xF81F,
  0xF81F, 0xB918, 0x7BD1, 0x530D, 0x422B, 0x4AAC, 0x4AAC, 0x4A8B, 0x4AAC, 0x52ED, 0x52CD, 0x5B0E,
  0x52CD, 0x52ED, 0x424B, 0x1905, 0x0000, 0x39E8, 0x8432, 0x94B4, 0x7BF1, 0x5AED, 0x4A8B, 0x424B,
  0x424B, 0x4A8C, 0x52CD, 0x5B2E, 0x6BB1, 0x6370, 0x31C8, 0x0021, 0x10A4, 0x31C8, 0x4A8C, 0x426B,
  0x422A, 0x4A8C, 0x3A0A, 0x31C9, 0x31E9, 0x3A0A, 0x31E9, 0x39E9, 0x422A, 0x3249, 0x8911, 0xF81F,
  0xF81F, 0xF81F, 0xF81F, 0xF81F, 0xF81F, 0xF81F, 0xF81F, 0xF81F, 0xF81F, 0xF81F, 0xF81F, 0xF81F,
  0xF81F, 0xF81F, 0xF81F, 0xF81F, 0xF81F, 0xF81F, 0xF81F, 0xF81F, 0xF81F, 0xF81F, 0xF81F, 0xF81F,
  0xF81F, 0xF81F, 0xF81F, 0xF81F, 0xF81F, 0xF81F, 0xF81F, 0xF81F, 0xF81F, 0xF81F, 0xF81F, 0xF81F,
  0xF81F, 0xF81F, 0xF81F, 0xF81F, 0xF81F, 0xF81F, 0xF81F, 0xF81F, 0xF81F, 0xF81F, 0xF81F, 0xF81F,
  0xF81F, 0xF81F, 0xF81F, 0xF81F, 0xF81F, 0xF81F, 0xF81F, 0xF81F, 0xF81F, 0xF81F, 0xF81F, 0xF81F,
  0xF81F, 0xF81F, 0xF81F, 0xF81F, 0xF81F, 0xF81F, 0xF81F, 0xF81F, 0xF81F, 0xF81F, 0xF81F, 0xF81F,
  0xF81F, 0xF81F, 0xF81F, 0xF81F, 0xF81F, 0xF81F, 0xF81F, 0xF81F, 0xF81F, 0xF81F, 0xF81F, 0xF81F,
  0xF81F, 0xF81F, 0xF81F, 0xF81F, 0xF81F, 0xF81F, 0xF81F, 0xF81F, 0xF81F, 0xF81F, 0xF81F, 0xF81F,
  0xF81F, 0xF81F, 0xF81F, 0xF81F, 0xF81F, 0xF81F, 0xF81F, 0xF81F, 0xF81F, 0xF81F, 0xF81F, 0xF81F,
  0xF81F, 0xF81F, 0xF81F, 0xF81F, 0xF81F, 0xF81F, 0xF81F, 0xF81F, 0xF81F, 0xF81F, 0xF81F, 0xF81F,
  0xF81F, 0xF81F, 0xF81F, 0xF81F, 0xF81F, 0xF81F, 0xF81F, 0xF81F, 0xF81F, 0xF81F, 0xF81F, 0xF81F,
  0xF81F, 0xF81F, 0xF81F, 0xF81F, 0xF81F, 0xF81F, 0xF81F, 0xF81F, 0xF81F, 0xF81F, 0xF81F, 0xF81F,
  0xF81F, 0xF81F, 0xF81F, 0xF81F, 0xF81F, 0xF81F, 0xF81F, 0xF81F, 0xF81F, 0xF81F, 0xF81F, 0xF81F,
  0xF81F, 0xF81F, 0xF81F, 0xF81F, 0xF81F, 0xF81F, 0xF81F, 0xF81F, 0xF81F, 0xF81F, 0xF81F, 0xF81F,
  0xF81F, 0xF81F, 0xF81F, 0xF81F, 0xF81F, 0xF81F, 0xF81F, 0xF81F, 0xF81F, 0xF81F, 0xF81F, 0xF81F,
  0xF81F, 0xF81F, 0xF81F, 0xF81F, 0xF81F, 0xF81F, 0xF81F, 0xF81F, 0xF81F, 0xF81F, 0xF81F, 0xF81F,
  0xB237, 0x7451, 0x52CC, 0x528C, 0x4AAC, 0x4A8C, 0x4AAC, 0x52CD, 0x52ED, 0x52CD, 0x5B0E, 0x52CD,
  0x5AED, 0x422A, 0x0883, 0x0861, 0x6B8F, 0x8CB4, 0x5AED, 0x3A0A, 0x3A09, 0x3A2A, 0x424B, 0x4A6B,
  0x424B, 0x422A, 0x3A2A, 0x422A, 0x3A2A, 0x426B, 0x5B50, 0x5AEE, 0x10A3, 0x0842, 0x39E9, 0x4A6B,
  0x4A8B, 0x424A, 0x31E9, 0x3A09, 0x3A09, 0x3A09, 0x3A0A, 0x3A2A, 0x39E9, 0x3A0A, 0x3248, 0x718F,
  0xF81F, 0xF81F, 0xF81F, 0xF81F, 0xF81F, 0xF81F, 0xF81F, 0xF81F, 0xF81F, 0xF81F, 0xF81F, 0xF81F,
  0xF81F, 0xF81F, 0xF81F, 0xF81F, 0xF81F, 0xF81F, 0xF81F, 0xF81F, 0xF81F, 0xF81F, 0xF81F, 0xF81F,
  0xF81F, 0xF81F, 0xF81F, 0xF81F, 0xF81F, 0xF81F, 0xF81F, 0xF81F, 0xF81F, 0xF81F, 0xF81F, 0xF81F,
  0xF81F, 0xF81F, 0xF81F, 0xF81F, 0xF81F, 0xF81F, 0xF81F, 0xF81F, 0xF81F, 0xF81F, 0xF81F, 0xF81F,
  0xF81F, 0xF81F, 0xF81F, 0xF81F, 0xF81F, 0xF81F, 0xF81F, 0xF81F, 0xF81F, 0xF81F, 0xF81F, 0xF81F,
  0xF81F, 0xF81F, 0xF81F, 0xF81F, 0xF81F, 0xF81F, 0xF81F, 0xF81F, 0xF81F, 0xF81F, 0xF81F, 0xF81F,
  0xF81F, 0xF81F, 0xF81F, 0xF81F, 0xF81F, 0xF81F, 0xF81F, 0xF81F, 0xF81F, 0xF81F, 0xF81F, 0xF81F,
  0xF81F, 0xF81F, 0xF81F, 0xF81F, 0xF81F, 0xF81F, 0xF81F, 0xF81F, 0xF81F, 0xF81F, 0xF81F, 0xF81F,
  0xF81F, 0xF81F, 0xF81F, 0xF81F, 0xF81F, 0xF81F, 0xF81F, 0xF81F, 0xF81F, 0xF81F, 0xF81F, 0xF81F,
  0xF81F, 0xF81F, 0xF81F, 0xF81F, 0xF81F, 0xF81F, 0xF81F, 0xF81F, 0xF81F, 0xF81F, 0xF81F, 0xF81F,
  0xF81F, 0xF81F, 0xF81F, 0xF81F, 0xF81F, 0xF81F, 0xF81F, 0xF81F, 0xF81F, 0xF81F, 0xF81F, 0xF81F,
  0xF81F, 0xF81F, 0xF81F, 0xF81F, 0xF81F, 0xF81F, 0xF81F, 0xF81F, 0xF81F, 0xF81F, 0xF81F, 0xF81F,
  0xF81F, 0xF81F, 0xF81F, 0xF81F, 0xF81F, 0xF81F, 0xF81F, 0xF81F, 0xF81F, 0xF81F, 0xF81F, 0xF81F,
  0xF81F, 0xF81F, 0xF81F, 0xF81F, 0xF81F, 0xF81F, 0xF81F, 0xF81F, 0xF81F, 0xF81F, 0xF81F, 0xF81F,
  0xF81F, 0xF81F, 0xF81F, 0xF81F, 0xF81F, 0xF81F, 0xF81F, 0xF81F, 0xF81F, 0xF81F, 0xF81F, 0xF81F,
  0xF81F, 0xF81F, 0xF81F, 0xF81F, 0xF81F, 0xF81F, 0xF81F, 0xF81F, 0xF81F, 0xF81F, 0xF81F, 0xA355,
  0x6C30, 0x528C, 0x424B, 0x426B, 0x426B, 0x4A8C, 0x4AAC, 0x4AAC, 0x4AAC, 0x52CD, 0x52ED, 0x5B0E,
  0x424B, 0x0862, 0x18C3, 0x8C93, 0x73D1, 0x3A2A, 0x3A2A, 0x422A, 0x426B, 0x4A6B, 0x424A, 0x3A2A,
  0x424B, 0x422A, 0x424B, 0x426B, 0x422A, 0x422A, 0x422A, 0x4AAD, 0x4A8C, 0x18E4, 0x0841, 0x39E9,
  0x4A8C, 0x3A09, 0x3A09, 0x3A09, 0x31E9, 0x39E9, 0x39E9, 0x3A09, 0x3A0A, 0x39E9, 0x420A, 0x3A69,
  0x51EC, 0xF81F, 0xF81F, 0xF81F, 0xF81F, 0xF81F, 0xF81F, 0xF81F, 0xF81F, 0xF81F, 0xF81F, 0xF81F,
  0xF81F, 0xF81F, 0xF81F, 0xF81F, 0xF81F, 0xF81F, 0xF81F, 0xF81F, 0xF81F, 0xF81F, 0xF81F, 0xF81F,
  0xF81F, 0xF81F, 0xF81F, 0xF81F, 0xF81F, 0xF81F, 0xF81F, 0xF81F, 0xF81F, 0xF81F, 0xF81F, 0xF81F,
  0xF81F, 0xF81F, 0xF81F, 0xF81F, 0xF81F, 0xF81F, 0xF81F, 0xF81F, 0xF81F, 0xF81F, 0xF81F, 0xF81F,
  0xF81F, 0xF81F, 0xF81F, 0xF81F, 0xF81F, 0xF81F, 0xF81F, 0xF81F, 0xF81F, 0xF81F, 0xF81F, 0xF81F,
  0xF81F, 0xF81F, 0xF81F, 0xF81F, 0xF81F, 0xF81F, 0xF81F, 0xF81F, 0xF81F, 0xF81F, 0xF81F, 0xF81F,
  0xF81F, 0xF81F, 0xF81F, 0xF81F, 0xF81F, 0xF81F, 0xF81F, 0xF81F, 0xF81F, 0xF81F, 0xF81F, 0xF81F,
  0xF81F, 0xF81F, 0xF81F, 0xF81F, 0xF81F, 0xF81F, 0xF81F, 0xF81F, 0xF81F, 0xF81F, 0xF81F, 0xF81F,
  0xF81F, 0xF81F, 0xF81F, 0xF81F, 0xF81F, 0xF81F, 0xF81F, 0xF81F, 0xF81F, 0xF81F, 0xF81F, 0xF81F,
  0xF81F, 0xF81F, 0xF81F, 0xF81F, 0xF81F, 0xF81F, 0xF81F, 0xF81F, 0xF81F, 0xF81F, 0xF81F, 0xF81F,
  0xF81F, 0xF81F, 0xF81F, 0xF81F, 0xF81F, 0xF81F, 0xF81F, 0xF81F, 0xF81F, 0xF81F, 0xF81F, 0xF81F,
  0xF81F, 0xF81F, 0xF81F, 0xF81F, 0xF81F, 0xF81F, 0xF81F, 0xF81F, 0xF81F, 0xF81F, 0xF81F, 0xF81F,
  0xF81F, 0xF81F, 0xF81F, 0xF81F, 0xF81F, 0xF81F, 0xF81F, 0xF81F, 0xF81F, 0xF81F, 0xF81F, 0xF81F,
  0xF81F, 0xF81F, 0xF81F, 0xF81F, 0xF81F, 0xF81F, 0xF81F, 0xF81F, 0xF81F, 0xF81F, 0xF81F, 0xF81F,
  0xF81F, 0xF81F, 0xF81F, 0xF81F, 0xF81F, 0xF81F, 0xF81F, 0xF81F, 0xF81F, 0xF81F, 0xF81F, 0xF81F,
  0xF81F, 0xF81F, 0xF81F, 0xF81F, 0xF81F, 0xF81F, 0xF81F, 0xF81F, 0xF81F, 0xF81F, 0x8C54, 0x63D0,
  0x4A6C, 0x4A6B, 0x424B, 0x4A6B, 0x4A6B, 0x4A8C, 0x4A8C, 0x4AAC, 0x4AAD, 0x52CD, 0x52ED, 0x4A8C,
  0x10C4, 0x1082, 0x7C11, 0x5B2E, 0x3A0A, 0x424B, 0x424B, 0x3A2A, 0x422A, 0x3A2A, 0x3A0A, 0x3A0A,
  0x3A0A, 0x3A0A, 0x3A2A, 0x422A, 0x3A0A, 0x422A, 0x426B, 0x39E9, 0x3A09, 0x424A, 0x18C3, 0x0862,
  0x422A, 0x424B, 0x422A, 0x39E9, 0x3A09, 0x31E9, 0x3A0A, 0x31E9, 0x39E9, 0x3A0A, 0x39E9, 0x39EA,
  0x426B, 0x3209, 0x8912, 0xF81F, 0xF81F, 0xF81F, 0xF81F, 0xF81F, 0xF81F, 0xF81F, 0xF81F, 0xF81F,
  0xF81F, 0xF81F, 0xF81F, 0xF81F, 0xF81F, 0xF81F, 0xF81F, 0xF81F, 0xF81F, 0xF81F, 0xF81F, 0xF81F,
  0xF81F, 0xF81F, 0xF81F, 0xF81F, 0xF81F, 0xF81F, 0xF81F, 0xF81F, 0xF81F, 0xF81F, 0xF81F, 0xF81F,
  0xF81F, 0xF81F, 0xF81F, 0xF81F, 0xF81F, 0xF81F, 0xF81F, 0xF81F, 0xF81F, 0xF81F, 0xF81F, 0xF81F,
  0xF81F, 0xF81F, 0xF81F, 0xF81F, 0xF81F, 0xF81F, 0xF81F, 0xF81F, 0xF81F, 0xF81F, 0xF81F, 0xF81F,
  0xF81F, 0xF81F, 0xF81F, 0xF81F, 0xF81F, 0xF81F, 0xF81F, 0xF81F, 0xF81F, 0xF81F, 0xF81F, 0xF81F,
  0xF81F, 0xF81F, 0xF81F, 0xF81F, 0xF81F, 0xF81F, 0xF81F, 0xF81F, 0xF81F, 0xF81F, 0xF81F, 0xF81F,
  0xF81F, 0xF81F, 0xF81F, 0xF81F, 0xF81F, 0xF81F, 0xF81F, 0xF81F, 0xF81F, 0xF81F, 0xF81F, 0xF81F,
  0xF81F, 0xF81F, 0xF81F, 0xF81F, 0xF81F, 0xF81F, 0xF81F, 0xF81F, 0xF81F, 0xF81F, 0xF81F, 0xF81F,
  0xF81F, 0xF81F, 0xF81F, 0xF81F, 0xF81F, 0xF81F, 0xF81F, 0xF81F, 0xF81F, 0xF81F, 0xF81F, 0xF81F,
  0xF81F, 0xF81F, 0xF81F, 0xF81F, 0xF81F, 0xF81F, 0xF81F, 0xF81F, 0xF81F, 0xF81F, 0xF81F, 0xF81F,
  0xF81F, 0xF81F, 0xF81F, 0xF81F, 0xF81F, 0xF81F, 0xF81F, 0xF81F, 0xF81F, 0xF81F, 0xF81F, 0xF81F,
  0xF81F, 0xF81F, 0xF81F, 0xF81F, 0xF81F, 0xF81F, 0xF81F, 0xF81F, 0xF81F, 0xF81F, 0xF81F, 0xF81F,
  0xF81F, 0xF81F, 0xF81F, 0xF81F, 0xF81F, 0xF81F, 0xF81F, 0xF81F, 0xF81F, 0xF81F, 0xF81F, 0xF81F,
  0xF81F, 0xF81F, 0xF81F, 0xF81F, 0xF81F, 0xF81F, 0xF81F, 0xF81F, 0xF81F, 0xF81F, 0xF81F, 0xF81F,
  0xF81F, 0xF81F, 0xF81F, 0xF81F, 0xF81F, 0xF81F, 0xF81F, 0xF81F, 0xB398, 0x7472, 0x5B2E, 0x4A6C,
  0x52CD, 0x4AAC, 0x4A8C, 0x4A8C, 0x424B, 0x4A6B, 0x52AC, 0x52CD, 0x52CD, 0x52CD, 0x52AC, 0x2146,
  0x0020, 0x6B8F, 0x634F, 0x3A0A, 0x424B, 0x3A2A, 0x422A, 0x3A0A, 0x3A2A, 0x422A, 0x422A, 0x422A,
  0x3A2A, 0x424A, 0x422A, 0x3A2A, 0x424B, 0x426B, 0x3A2A, 0x39E9, 0x3A09, 0x3A2A, 0x39E9, 0x0862,
  0x1905, 0x426B, 0x3A2A, 0x39E9, 0x31E9, 0x31E9, 0x31C9, 0x31C8, 0x31E9, 0x3A0A, 0x3A0A, 0x422B,
  0x420A, 0x424B, 0x3269, 0x5A0D, 0xB8D7, 0xF81F, 0xF81F, 0xF81F, 0xF81F, 0xF81F, 0xF81F, 0xF81F,
  0xF81F, 0xF81F, 0xF81F, 0xF81F, 0xF81F, 0xF81F, 0xF81F, 0xF81F, 0xF81F, 0xF81F, 0xF81F, 0xF81F,
  0xF81F, 0xF81F, 0xF81F, 0xF81F, 0xF81F, 0xF81F, 0xF81F, 0xF81F, 0xF81F, 0xF81F, 0xF81F, 0xF81F,
  0xF81F, 0xF81F, 0xF81F, 0xF81F, 0xF81F, 0xF81F, 0xF81F, 0xF81F, 0xF81F, 0xF81F, 0xF81F, 0xF81F,
  0xF81F, 0xF81F, 0xF81F, 0xF81F, 0xF81F, 0xF81F, 0xF81F, 0xF81F, 0xF81F, 0xF81F, 0xF81F, 0xF81F,
  0xF81F, 0xF81F, 0xF81F, 0xF81F, 0xF81F, 0xF81F, 0xF81F, 0xF81F, 0xF81F, 0xF81F, 0xF81F, 0xF81F,
  0xF81F, 0xF81F, 0xF81F, 0xF81F, 0xF81F, 0xF81F, 0xF81F, 0xF81F, 0xF81F, 0xF81F, 0xF81F, 0xF81F,
  0xF81F, 0xF81F, 0xF81F, 0xF81F, 0xF81F, 0xF81F, 0xF81F, 0xF81F, 0xF81F, 0xF81F, 0xF81F, 0xF81F,
  0xF81F, 0xF81F, 0xF81F, 0xF81F, 0xF81F, 0xF81F, 0xF81F, 0xF81F, 0xF81F, 0xF81F, 0xF81F, 0xF81F,
  0xF81F, 0xF81F, 0xF81F, 0xF81F, 0xF81F, 0xF81F, 0xF81F, 0xF81F, 0xF81F, 0xF81F, 0xF81F, 0xF81F,
  0xF81F, 0xF81F, 0xF81F, 0xF81F, 0xF81F, 0xF81F, 0xF81F, 0xF81F, 0xF81F, 0xF81F, 0xF81F, 0xF81F,
  0xF81F, 0xF81F, 0xF81F, 0xF81F, 0xF81F, 0xF81F, 0xF81F, 0xF81F, 0xF81F, 0xF81F, 0xF81F, 0xF81F,
  0xF81F, 0xF81F, 0xF81F, 0xF81F, 0xF81F, 0xF81F, 0xF81F, 0xF81F, 0xF81F, 0xF81F, 0xF81F, 0xF81F,
  0xF81F, 0xF81F, 0xF81F, 0xF81F, 0xF81F, 0xF81F, 0xF81F, 0xF81F, 0xF81F, 0xF81F, 0xF81F, 0xF81F,
  0xF81F, 0xF81F, 0xF81F, 0xF81F, 0xF81F, 0xF81F, 0xF81F, 0xF81F, 0xF81F, 0xF81F, 0xF81F, 0xF81F,
  0xF81F, 0xF81F, 0xF81F, 0xF81F, 0xF81F, 0xF81F, 0xCB5A, 0x94B4, 0x63AF, 0x4A6C, 0x4A4B, 0x424B,
  0x4A6B, 0x4A8B, 0x4A8B, 0x4A6B, 0x4A8C, 0x4A8B, 0x52AC, 0x52CD, 0x52ED, 0x52ED, 0x4A6B, 0x0021,
  0x4249, 0x6BB0, 0x3A09, 0x422A, 0x3A09, 0x3A0A, 0x39E9, 0x3A09, 0x3A2A, 0x422A, 0x422A, 0x424B,
  0x424B, 0x3A2A, 0x3A2A, 0x3A0A, 0x3A09, 0x3A09, 0x3A2A, 0x422A, 0x3A2A, 0x3A09, 0x39E9, 0x2966,
  0x0841, 0x3A09, 0x424B, 0x39E9, 0x31E9, 0x31A8, 0x3A09, 0x31E9, 0x31E9, 0x3A0A, 0x422A, 0x3A2A,
  0x3A0A, 0x422A, 0x422B, 0x428B, 0x3A6A, 0x69AF, 0xF81F, 0xF81F, 0xF81F, 0xF81F, 0xF81F, 0xF81F,
  0xF81F, 0xF81F, 0xF81F, 0xF81F, 0xF81F, 0xF81F, 0xF81F, 0xF81F, 0xF81F, 0xF81F, 0xF81F, 0xF81F,
  0xF81F, 0xF81F, 0xF81F, 0xF81F, 0xF81F, 0xF81F, 0xF81F, 0xF81F, 0xF81F, 0xF81F, 0xF81F, 0xF81F,
  0xF81F, 0xF81F, 0xF81F, 0xF81F, 0xF81F, 0xF81F, 0xF81F, 0xF81F, 0xF81F, 0xF81F, 0xF81F, 0xF81F,
  0xF81F, 0xF81F, 0xF81F, 0xF81F, 0xF81F, 0xF81F, 0xF81F, 0xF81F, 0xF81F, 0xF81F, 0xF81F, 0xF81F,
  0xF81F, 0xF81F, 0xF81F, 0xF81F, 0xF81F, 0xF81F, 0xF81F, 0xF81F, 0xF81F, 0xF81F, 0xF81F, 0xF81F,
  0xF81F, 0xF81F, 0xF81F, 0xF81F, 0xF81F, 0xF81F, 0xF81F, 0xF81F, 0xF81F, 0xF81F, 0xF81F, 0xF81F,
  0xF81F, 0xF81F, 0xF81F, 0xF81F, 0xF81F, 0xF81F, 0xF81F, 0xF81F, 0xF81F, 0xF81F, 0xF81F, 0xF81F,
  0xF81F, 0xF81F, 0xF81F, 0xF81F, 0xF81F, 0xF81F, 0xF81F, 0xF81F, 0xF81F, 0xF81F, 0xF81F, 0xF81F,
  0xF81F, 0xF81F, 0xF81F, 0xF81F, 0xF81F, 0xF81F, 0xF81F, 0xF81F, 0xF81F, 0xF81F, 0xF81F, 0xF81F,
  0xF81F, 0xF81F, 0xF81F, 0xF81F, 0xF81F, 0xF81F, 0xF81F, 0xF81F, 0xF81F, 0xF81F, 0xF81F, 0xF81F,
  0xF81F, 0xF81F, 0xF81F, 0xF81F, 0xF81F, 0xF81F, 0xF81F, 0xF81F, 0xF81F, 0xF81F, 0xF81F, 0xF81F,
  0xF81F, 0xF81F, 0xF81F, 0xF81F, 0xF81F, 0xF81F, 0xF81F, 0xF81F, 0xF81F, 0xF81F, 0xF81F, 0xF81F,
  0xF81F, 0xF81F, 0xF81F, 0xF81F, 0xF81F, 0xF81F, 0xF81F, 0xF81F, 0xF81F, 0xF81F, 0xF81F, 0xF81F,
  0xF81F, 0xF81F, 0xF81F, 0xF81F, 0xF81F, 0xF81F, 0xF81F, 0xF81F, 0xF81F, 0xF81F, 0xF81F, 0xF81F,
  0xF81F, 0xF81F, 0xF81F, 0xF81F, 0xCBBB, 0x9CD6, 0x63EF, 0x52CC, 0x4A4B, 0x4A8B, 0x4A8C, 0x4A8C,
  0x4A8C, 0x52CD, 0x52AC, 0x52CC, 0x52AC, 0x4A6B, 0x52AC, 0x4AAC, 0x52CD, 0x52CD, 0x2946, 0x0882,
  0x73B0, 0x4A6B, 0x422A, 0x424B, 0x3A2A, 0x39E9, 0x3A09, 0x3A2A, 0x3A2A, 0x3A2A, 0x3A2A, 0x39E9,
  0x3A09, 0x3A09, 0x3A2A, 0x3A09, 0x3A09, 0x3A0A, 0x422A, 0x3A0A, 0x3A09, 0x3A2A, 0x3A09, 0x31C8,
  0x1082, 0x2146, 0x4AAC, 0x3A09, 0x31C9, 0x31E9, 0x31C8, 0x31E9, 0x31C8, 0x3A2A, 0x3A2A, 0x31E9,
  0x424B, 0x3A0A, 0x3A2A, 0x3A0A, 0x424B, 0x3A4A, 0x428B, 0x7210, 0xB117, 0xF81F, 0xF81F, 0xF81F,
  0xF81F, 0xF81F, 0xF81F, 0xF81F, 0xF81F, 0xF81F, 0xF81F, 0xF81F, 0xF81F, 0xF81F, 0xF81F, 0xF81F,
  0xF81F, 0xF81F, 0xF81F, 0xF81F, 0xF81F, 0xF81F, 0xF81F, 0xF81F, 0xF81F, 0xF81F, 0xF81F, 0xF81F,
  0xF81F, 0xF81F, 0xF81F, 0xF81F, 0xF81F, 0xF81F, 0xF81F, 0xF81F, 0xF81F, 0xF81F, 0xF81F, 0xF81F,
  0xF81F, 0xF81F, 0xF81F, 0xF81F, 0xF81F, 0xF81F, 0xF81F, 0xF81F, 0xF81F, 0xF81F, 0xF81F, 0xF81F,
  0xF81F, 0xF81F, 0xF81F, 0xF81F, 0xF81F, 0xF81F, 0xF81F, 0xF81F, 0xF81F, 0xF81F, 0xF81F, 0xF81F,
  0xF81F, 0xF81F, 0xF81F, 0xF81F, 0xF81F, 0xF81F, 0xF81F, 0xF81F, 0xF81F, 0xF81F, 0xF81F, 0xF81F,
  0xF81F, 0xF81F, 0xF81F, 0xF81F, 0xF81F, 0xF81F, 0xF81F, 0xF81F, 0xF81F, 0xF81F, 0xF81F, 0xF81F,
  0xF81F, 0xF81F, 0xF81F, 0xF81F, 0xF81F, 0xF81F, 0xF81F, 0xF81F, 0xF81F, 0xF81F, 0xF81F, 0xF81F,
  0xF81F, 0xF81F, 0xF81F, 0xF81F, 0xF81F, 0xF81F, 0xF81F, 0xF81F, 0xF81F, 0xF81F, 0xF81F, 0xF81F,
  0xF81F, 0xF81F, 0xF81F, 0xF81F, 0xF81F, 0xF81F, 0xF81F, 0xF81F, 0xF81F, 0xF81F, 0xF81F, 0xF81F,
  0xF81F, 0xF81F, 0xF81F, 0xF81F, 0xF81F, 0xF81F, 0xF81F, 0xF81F, 0xF81F, 0xF81F, 0xF81F, 0xF81F,
  0xF81F, 0xF81F, 0xF81F, 0xF81F, 0xF81F, 0xF81F, 0xF81F, 0xF81F, 0xF81F, 0xF81F, 0xF81F, 0xF81F,
  0xF81F, 0xF81F, 0xF81F, 0xF81F, 0xF81F, 0xF81F, 0xF81F, 0xF81F, 0xF81F, 0xF81F, 0xF81F, 0xF81F,
  0xF81F, 0xF81F, 0xF81F, 0xF81F, 0xF81F, 0xF81F, 0xF81F, 0xF81F, 0xF81F, 0xF81F, 0xF81F, 0xF81F,
  0xF81F, 0xE35D, 0xBC99, 0x8CD4, 0x63CF, 0x4AAC, 0x52AD, 0x52CD, 0x4A8C, 0x4A6C, 0x52AC, 0x52AC,
  0x4A8C, 0x4A8B, 0x4A8B, 0x4A8C, 0x4A6B, 0x4A6B, 0x4A8C, 0x52CD, 0x52CC, 0x4A8B, 0x0862, 0x31C8,
  0x632E, 0x422A, 0x3A2A, 0x422A, 0x422A, 0x3A0A, 0x3A0A, 0x3A0A, 0x3A09, 0x3A2A, 0x3A2A, 0x3A0A,
  0x3A09, 0x31C8, 0x3A09, 0x3A09, 0x3A09, 0x3A2A, 0x3A09, 0x39E9, 0x39E9, 0x3A09, 0x39E9, 0x31C8,
  0x2125, 0x1082, 0x424B, 0x3A2A, 0x31E9, 0x31C8, 0x31C8, 0x31C8, 0x29A8, 0x3A2A, 0x31E9, 0x424A,
  0x422A, 0x422A, 0x3A2A, 0x424B, 0x3A0A, 0x3A0A, 0x3A0A, 0x428B, 0x3A8A, 0x62CE, 0x8232, 0xA156,
  0xF81F, 0xF81F, 0xF81F, 0xF81F, 0xF81F, 0xF81F, 0xF81F, 0xF81F, 0xF81F, 0xF81F, 0xF81F, 0xF81F,
  0xF81F, 0xF81F, 0xF81F, 0xF81F, 0xF81F, 0xF81F, 0xF81F, 0xF81F, 0xF81F, 0xF81F, 0xF81F, 0xF81F,
  0xF81F, 0xF81F, 0xF81F, 0xF81F, 0xF81F, 0xF81F, 0xF81F, 0xF81F, 0xF81F, 0xF81F, 0xF81F, 0xF81F,
  0xF81F, 0xF81F, 0xF81F, 0xF81F, 0xF81F, 0xF81F, 0xF81F, 0xF81F, 0xF81F, 0xF81F, 0xF81F, 0xF81F,
  0xF81F, 0xF81F, 0xF81F, 0xF81F, 0xF81F, 0xF81F, 0xF81F, 0xF81F, 0xF81F, 0xF81F, 0xF81F, 0xF81F,
  0xF81F, 0xF81F, 0xF81F, 0xF81F, 0xF81F, 0xF81F, 0xF81F, 0xF81F, 0xF81F, 0xF81F, 0xF81F, 0xF81F,
  0xF81F, 0xF81F, 0xF81F, 0xF81F, 0xF81F, 0xF81F, 0xF81F, 0xF81F, 0xF81F, 0xF81F, 0xF81F, 0xF81F,
  0xB8B8, 0x424B, 0x4AEC, 0x7BD2, 0xF81F, 0xF81F, 0xF81F, 0xF81F, 0xF81F, 0xF81F, 0xF81F, 0xF81F,
  0xF81F, 0xF81F, 0xF81F, 0xF81F, 0xF81F, 0xF81F, 0xF81F, 0xF81F, 0xF81F, 0xF81F, 0xF81F, 0xF81F,
  0xF81F, 0xF81F, 0xF81F, 0xF81F, 0xF81F, 0xF81F, 0xF81F, 0xF81F, 0xF81F, 0xF81F, 0xF81F, 0xF81F,
  0xF81F, 0xF81F, 0xF81F, 0xF81F, 0xF81F, 0xF81F, 0xF81F, 0xF81F, 0xF81F, 0xF81F, 0xF81F, 0xF81F,
  0xF81F, 0xF81F, 0xF81F, 0xF81F, 0xF81F, 0xF81F, 0xF81F, 0xF81F, 0xF81F, 0xF81F, 0xF81F, 0xF81F,
  0xF81F, 0xF81F, 0xF81F, 0xF81F, 0xF81F, 0xF81F, 0xF81F, 0xF81F, 0xF81F, 0xF81F, 0xF81F, 0xF81F,
  0xF81F, 0xF81F, 0xF81F, 0xF81F, 0xF81F, 0xF81F, 0xF81F, 0xF81F, 0xF81F, 0xE33D, 0xD45C, 0xB4F8,
  0x94F5, 0x7430, 0x636E, 0x528C, 0x4A6C, 0x52AD, 0x4A8C, 0x52CD, 0x4AAC, 0x52AC, 0x4AAC, 0x52CD,
  0x4A8C, 0x424B, 0x426B, 0x4A6B, 0x4A6B, 0x4A6B, 0x424B, 0x4AAC, 0x4AAC, 0x39E9, 0x0021, 0x424A,
  0x426B, 0x3A09, 0x422A, 0x3A0A, 0x39E9, 0x3A09, 0x3A09, 0x3A09, 0x3A09, 0x3A09, 0x3A0A, 0x3A09,
  0x3A09, 0x422A, 0x3A09, 0x3A2A, 0x3A09, 0x3A0A, 0x3A09, 0x31E9, 0x39E9, 0x39E9, 0x31E9, 0x31C8,
  0x2967, 0x0862, 0x3A09, 0x424A, 0x31C8, 0x29A8, 0x29A8, 0x31C8, 0x31E9, 0x31A8, 0x31E9, 0x3A09,
  0x3A2A, 0x3A0A, 0x3A0A, 0x3A2A, 0x424B, 0x422A, 0x4A6B, 0x31C9, 0x424B, 0x4A8B, 0x42CB, 0x4B2C,
  0x5B0D, 0x72F0, 0x8A32, 0x9954, 0xB8D7, 0xF81F, 0xF81F, 0xF81F, 0xF81F, 0xF81F, 0xF81F, 0xF81F,
  0xF81F, 0xF81F, 0xF81F, 0xF81F, 0xF81F, 0xF81F, 0xF81F, 0xF81F, 0xF81F, 0xF81F, 0xF81F, 0xF81F,
  0xF81F, 0xF81F, 0xF81F, 0xF81F, 0xF81F, 0xF81F, 0xF81F, 0xF81F, 0xF81F, 0xF81F, 0xF81F, 0xF81F,
  0xF81F, 0xF81F, 0xF81F, 0xF81F, 0xF81F, 0xF81F, 0xF81F, 0xF81F, 0xF81F, 0xF81F, 0xF81F, 0xF81F,
  0xF81F, 0xF81F, 0xF81F, 0xF81F, 0xF81F, 0xF81F, 0xF81F, 0xF81F, 0xF81F, 0xF81F, 0xF81F, 0xF81F,
  0xF81F, 0xF81F, 0xF81F, 0xF81F, 0xF81F, 0xF81F, 0xF81F, 0xF81F, 0xF81F, 0xF81F, 0xF81F, 0xF81F,
  0xF81F, 0xF81F, 0xF81F, 0xF81F, 0xF81F, 0xF81F, 0xF81F, 0xF81F, 0x8332, 0x3249, 0x1986, 0x70CF,
  0x3107, 0x1925, 0x20E6, 0x3A4A, 0x4169, 0x9974, 0xBA99, 0xBA78, 0xBA79, 0xBA79, 0xBA58, 0xBA58,
  0xBA58, 0xBA58, 0xBA59, 0xBA58, 0xBA58, 0xBA79, 0xBA79, 0xF81F, 0xBA79, 0xF81F, 0xF81F, 0xF81F,
  0xF81F, 0xBA79, 0xF81F, 0xBA79, 0xF81F, 0xF81F, 0xBA78, 0xBA78, 0xBA58, 0xBA58, 0xBA59, 0xBA79,
  0xF81F, 0xF81F, 0xF81F, 0xF81F, 0xF81F, 0xF81F, 0xF81F, 0xF81F, 0xF81F, 0xF81F, 0xBA99, 0xBA79,
  0xF81F, 0xF81F, 0xF81F, 0xF81F, 0xF81F, 0xBA79, 0xBA79, 0xF81F, 0xF81F, 0xBA78, 0xBA78, 0xF81F,
  0xF81F, 0xF81F, 0xBA79, 0xF81F, 0xF81F, 0xF81F, 0xF81F, 0xF81F, 0xF81F, 0xF81F, 0xF81F, 0xF81F,
  0xF81F, 0xD2FC, 0xD35B, 0xCBBB, 0xC43A, 0xBCDA, 0xACF8, 0xA557, 0x9555, 0x84D3, 0x6C11, 0x636F,
  0x5ACD, 0x5ACE, 0x52CD, 0x5AEE, 0x5B0E, 0x5AEE, 0x5B0E, 0x52ED, 0x52AD, 0x4A6B, 0x4A8C, 0x4AAC,
  0x52AC, 0x4A8C, 0x426B, 0x4A8C, 0x4A6B, 0x4A8C, 0x4AAC, 0x52AC, 0x52CD, 0x2967, 0x0862, 0x424A,
  0x424A, 0x422A, 0x422A, 0x3A2A, 0x3A2A, 0x3A09, 0x31C9, 0x31E9, 0x39E9, 0x3A09, 0x3A09, 0x39E9,
  0x3A09, 0x3A2A, 0x3A2A, 0x3A09, 0x3A2A, 0x3A09, 0x3A09, 0x3A0A, 0x39E9, 0x3A0A, 0x39E9, 0x31C8,
  0x2967, 0x0862, 0x31C8, 0x4A8C, 0x2987, 0x2988, 0x31C8, 0x31A8, 0x31A8, 0x31C8, 0x31E9, 0x31E9,
  0x422A, 0x3A0A, 0x3A0A, 0x3A2A, 0x422A, 0x4A6B, 0x424B, 0x424B, 0x4A6B, 0x424B, 0x4A6C, 0x4A6C,
  0x52CD, 0x52CD, 0x532D, 0x5B6E, 0x5B4E, 0x634F, 0x7331, 0x7AD1, 0x8272, 0x9214, 0xAA36, 0xA9D7,
  0xF81F, 0xF81F, 0xF81F, 0xF81F, 0xF81F, 0xF81F, 0xF81F, 0xF81F, 0xB9F9, 0xF81F, 0xB9D9, 0xF81F,
  0xB9F9, 0xB9F8, 0xB9F8, 0xB1D8, 0xB1D8, 0xB9F9, 0xBA19, 0xB1F8, 0xB1F8, 0xB1F8, 0xB218, 0xB1F8,
  0xB1F8, 0xB1F8, 0xB1F8, 0xB1D7, 0xB1D7, 0xB1F7, 0xB1F7, 0xB1F7, 0xB1F7, 0xB218, 0xA9F7, 0xA9F7,
  0xB1F7, 0xA9B6, 0xA9D6, 0xA9D6, 0xA1D6, 0xA9D6, 0xA1D6, 0xA1B6, 0xA1D6, 0xA1D6, 0xA1F6, 0xA1D6,
  0xA1F6, 0xA1F6, 0xA1F6, 0xA1F6, 0xA216, 0xA1F6, 0xA1F5, 0x99D5, 0xA1F6, 0x99B5, 0x99D5, 0x99D5,
  0x99B5, 0x99D5, 0x99D5, 0x99B5, 0x99D5, 0x99F5, 0x9194, 0x61CE, 0x29E8, 0x10A4, 0x18E5, 0x10C3,
  0x1905, 0x2967, 0x2987, 0x422B, 0x2166, 0x29E6, 0x7CB2, 0x8D14, 0x84F4, 0x84F3, 0x84F3, 0x7CB3,
  0x84F4, 0x8D14, 0x8D34, 0x8D34, 0x8CF4, 0x8D34, 0x9555, 0x9555, 0x8D35, 0x8D15, 0x9555, 0x9535,
  0x9555, 0x9555, 0x9535, 0x9576, 0x9D76, 0x8CF4, 0x8D34, 0x9555, 0x9555, 0x9555, 0x9576, 0x9555,
  0x9D96, 0x9DB6, 0x9596, 0x9576, 0x9555, 0x9576, 0x9576, 0x9D76, 0x9575, 0x9555, 0x9555, 0x9535,
  0x9555, 0x8D35, 0x9575, 0x9575, 0x9575, 0x9575, 0x9555, 0x8D34, 0x8D35, 0x9555, 0x9D96, 0x9575,
  0x9DB6, 0x8D35, 0x8D34, 0x9555, 0x9576, 0x9575, 0x9576, 0x9D76, 0x9575, 0x8D34, 0x9555, 0x9535,
  0x8D34, 0x9555, 0x8D14, 0x84D4, 0x8493, 0x7432, 0x6BB0, 0x634F, 0x630E, 0x630F, 0x632F, 0x632E,
  0x6B90, 0x634F, 0x634F, 0x634F, 0x52ED, 0x5B0E, 0x5AED, 0x52AD, 0x52CD, 0x52ED, 0x4A8C, 0x4A8C,
  0x4A8C, 0x4A6B, 0x424A, 0x424B, 0x424A, 0x422A, 0x424A, 0x4A6B, 0x4A6B, 0x2125, 0x1082, 0x424A,
  0x422A, 0x3A0A, 0x3A09, 0x3A09, 0x31E9, 0x3A2A, 0x3A09, 0x3A09, 0x3A0A, 0x39E9, 0x31E9, 0x39E9,
  0x3A09, 0x39E9, 0x39E9, 0x39E9, 0x3A09, 0x3A09, 0x39E9, 0x3A09, 0x422A, 0x422A, 0x3A09, 0x39E9,
  0x2967, 0x0882, 0x2966, 0x4A8B, 0x31A8, 0x31C8, 0x2988, 0x31A8, 0x31A8, 0x31C8, 0x31E9, 0x422A,
  0x3A0A, 0x3A09, 0x424A, 0x3A2A, 0x3A0A, 0x424A, 0x426B, 0x4A8C, 0x4A6B, 0x4A6B, 0x4A8C, 0x4AAC,
  0x424B, 0x426B, 0x52AD, 0x528D, 0x52CD, 0x5AEE, 0x5B0E, 0x5B4E, 0x5B4E, 0x63AF, 0x6BF0, 0x63EF,
  0x6BF0, 0x6C31, 0x6BF0, 0x7431, 0x6BF0, 0x7451, 0x6C11, 0x6C11, 0x6C10, 0x63F0, 0x63F0, 0x6BF0,
  0x63EF, 0x63CF, 0x6C10, 0x63F0, 0x63F0, 0x6C31, 0x63F0, 0x6C10, 0x63D0, 0x6C10, 0x63CF, 0x63F0,
  0x63CF, 0x63CF, 0x63F0, 0x5B8F, 0x63AF, 0x63CF, 0x5BAF, 0x63F0, 0x5BAF, 0x63F0, 0x5B6E, 0x63CF,
  0x5BAF, 0x5BAF, 0x63F0, 0x536E, 0x5B6E, 0x5B8E, 0x534D, 0x5B8E, 0x5B8F, 0x534D, 0x5B8E, 0x63CF,
  0x536E, 0x5BAF, 0x5B8E, 0x536E, 0x5B8E, 0x536E, 0x5B6E, 0x5B6E, 0x534D, 0x532D, 0x532C, 0x5B8E,
  0x4B0C, 0x532D, 0x4B0C, 0x4AEC, 0x4B0C, 0x3AAA, 0x1985, 0x29C7, 0x31C8, 0x18E5, 0x1905, 0x10C4,
  0x1905, 0x2987, 0x2988, 0x424B, 0x2987, 0x1083, 0x39EA, 0x422B, 0x422B, 0x424B, 0x52AD, 0x52AD,
  0x52AD, 0x52AD, 0x5AEE, 0x632F, 0x634F, 0x634F, 0x6B70, 0x632F, 0x6350, 0x6350, 0x632F, 0x6B70,
  0x6B50, 0x6B70, 0x6B70, 0x73B1, 0x634F, 0x7391, 0x6B90, 0x6B90, 0x73B1, 0x6B70, 0x73B1, 0x6B90,
  0x6350, 0x6B91, 0x73B1, 0x6B91, 0x73B1, 0x7391, 0x6B70, 0x6B70, 0x73B1, 0x73B1, 0x73B1, 0x73D2,
  0x6B91, 0x6B91, 0x6B70, 0x73B1, 0x73D2, 0x6B70, 0x6B70, 0x634F, 0x6B90, 0x73B1, 0x7BF2, 0x73B1,
  0x6B50, 0x6B70, 0x6B70, 0x6B70, 0x6B90, 0x6B90, 0x73B1, 0x73B1, 0x6B70, 0x6B90, 0x6B90, 0x6B90,
  0x73B1, 0x73B1, 0x6B90, 0x6B70, 0x6B90, 0x6B90, 0x73D1, 0x6B70, 0x636F, 0x634F, 0x6B70, 0x634F,
  0x5B0E, 0x5B2E, 0x634F, 0x5B2E, 0x5B2E, 0x5B0E, 0x5B2E, 0x5AED, 0x4AAC, 0x4A8C, 0x4AAC, 0x424A,
  0x426B, 0x426B, 0x4A8B, 0x422A, 0x424A, 0x4A8B, 0x424A, 0x424B, 0x4A6B, 0x1905, 0x10A3, 0x424A,
  0x422A, 0x31E9, 0x3A09, 0x3A09, 0x3A0A, 0x3A09, 0x39E9, 0x3A09, 0x31E9, 0x31C8, 0x31E9, 0x39E9,
  0x31C8, 0x31E9, 0x31E9, 0x3A09, 0x3A09, 0x39E9, 0x39E9, 0x3A0A, 0x3A09, 0x39E9, 0x3A09, 0x31E9,
  0x2987, 0x0883, 0x2146, 0x426B, 0x29A8, 0x2987, 0x2987, 0x2967, 0x31A8, 0x2987, 0x31C8, 0x31A8,
  0x31C8, 0x3A2A, 0x3A2A, 0x3A09, 0x39E9, 0x426B, 0x4AAC, 0x4A6B, 0x426B, 0x52AC, 0x4AAC, 0x4A8C,
  0x4A8C, 0x52CD, 0x52AD, 0x52AC, 0x52CD, 0x426B, 0x4A6B, 0x4A8C, 0x52AD, 0x52CD, 0x4A8C, 0x52CD,
  0x52AD, 0x5AEE, 0x5AEE, 0x5AEE, 0x52AD, 0x52AD, 0x52CD, 0x52AD, 0x52CD, 0x52CE, 0x52AD, 0x5ACE,
  0x52CD, 0x5ACE, 0x5AEE, 0x5ACE, 0x52CE, 0x52AD, 0x5AEE, 0x52AD, 0x52CD, 0x5B0E, 0x52AD, 0x528D,
  0x52AD, 0x52CD, 0x4A8D, 0x4A8D, 0x52AD, 0x528D, 0x52AD, 0x52CE, 0x4A6C, 0x52AD, 0x528C, 0x52AD,
  0x4A8C, 0x52CD, 0x52CD, 0x4A8D, 0x4A8D, 0x4A8D, 0x52AD, 0x52AD, 0x52CD, 0x52AD, 0x52CD, 0x52CD,
  0x424B, 0x4A8C, 0x4A8D, 0x4A6C, 0x4A8C, 0x4A8D, 0x424B, 0x52AD, 0x422B, 0x422B, 0x3A0A, 0x422B,
  0x39E9, 0x39C9, 0x2968, 0x3188, 0x3188, 0x2126, 0x0863, 0x39C8, 0x3A09, 0x10E4, 0x18E5, 0x10C4,
  0x1905, 0x2987, 0x31A8, 0x422A, 0x31A8, 0x1083, 0x31A8, 0x422A, 0x426B, 0x4A8C, 0x52AD, 0x52CD,
  0x5B0E, 0x634F, 0x5B0E, 0x6370, 0x6BB1, 0x634F, 0x6370, 0x636F, 0x6B70, 0x6B90, 0x6BB0, 0x6BB1,
  0x73B1, 0x73D1, 0x73F2, 0x73D2, 0x73D1, 0x73F2, 0x73F2, 0x7C12, 0x73D1, 0x73B1, 0x634F, 0x73D1,
  0x73D1, 0x73F2, 0x7C12, 0x73F2, 0x6BB1, 0x73D1, 0x6BB0, 0x73D1, 0x73D1, 0x7C12, 0x7C33, 0x7C12,
  0x73D1, 0x7BF2, 0x73F2, 0x73B1, 0x6BB0, 0x7BF2, 0x73D1, 0x73F2, 0x7BF2, 0x8453, 0x73F1, 0x73D1,
  0x7C32, 0x73D1, 0x7C12, 0x7C32, 0x73B1, 0x73F1, 0x7C12, 0x7C32, 0x8433, 0x7BF2, 0x7C12, 0x7BF2,
  0x73B1, 0x7BF2, 0x7BF2, 0x6B90, 0x7C12, 0x73B1, 0x6BB0, 0x73F1, 0x6BB1, 0x7BF2, 0x6B90, 0x6B90,
  0x73D1, 0x636F, 0x6BB1, 0x73D1, 0x634F, 0x632E, 0x52ED, 0x5AED, 0x5AED, 0x52CD, 0x52CC, 0x4A8C,
  0x4A6B, 0x422A, 0x3A2A, 0x426A, 0x426B, 0x424B, 0x424B, 0x4A6B, 0x4A6B, 0x1904, 0x10A3, 0x3A09,
  0x3A0A, 0x3A09, 0x3A09, 0x39E9, 0x39E9, 0x31E9, 0x31C8, 0x31C8, 0x3A09, 0x3A0A, 0x31A8, 0x31E9,
  0x39E9, 0x39E9, 0x39E9, 0x3A09, 0x39E9, 0x39E9, 0x31E9, 0x31E9, 0x31E9, 0x39E9, 0x39E9, 0x31A8,
  0x2967, 0x0883, 0x2146, 0x4A8C, 0x31E9, 0x2987, 0x2146, 0x2987, 0x31A8, 0x29A8, 0x31C8, 0x39E9,
  0x3A09, 0x422A, 0x3A2A, 0x3A09, 0x424A, 0x4AAC, 0x424B, 0x4A6B, 0x4AAC, 0x4A8C, 0x4AAC, 0x52AC,
  0x52CD, 0x52AC, 0x4A8C, 0x52CD, 0x4A8C, 0x4A6C, 0x5B0E, 0x5AEE, 0x4AAC, 0x5B0E, 0x5AEE, 0x4AAC,
  0x52CD, 0x5AEE, 0x52ED, 0x5B2F, 0x52EE, 0x52ED, 0x52ED, 0x5B0E, 0x5B0E, 0x632F, 0x5B0E, 0x5B0E,
  0x5B2E, 0x5B0E, 0x5B0E, 0x5B0E, 0x5B0E, 0x5B0E, 0x5B0E, 0x52EE, 0x5B0E, 0x5B0E, 0x5AEE, 0x52EE,
  0x5AEE, 0x52CD, 0x52CD, 0x5B0E, 0x52CD, 0x4AAD, 0x52CD, 0x52CD, 0x4AAC, 0x52ED, 0x52CD, 0x5AED,
  0x5B0E, 0x52CD, 0x52AD, 0x52EE, 0x4AAD, 0x52CD, 0x52CD, 0x4AAC, 0x52AD, 0x5B0E, 0x52AD, 0x5B0E,
  0x4AAC, 0x4A8C, 0x4AAD, 0x52AD, 0x4AAC, 0x4AAC, 0x4AAC, 0x4AAD, 0x426B, 0x422A, 0x424B, 0x422A,
  0x31C9, 0x39E9, 0x31C8, 0x31C8, 0x31C8, 0x2146, 0x0883, 0x39E8, 0x31E9, 0x10E4, 0x1905, 0x10C4,
  0x1905, 0x2967, 0x2987, 0x422A, 0x31C8, 0x0883, 0x31C8, 0x3A0A, 0x426B, 0x426B, 0x4A6B, 0x52AD,
  0x5B0E, 0x5B0E, 0x5B2E, 0x634F, 0x6370, 0x6BB0, 0x6370, 0x6B90, 0x6B90, 0x6B90, 0x73D1, 0x73D1,
  0x6B90, 0x73F2, 0x6B90, 0x6BB0, 0x73D1, 0x7C12, 0x73B1, 0x73D1, 0x7BF2, 0x7BF2, 0x6B90, 0x73B0,
  0x73D1, 0x73D1, 0x73F1, 0x7C12, 0x73F1, 0x7C12, 0x7C12, 0x7BF2, 0x73B1, 0x73F1, 0x7C12, 0x7BF2,
  0x7C12, 0x73F2, 0x7C12, 0x8433, 0x73B0, 0x7C12, 0x8433, 0x73D1, 0x8453, 0x7C12, 0x7C32, 0x7C12,
  0x7C12, 0x7C12, 0x7C12, 0x8453, 0x7C12, 0x7C12, 0x8433, 0x7C12, 0x7C12, 0x7C12, 0x7C12, 0x7C12,
  0x7BF2, 0x73F1, 0x7C12, 0x73D1, 0x73D1, 0x6B90, 0x6BB0, 0x7BF2, 0x73B1, 0x6B70, 0x73B1, 0x6BB0,
  0x73D1, 0x6BB0, 0x6B6F, 0x634F, 0x634F, 0x632E, 0x632E, 0x5B0D, 0x52CD, 0x52CC, 0x52AC, 0x4A8B,
  0x4A8B, 0x422A, 0x424A, 0x3A09, 0x3A2A, 0x422A, 0x424B, 0x424B, 0x422A, 0x2105, 0x1082, 0x39E9,
  0x39E9, 0x31C8, 0x39E9, 0x39E9, 0x31E9, 0x31E8, 0x39E9, 0x3A09, 0x3A09, 0x31C9, 0x31E9, 0x3A09,
  0x39E9, 0x31E9, 0x3A0A, 0x3A09, 0x39E9, 0x31C8, 0x31C8, 0x39E9, 0x39E9, 0x31E9, 0x31C8, 0x31A8,
  0x2146, 0x0882, 0x31A7, 0x4A8C, 0x31A8, 0x2987, 0x2987, 0x31A8, 0x29A8, 0x31A8, 0x31C8, 0x31C8,
  0x3A2A, 0x3A2A, 0x3A2A, 0x4A8B, 0x426B, 0x426B, 0x424A, 0x4AAC, 0x4AAC, 0x4AAC, 0x4A8C, 0x52CD,
  0x52AC, 0x4A8C, 0x5AED, 0x52CD, 0x52AD, 0x5B0E, 0x632E, 0x52AC, 0x5B2E, 0x5AED, 0x5B2E, 0x5B2E,
  0x5B0E, 0x52CD, 0x5B2E, 0x5B2F, 0x5B0E, 0x5AEE, 0x5B0E, 0x5B0E, 0x5B2E, 0x632F, 0x52AD, 0x634F,
  0x52EE, 0x5B0E, 0x5B0E, 0x5AEE, 0x5B0E, 0x5AEE, 0x52CD, 0x5B0E, 0x5B2E, 0x5B0E, 0x52CD, 0x5AEE,
  0x52ED, 0x4AAD, 0x52CD, 0x5AEE, 0x52ED, 0x52CD, 0x52CD, 0x52CD, 0x4AAC, 0x52ED, 0x52CD, 0x52ED,
  0x52CD, 0x52ED, 0x52CD, 0x52ED, 0x4A8C, 0x52AC, 0x52CD, 0x4A8C, 0x52ED, 0x52CD, 0x52CD, 0x52CD,
  0x52AD, 0x52CD, 0x4AAC, 0x4AAC, 0x4A8C, 0x4A6B, 0x4AAC, 0x4A8C, 0x424B, 0x422B, 0x424B, 0x31E9,
  0x31C8, 0x31C9, 0x31C9, 0x2988, 0x29A8, 0x2146, 0x0882, 0x3A09, 0x31C8, 0x18E4, 0x1905, 0x10C3,
  0x1925, 0x2146, 0x2967, 0x3A2A, 0x31A7, 0x0862, 0x31C8, 0x3A2A, 0x3A0A, 0x4A6B, 0x4A6B, 0x4A8C,
  0x52ED, 0x52CD, 0x5B0E, 0x636F, 0x632F, 0x6B90, 0x6BB1, 0x6B90, 0x6B90, 0x6B90, 0x6BB0, 0x6BB0,
  0x73B1, 0x6B90, 0x73D1, 0x6BB0, 0x73D1, 0x73D1, 0x73D1, 0x6B90, 0x73B0, 0x7BF2, 0x73B0, 0x7C12,
  0x73D1, 0x73D1, 0x73F1, 0x73B1, 0x73D1, 0x73F1, 0x73D1, 0x73D1, 0x7BF2, 0x8453, 0x7C12, 0x8453,
  0x7C12, 0x7C12, 0x7C12, 0x73F2, 0x73D1, 0x6BB0, 0x6BB0, 0x7C32, 0x6B90, 0x7C12, 0x7C12, 0x73B0,
  0x7BF2, 0x7C12, 0x6B90, 0x6B90, 0x8432, 0x7BF2, 0x8432, 0x7C12, 0x7C12, 0x8432, 0x7C12, 0x6B90,
  0x73B1, 0x6B90, 0x6B90, 0x73B1, 0x6B90, 0x73B1, 0x73F1, 0x73D1, 0x6B90, 0x73D1, 0x6BB0, 0x6B90,
  0x6B90, 0x6B90, 0x636F, 0x632E, 0x632E, 0x634E, 0x5B0D, 0x5B0E, 0x5B0E, 0x52CD, 0x52CC, 0x4A8B,
  0x4A8B, 0x426B, 0x424B, 0x426B, 0x3A2A, 0x424A, 0x3A09, 0x422A, 0x4A6B, 0x2946, 0x0862, 0x31C8,
  0x422A, 0x422A, 0x3A2A, 0x39E9, 0x31E9, 0x3A09, 0x3A2A, 0x3A0A, 0x31E9, 0x3A09, 0x31C9, 0x39E9,
  0x39E9, 0x3A09, 0x31E9, 0x31C8, 0x39E9, 0x31C9, 0x31C9, 0x31C9, 0x31E9, 0x31C9, 0x31A8, 0x2967,
  0x2126, 0x0862, 0x424A, 0x4A8C, 0x2987, 0x2967, 0x2967, 0x2987, 0x2987, 0x2967, 0x31C8, 0x3A09,
  0x3A2A, 0x39E9, 0x4A6B, 0x422A, 0x4A8B, 0x4A6B, 0x52AC, 0x4A8B, 0x424B, 0x4AAC, 0x4A8C, 0x4A8C,
  0x52CD, 0x52CD, 0x52CD, 0x4A8C, 0x52ED, 0x52ED, 0x52AD, 0x5B0E, 0x52CD, 0x5B0E, 0x5B0E, 0x5B0E,
  0x5B0E, 0x5B0E, 0x5B0E, 0x5B2E, 0x5AEE, 0x5AEE, 0x5B0E, 0x5B0E, 0x632F, 0x52CD, 0x5B0E, 0x5B0E,
  0x5AED, 0x5B0E, 0x5B0E, 0x5AEE, 0x52EE, 0x52EE, 0x5B2E, 0x5B0E, 0x52EE, 0x5AEE, 0x52CD, 0x5AEE,
  0x52AC, 0x5AEE, 0x52CD, 0x52CD, 0x5AEE, 0x52CD, 0x52CD, 0x52CD, 0x52ED, 0x52AD, 0x52AD, 0x52CD,
  0x52AC, 0x52CD, 0x52CD, 0x52AD, 0x4AAC, 0x4AAC, 0x52CD, 0x52AD, 0x52ED, 0x52AD, 0x52CD, 0x4AAC,
  0x52ED, 0x52ED, 0x4A6B, 0x52CD, 0x4A8C, 0x424B, 0x426B, 0x424B, 0x422B, 0x3A2A, 0x422A, 0x31C9,
  0x39E9, 0x31C9, 0x2987, 0x2967, 0x2987, 0x2126, 0x0862, 0x424A, 0x31C8, 0x1905, 0x1905, 0x10C4,
  0x1905, 0x2166, 0x2987, 0x3A0A, 0x31A8, 0x0882, 0x2987, 0x31E9, 0x3A0A, 0x424B, 0x426B, 0x426B,
  0x52CD, 0x5B0E, 0x52ED, 0x632E, 0x636F, 0x6B6F, 0x6BB0, 0x6BB0, 0x6B90, 0x6B90, 0x6B90, 0x6B90,
  0x6B90, 0x6B90, 0x6B90, 0x73B1, 0x73D1, 0x73B0, 0x6BB0, 0x73D1, 0x6B90, 0x6BB0, 0x73D1, 0x6B90,
  0x6BB1, 0x73F1, 0x73D1, 0x6BB0, 0x73D1, 0x6BB0, 0x73B1, 0x73D1, 0x73D1, 0x73B1, 0x73D1, 0x6BB0,
  0x73D1, 0x73D1, 0x73F2, 0x7C32, 0x73D1, 0x73D1, 0x73D1, 0x6BB1, 0x73D1, 0x6B90, 0x73F1, 0x7C12,
  0x7BF1, 0x7C12, 0x73D1, 0x7C12, 0x73B0, 0x7C32, 0x73D1, 0x8433, 0x8473, 0x73D1, 0x7C12, 0x73B0,
  0x6B90, 0x73D1, 0x7C32, 0x73B0, 0x73D1, 0x73B1, 0x73B0, 0x6B90, 0x6B90, 0x6BB0, 0x6B90, 0x6B6F,
  0x636F, 0x634F, 0x636F, 0x632F, 0x634F, 0x5B0E, 0x634F, 0x5B0D, 0x52ED, 0x4AAC, 0x52CC, 0x5AED,
  0x4A8B, 0x3A09, 0x422A, 0x424A, 0x3A09, 0x3A09, 0x424B, 0x422A, 0x424A, 0x31C8, 0x0862, 0x2946,
  0x4229, 0x31E8, 0x39E9, 0x31E9, 0x31E8, 0x3A09, 0x3A09, 0x31C9, 0x3A09, 0x31E9, 0x31E9, 0x39E9,
  0x31A8, 0x31C8, 0x31E9, 0x31E9, 0x31C9, 0x31C9, 0x31C9, 0x31E9, 0x31C8, 0x31C9, 0x31C8, 0x2126,
  0x1905, 0x0882, 0x52CC, 0x3A09, 0x2967, 0x2966, 0x2146, 0x2967, 0x2987, 0x31A8, 0x39E9, 0x31C9,
  0x31A8, 0x424A, 0x424A, 0x424A, 0x424A, 0x4A6B, 0x424B, 0x4A6B, 0x4A6B, 0x4A8C, 0x4A8C, 0x4AAC,
  0x4AAC, 0x52AC, 0x4AAC, 0x52ED, 0x52CD, 0x52CD, 0x52CD, 0x52ED, 0x52ED, 0x5B0E, 0x5B0E, 0x52CD,
  0x5B2E, 0x5B2E, 0x52CD, 0x5AED, 0x5B0E, 0x5AED, 0x5B0E, 0x5B2E, 0x5B0E, 0x5B2E, 0x5B0E, 0x5AEE,
  0x52AD, 0x5B0E, 0x52ED, 0x52CD, 0x52CD, 0x5B0E, 0x5B0E, 0x4A8C, 0x5B0E, 0x52CD, 0x52ED, 0x52CD,
  0x4AAC, 0x52CD, 0x52CD, 0x52AD, 0x52CD, 0x4AAC, 0x52CD, 0x52AC, 0x52AC, 0x52CD, 0x4A8B, 0x52AD,
  0x52CD, 0x4A8C, 0x52CD, 0x4AAC, 0x4AAC, 0x4A6B, 0x52AC, 0x52CD, 0x52AC, 0x52AC, 0x52CD, 0x4AAC,
  0x4AAC, 0x4AAC, 0x4AAC, 0x4A6B, 0x426B, 0x4A6B, 0x424B, 0x424B, 0x422A, 0x3A0A, 0x3A0A, 0x39E9,
  0x39E9, 0x31C8, 0x31A8, 0x2987, 0x2166, 0x1905, 0x0883, 0x4A6A, 0x29A8, 0x18E5, 0x18E5, 0x10C4,
  0x1925, 0x2146, 0x2167, 0x3A0A, 0x3A2A, 0x0862, 0x2987, 0x39E9, 0x31E9, 0x3A0A, 0x4A6B, 0x4A8C,
  0x4A8C, 0x52CD, 0x52ED, 0x52ED, 0x632F, 0x636F, 0x634F, 0x6B90, 0x634F, 0x632F, 0x636F, 0x5B2E,
  0x636F, 0x6B90, 0x6370, 0x634F, 0x6B90, 0x73B0, 0x6B90, 0x6B90, 0x73D1, 0x6B90, 0x6BB0, 0x6BB0,
  0x73B1, 0x6BB0, 0x6B90, 0x636F, 0x6B8F, 0x73D1, 0x6B90, 0x6B90, 0x73D1, 0x6BB0, 0x6B90, 0x6B70,
  0x6B8F, 0x73B1, 0x73D1, 0x6B90, 0x73D1, 0x73D1, 0x73D1, 0x73F1, 0x73D1, 0x73F1, 0x73D1, 0x73D1,
  0x7BF1, 0x73F1, 0x7C32, 0x636F, 0x7BF1, 0x73D1, 0x73D1, 0x73F1, 0x73D1, 0x7BF1, 0x73D1, 0x73D0,
  0x7C12, 0x73D1, 0x7BF2, 0x73D1, 0x73D1, 0x73D1, 0x73D1, 0x73D1, 0x636F, 0x6B90, 0x6B70, 0x636F,
  0x636F, 0x6B70, 0x632F, 0x5B0E, 0x5B2E, 0x5B0D, 0x52CD, 0x52CD, 0x5AED, 0x52AC, 0x426B, 0x4A8C,
  0x4A8B, 0x424A, 0x3A09, 0x3A09, 0x3A0A, 0x3A09, 0x3A0A, 0x3A2A, 0x422A, 0x424A, 0x10A3, 0x10C4,
  0x39E8, 0x31C8, 0x31E9, 0x39E9, 0x3A09, 0x31E9, 0x3A09, 0x3A09, 0x39E9, 0x39E9, 0x39E9, 0x31C8,
  0x31E9, 0x31C8, 0x31E9, 0x31E9, 0x31E9, 0x31E9, 0x31E9, 0x31A8, 0x31C9, 0x3A09, 0x31A8, 0x2146,
  0x10A3, 0x1904, 0x5B0D, 0x2987, 0x2966, 0x2987, 0x2146, 0x2987, 0x2987, 0x31C8, 0x31C8, 0x39E9,
  0x3A2A, 0x422A, 0x3A2A, 0x424B, 0x422A, 0x422A, 0x3A2A, 0x424B, 0x426B, 0x424B, 0x4A8B, 0x4A8C,
  0x4A8C, 0x4A8B, 0x52AC, 0x52CD, 0x52ED, 0x52CD, 0x52ED, 0x52CD, 0x5B0E, 0x52ED, 0x52ED, 0x5AED,
  0x52ED, 0x5AED, 0x52ED, 0x5B0E, 0x52CD, 0x5B0E, 0x5B0E, 0x52CD, 0x52ED, 0x5B0E, 0x52EE, 0x52CD,
  0x4AAC, 0x5B0E, 0x4A8C, 0x52CD, 0x52ED, 0x52CD, 0x52CD, 0x52ED, 0x4AAC, 0x52CD, 0x52AC, 0x52CD,
  0x52CD, 0x52AC, 0x52AC, 0x52AD, 0x4A8C, 0x4A8C, 0x52CD, 0x4A8C, 0x4AAC, 0x4AAC, 0x4A6C, 0x4A8C,
  0x4A8C, 0x4A8C, 0x4A8C, 0x426B, 0x4A6B, 0x52CC, 0x4A6B, 0x4AAC, 0x52CC, 0x4A8C, 0x4AAC, 0x4A8C,
  0x4A8C, 0x4AAC, 0x4A6B, 0x424B, 0x4A8B, 0x424B, 0x422A, 0x3A2A, 0x3A0A, 0x31E9, 0x31C8, 0x31C8,
  0x29A8, 0x29A8, 0x2987, 0x2146, 0x2146, 0x1905, 0x0882, 0x4A6B, 0x29A8, 0x10C4, 0x18E4, 0x10C4,
  0x1925, 0x2126, 0x2967, 0x39E9, 0x3A2A, 0x0862, 0x2987, 0x39E9, 0x31E9, 0x3A2A, 0x3A2A, 0x426B,
  0x426B, 0x4A6B, 0x52CD, 0x52ED, 0x5B0D, 0x632E, 0x5AED, 0x5B0E, 0x5B2E, 0x5B0E, 0x634F, 0x5B2E,
  0x634F, 0x5B2E, 0x636F, 0x5B2E, 0x632E, 0x634F, 0x634F, 0x6B90, 0x636F, 0x636F, 0x6B90, 0x6B90,
  0x634F, 0x636F, 0x634F, 0x634F, 0x634F, 0x636F, 0x634F, 0x636F, 0x634F, 0x632E, 0x5B2E, 0x634F,
  0x636F, 0x6B90, 0x6B70, 0x6B90, 0x636F, 0x6BB0, 0x6BB0, 0x636F, 0x73B1, 0x634F, 0x6B70, 0x6B90,
  0x6B90, 0x73F1, 0x636F, 0x73B0, 0x6B90, 0x6B6F, 0x6B90, 0x73D1, 0x7C12, 0x73D1, 0x6B6F, 0x6B90,
  0x73B0, 0x73B1, 0x6BB0, 0x73B0, 0x6B90, 0x6B70, 0x6B70, 0x636F, 0x6B90, 0x634F, 0x632E, 0x634F,
  0x5B2E, 0x5B2E, 0x5B2E, 0x5B0E, 0x5AED, 0x52CD, 0x52CD, 0x52CC, 0x52CC, 0x4A8B, 0x426B, 0x424A,
  0x422A, 0x3A2A, 0x3A0A, 0x3A09, 0x3A09, 0x39E9, 0x31C8, 0x39E9, 0x422A, 0x424A, 0x2966, 0x0862,
  0x2987, 0x3A09, 0x3A09, 0x31C8, 0x31C8, 0x39E9, 0x31C8, 0x31A8, 0x31C8, 0x31C9, 0x39E9, 0x39E9,
  0x31E9, 0x39E9, 0x31C8, 0x31C8, 0x31C9, 0x31C8, 0x31C8, 0x31E9, 0x31C9, 0x31A8, 0x2967, 0x2126,
  0x0041, 0x424A, 0x424B, 0x2146, 0x2967, 0x2146, 0x2987, 0x2967, 0x29A7, 0x2987, 0x31E9, 0x3A09,
  0x3A09, 0x3A09, 0x3A09, 0x424A, 0x422A, 0x4A6B, 0x422A, 0x4A6B, 0x4A6B, 0x426B, 0x4A8C, 0x4A6B,
  0x4A8C, 0x4AAC, 0x4A8C, 0x4AAC, 0x52ED, 0x4AAC, 0x4AAC, 0x52CC, 0x52AC, 0x52ED, 0x52CC, 0x5AED,
  0x5B0E, 0x5AED, 0x52AC, 0x5B0E, 0x52ED, 0x5AED, 0x52AC, 0x52ED, 0x52CD, 0x52CD, 0x52ED, 0x4A8C,
  0x5AEE, 0x52CD, 0x4A8C, 0x52CD, 0x4A8C, 0x4AAC, 0x52CD, 0x4A8C, 0x4A8C, 0x52CD, 0x4AAC, 0x52CD,
  0x52AC, 0x4AAC, 0x4AAC, 0x4A6B, 0x4A8C, 0x4AAC, 0x4A8C, 0x426B, 0x4A8B, 0x424B, 0x4A6B, 0x424B,
  0x426B, 0x426B, 0x424B, 0x426B, 0x426B, 0x4A8C, 0x424A, 0x4A8C, 0x4A6B, 0x4A8B, 0x4A6B, 0x426B,
  0x424B, 0x424B, 0x3A2A, 0x424B, 0x3A0A, 0x3A2A, 0x3A09, 0x3A09, 0x31E9, 0x31A8, 0x29A8, 0x29A8,
  0x2987, 0x2987, 0x2146, 0x2146, 0x2146, 0x18E5, 0x0882, 0x52AC, 0x2987, 0x10E4, 0x18E4, 0x10C4,
  0x1125, 0x2125, 0x2967, 0x39E9, 0x3A0A, 0x0862, 0x2146, 0x31A8, 0x31C8, 0x31E9, 0x31C8, 0x3A09,
  0x424A, 0x4A8B, 0x424B, 0x4AAC, 0x52ED, 0x5AED, 0x52CD, 0x4AAC, 0x5AED, 0x52ED, 0x52ED, 0x5B0E,
  0x5B0E, 0x52ED, 0x5B0E, 0x632E, 0x52ED, 0x5B0D, 0x634F, 0x632E, 0x634F, 0x5B0E, 0x5B2E, 0x5B2E,
  0x5B2E, 0x634E, 0x632E, 0x634F, 0x634F, 0x5B2E, 0x634F, 0x634F, 0x632F, 0x5B0E, 0x6B90, 0x5B2E,
  0x634F, 0x6B90, 0x634F, 0x636F, 0x6B90, 0x6B70, 0x636F, 0x634F, 0x632F, 0x634F, 0x634F, 0x6B90,
  0x73B1, 0x6B90, 0x73D0, 0x73D1, 0x6B90, 0x636F, 0x6B90, 0x6B70, 0x632E, 0x6B6F, 0x6B90, 0x6B90,
  0x73B1, 0x6B70, 0x6BB0, 0x6B90, 0x6B6F, 0x634F, 0x6B90, 0x634F, 0x634F, 0x634F, 0x5B2E, 0x5B2E,
  0x632F, 0x5B2E, 0x5B0E, 0x5AED, 0x52CC, 0x4AAC, 0x4AAC, 0x52CC, 0x4A8B, 0x4A8C, 0x426B, 0x4A8B,
  0x422A, 0x39E9, 0x31E9, 0x422A, 0x31E9, 0x31C8, 0x31C8, 0x31C8, 0x31E9, 0x3A09, 0x3A09, 0x1082,
  0x18E4, 0x31A8, 0x31C8, 0x31A8, 0x29A7, 0x31A8, 0x31C8, 0x31C8, 0x31C8, 0x3A0A, 0x39E9, 0x31E9,
  0x31E9, 0x39E9, 0x31C9, 0x31E9, 0x31E9, 0x31E9, 0x31E9, 0x31E9, 0x31E9, 0x2988, 0x2126, 0x10C4,
  0x18E4, 0x636F, 0x31C9, 0x2967, 0x2146, 0x2967, 0x2146, 0x2987, 0x31C8, 0x31C8, 0x31C8, 0x39E8,
  0x3A0A, 0x3A2A, 0x422A, 0x424A, 0x424A, 0x3A0A, 0x426B, 0x4A6B, 0x424B, 0x4A8B, 0x4A8C, 0x4A6C,
  0x52CD, 0x4AAC, 0x4A8C, 0x52ED, 0x52CD, 0x426C, 0x52AC, 0x4A8C, 0x4A8C, 0x52CD, 0x52AC, 0x52AC,
  0x52CD, 0x4A8B, 0x52CD, 0x5AED, 0x52CD, 0x52CD, 0x4AAC, 0x52CD, 0x4A8C, 0x52CD, 0x4A8C, 0x4A8C,
  0x4A8C, 0x4A6B, 0x4A8C, 0x4A6B, 0x4A8C, 0x4A8C, 0x4A8C, 0x4A8C, 0x4A8C, 0x4A6B, 0x4A8C, 0x4A6B,
  0x4A8C, 0x4A6B, 0x4A6C, 0x426B, 0x426B, 0x424B, 0x424B, 0x424B, 0x426B, 0x424B, 0x4A6B, 0x424B,
  0x424B, 0x426B, 0x426B, 0x426B, 0x426B, 0x426B, 0x424A, 0x426B, 0x424A, 0x424B, 0x4A8C, 0x422A,
  0x424A, 0x424B, 0x424B, 0x424A, 0x3A09, 0x3A09, 0x3A09, 0x3A09, 0x31C8, 0x31C8, 0x29A8, 0x29A8,
  0x29A8, 0x2967, 0x2167, 0x2146, 0x2125, 0x18E4, 0x10A3, 0x52AC, 0x2126, 0x18E5, 0x10C4, 0x10E4,
  0x1145, 0x2125, 0x2967, 0x31C8, 0x424B, 0x10A3, 0x1905, 0x31A8, 0x31A8, 0x31C8, 0x422A, 0x3A09,
  0x3A2A, 0x424A, 0x424A, 0x426B, 0x4A8C, 0x52AC, 0x5AED, 0x52CD, 0x52CC, 0x5B0E, 0x5B0E, 0x5B0E,
  0x52ED, 0x52ED, 0x52ED, 0x52CC, 0x5B2E, 0x52CD, 0x5AED, 0x632E, 0x52ED, 0x5B2E, 0x5B0E, 0x5B0E,
  0x632E, 0x5B0E, 0x632F, 0x5B0E, 0x5B0D, 0x634F, 0x5B0E, 0x5B0D, 0x5B0D, 0x6B90, 0x5B2E, 0x5B2E,
  0x634F, 0x5B2E, 0x5B0E, 0x634F, 0x634E, 0x5AED, 0x632E, 0x634E, 0x5B2E, 0x634F, 0x634F, 0x632E,
  0x632E, 0x636F, 0x634F, 0x634F, 0x636F, 0x636F, 0x6B6F, 0x5B2E, 0x6B6F, 0x6B90, 0x634F, 0x634F,
  0x636F, 0x6B6F, 0x632E, 0x6B6F, 0x636F, 0x634F, 0x636F, 0x5B0E, 0x5B0D, 0x5AED, 0x5B0E, 0x5B0E,
  0x5AED, 0x5B0E, 0x5B0E, 0x52CD, 0x52AC, 0x52CC, 0x4AAC, 0x4A8C, 0x4A6B, 0x4A6B, 0x424B, 0x422A,
  0x426B, 0x3A2A, 0x31C8, 0x3A09, 0x31C8, 0x2987, 0x29A8, 0x31A8, 0x31C8, 0x3A09, 0x424A, 0x2966,
  0x0841, 0x2146, 0x31A8, 0x31C8, 0x31E9, 0x31C8, 0x31C8, 0x31C8, 0x31A8, 0x39E9, 0x31E8, 0x39E9,
  0x3A09, 0x31C8, 0x31E9, 0x3A09, 0x31C9, 0x31C9, 0x39E9, 0x31A8, 0x31A8, 0x2146, 0x2146, 0x0041,
  0x5B0D, 0x4A6B, 0x2146, 0x2966, 0x2126, 0x2146, 0x2967, 0x31A7, 0x31C8, 0x39E8, 0x31C8, 0x31E8,
  0x3A09, 0x31C8, 0x31E9, 0x422A, 0x422A, 0x4A6B, 0x4A8B, 0x424A, 0x4A6B, 0x4A8C, 0x424B, 0x52CC,
  0x4A6B, 0x426B, 0x4AAC, 0x52CD, 0x4A8C, 0x422A, 0x4AAC, 0x4A8C, 0x4AAC, 0x4AAC, 0x4A8B, 0x52CD,
  0x52CD, 0x4A8C, 0x52CC, 0x4AAC, 0x52CD, 0x52AC, 0x52AC, 0x4AAC, 0x4A8C, 0x52ED, 0x424B, 0x4A6B,
  0x4A6B, 0x424B, 0x4A8C, 0x4A8C, 0x4A6B, 0x52AC, 0x4A8B, 0x4A8B, 0x4A6B, 0x4AAC, 0x426B, 0x4A8B,
  0x426B, 0x424A, 0x4A6B, 0x424B, 0x424A, 0x426B, 0x424B, 0x424A, 0x424B, 0x424A, 0x426B, 0x424B,
  0x424A, 0x4A6B, 0x426B, 0x424B, 0x424B, 0x424A, 0x424A, 0x426B, 0x422A, 0x422A, 0x3A09, 0x422A,
  0x3A2A, 0x3A0A, 0x3A2A, 0x422A, 0x3A2A, 0x39E9, 0x31E9, 0x31C9, 0x2987, 0x31C8, 0x2987, 0x29A8,
  0x2167, 0x2967, 0x2967, 0x2146, 0x1925, 0x10C4, 0x10A3, 0x4A8C, 0x1905, 0x18E4, 0x10C4, 0x1104,
  0x1145, 0x2145, 0x2987, 0x2988, 0x424B, 0x10C3, 0x18E4, 0x31C8, 0x31C8, 0x31A8, 0x31C8, 0x3A09,
  0x31C8, 0x31E9, 0x422A, 0x424A, 0x52AC, 0x4A8C, 0x4A8B, 0x52AC, 0x52CD, 0x52ED, 0x4AAC, 0x4AAC,
  0x52CC, 0x52CD, 0x52AC, 0x52CD, 0x52CC, 0x5B0E, 0x52AC, 0x52ED, 0x52CD, 0x4AAC, 0x52AC, 0x52ED,
  0x52CD, 0x52ED, 0x52CD, 0x52ED, 0x52ED, 0x52AC, 0x52ED, 0x52CD, 0x5B0E, 0x52ED, 0x52ED, 0x5B0E,
  0x52ED, 0x52ED, 0x52ED, 0x5B0E, 0x5AEE, 0x5AED, 0x52ED, 0x52CC, 0x5B2E, 0x5B0E, 0x5B0E, 0x632E,
  0x5B0E, 0x5B0E, 0x632E, 0x634F, 0x5B0E, 0x5B2E, 0x632F, 0x5B2E, 0x5B0E, 0x5B2E, 0x5B0E, 0x5B0E,
  0x5B0E, 0x5B2E, 0x5B0E, 0x5B0E, 0x634F, 0x5B2E, 0x5AED, 0x5B0E, 0x52ED, 0x52CD, 0x52CD, 0x52CD,
  0x52CD, 0x4A8C, 0x4AAC, 0x4AAC, 0x4AAC, 0x4AAC, 0x4A6B, 0x424B, 0x4A6B, 0x422A, 0x424A, 0x424B,
  0x422A, 0x422A, 0x31E9, 0x31E8, 0x31C8, 0x29A8, 0x2987, 0x31A8, 0x31A8, 0x31A8, 0x422A, 0x424A,
  0x18E4, 0x0882, 0x2967, 0x2987, 0x31A7, 0x31C8, 0x31C8, 0x31C8, 0x31C8, 0x31C8, 0x39E9, 0x31C8,
  0x31A8, 0x39E9, 0x3A09, 0x39E9, 0x31A8, 0x31A8, 0x31A8, 0x31C8, 0x2146, 0x2146, 0x0041, 0x3A08,
  0x5B0D, 0x2967, 0x2987, 0x2146, 0x2146, 0x2967, 0x2987, 0x2987, 0x31C8, 0x31A8, 0x31C8, 0x31C8,
  0x31A8, 0x31E9, 0x39E9, 0x422A, 0x424B, 0x426B, 0x3A2A, 0x424A, 0x424B, 0x424B, 0x4A8B, 0x426B,
  0x424B, 0x4A6B, 0x426B, 0x426B, 0x4A6C, 0x426B, 0x4A8B, 0x426B, 0x4A8C, 0x4A6B, 0x4A6B, 0x4A8C,
  0x4A8C, 0x4A6B, 0x4A6B, 0x4A8C, 0x4A6B, 0x52AC, 0x4A8B, 0x4A6B, 0x4AAC, 0x4A6B, 0x4A6B, 0x426B,
  0x426B, 0x424B, 0x426B, 0x426B, 0x424B, 0x426B, 0x4A8B, 0x424B, 0x4A6B, 0x426B, 0x426B, 0x426B,
  0x426B, 0x3A0A, 0x426B, 0x424A, 0x3A2A, 0x422A, 0x424A, 0x3A2A, 0x3A2A, 0x422A, 0x424B, 0x3A0A,
  0x3A09, 0x424B, 0x422A, 0x424B, 0x3A09, 0x422A, 0x424B, 0x3A0A, 0x422A, 0x3A2A, 0x3A09, 0x424A,
  0x3A2A, 0x3A2A, 0x3A2A, 0x3A09, 0x39E9, 0x31A8, 0x31C8, 0x29A8, 0x31C8, 0x29A8, 0x2987, 0x2967,
  0x2146, 0x2167, 0x2146, 0x2126, 0x2126, 0x10A3, 0x10C3, 0x4A8B, 0x18E5, 0x18E4, 0x10C4, 0x1104,
  0x1165, 0x1905, 0x2967, 0x29A8, 0x3A0A, 0x1904, 0x18E4, 0x31A7, 0x31A7, 0x31A8, 0x31A8, 0x2987,
  0x31C8, 0x31C8, 0x3A09, 0x422A, 0x422A, 0x4A8C, 0x426B, 0x4A8C, 0x4A8B, 0x4A8B, 0x4A8C, 0x4A8C,
  0x4A8B, 0x4A8C, 0x52AC, 0x4A8C, 0x4AAC, 0x4A8B, 0x4AAC, 0x4A6B, 0x52CD, 0x4AAC, 0x4AAC, 0x4A8C,
  0x426B, 0x52CC, 0x52CC, 0x4A8B, 0x4A8B, 0x5B0E, 0x52AC, 0x52CD, 0x5AEE, 0x52CD, 0x4AAC, 0x52CD,
  0x52CD, 0x52CD, 0x52CD, 0x5B0E, 0x5B0E, 0x52CD, 0x52CD, 0x4AAC, 0x52CD, 0x52ED, 0x52CD, 0x5AED,
  0x5B0E, 0x5B0D, 0x5B0E, 0x5B2E, 0x5AEE, 0x4AAC, 0x52CD, 0x5B0E, 0x52CD, 0x5AED, 0x52ED, 0x5B0E,
  0x5B0E, 0x5B2E, 0x5B2E, 0x52ED, 0x5AED, 0x5AEE, 0x5AED, 0x52ED, 0x52CD, 0x52CD, 0x52CC, 0x52CD,
  0x52AC, 0x4A8C, 0x4A6B, 0x4A6B, 0x4A8B, 0x4A6B, 0x4A8B, 0x426B, 0x424A, 0x424B, 0x422A, 0x422A,
  0x422A, 0x3A2A, 0x31E9, 0x31E9, 0x31E9, 0x31A8, 0x29A8, 0x2987, 0x2987, 0x31A8, 0x31C8, 0x39E9,
  0x39E9, 0x10C3, 0x10A3, 0x2987, 0x2126, 0x2967, 0x31A8, 0x31C8, 0x31C8, 0x31C8, 0x31A8, 0x31C8,
  0x31E9, 0x31C8, 0x31C8, 0x39E9, 0x39E9, 0x31A8, 0x2967, 0x2126, 0x2146, 0x0862, 0x2966, 0x6B8F,
  0x2987, 0x2967, 0x2146, 0x2946, 0x2987, 0x2987, 0x2987, 0x31A8, 0x31C8, 0x31C9, 0x31C8, 0x31C8,
  0x31C9, 0x39E9, 0x3A2A, 0x3A2A, 0x3A2A, 0x3A2A, 0x424A, 0x3A0A, 0x424B, 0x426B, 0x3A2A, 0x426B,
  0x4A8B, 0x424B, 0x3A2A, 0x4A6B, 0x4A6B, 0x426B, 0x426B, 0x424B, 0x426B, 0x424B, 0x426B, 0x4A8B,
  0x4A8C, 0x426B, 0x4A8C, 0x4A6B, 0x424B, 0x426B, 0x424B, 0x424A, 0x4A6B, 0x426B, 0x424B, 0x424B,
  0x424A, 0x3A2A, 0x422A, 0x426B, 0x422A, 0x426B, 0x424B, 0x422A, 0x426B, 0x422A, 0x424B, 0x422A,
  0x424A, 0x3A2A, 0x424B, 0x3A2A, 0x3A0A, 0x3A2A, 0x39E9, 0x3A09, 0x424A, 0x424A, 0x422A, 0x3A0A,
  0x3A0A, 0x422A, 0x3A2A, 0x3A2A, 0x3A0A, 0x3A2A, 0x3A09, 0x3A09, 0x3A0A, 0x422A, 0x424A, 0x3A0A,
  0x39E9, 0x3A09, 0x422A, 0x31C9, 0x31C8, 0x31C8, 0x31C8, 0x29A8, 0x31A8, 0x2967, 0x2987, 0x2167,
  0x2146, 0x2146, 0x2146, 0x2146, 0x2125, 0x10A3, 0x2105, 0x4A8B, 0x10C4, 0x18E5, 0x10C4, 0x1125,
  0x1165, 0x1925, 0x2966, 0x2967, 0x422A, 0x2146, 0x10C3, 0x2987, 0x31A7, 0x2987, 0x31A7, 0x31C8,
  0x31A7, 0x31C8, 0x31C8, 0x3A29, 0x3A0A, 0x426B, 0x4AAC, 0x4A6B, 0x4A8B, 0x4A8B, 0x4A8B, 0x4A8B,
  0x4A6B, 0x4A8B, 0x4A8B, 0x4A8B, 0x4A6B, 0x52CD, 0x4AAC, 0x4A8B, 0x4AAC, 0x4AAC, 0x4A8B, 0x4AAC,
  0x52AC, 0x4AAC, 0x4A8B, 0x4AAC, 0x52AC, 0x4A8C, 0x4A8C, 0x4AAC, 0x4AAC, 0x52CC, 0x4AAC, 0x4A8C,
  0x4AAC, 0x52AC, 0x52CD, 0x52CC, 0x4A8C, 0x52AC, 0x52CD, 0x52AC, 0x52CD, 0x52CD, 0x5AED, 0x52ED,
  0x52CD, 0x52CD, 0x52CD, 0x52AC, 0x52AC, 0x52ED, 0x52ED, 0x4AAC, 0x52CD, 0x52ED, 0x52CD, 0x52CD,
  0x52CD, 0x5B0E, 0x52ED, 0x5AED, 0x52ED, 0x4AAC, 0x52CD, 0x4AAC, 0x4A8C, 0x4AAC, 0x4A8C, 0x4A8B,
  0x4A8C, 0x4A8B, 0x4A6B, 0x4A8C, 0x426B, 0x424B, 0x422A, 0x424B, 0x3A2A, 0x422A, 0x424B, 0x424A,
  0x3A2A, 0x39E9, 0x3A09, 0x31C8, 0x31E9, 0x31C8, 0x31A8, 0x2987, 0x2987, 0x31A8, 0x31A8, 0x31C8,
  0x31E9, 0x422A, 0x1904, 0x0883, 0x2967, 0x2967, 0x2146, 0x2967, 0x2987, 0x31A8, 0x31C8, 0x31A8,
  0x31A8, 0x31C8, 0x31A8, 0x31C8, 0x2987, 0x2146, 0x2146, 0x2146, 0x0041, 0x31A7, 0x73B0, 0x2967,
  0x2126, 0x2146, 0x2146, 0x2146, 0x2987, 0x2967, 0x31A8, 0x31E8, 0x31A8, 0x39E9, 0x31C8, 0x31C8,
  0x3A09, 0x3A09, 0x3A09, 0x3A09, 0x3A09, 0x3A09, 0x422A, 0x3A0A, 0x424B, 0x424A, 0x4A6B, 0x4A6B,
  0x424B, 0x424A, 0x424A, 0x422A, 0x424A, 0x426B, 0x424A, 0x422A, 0x4A6B, 0x424B, 0x424A, 0x422A,
  0x4A8C, 0x4A8C, 0x424B, 0x424B, 0x424A, 0x424B, 0x4A6B, 0x3A2A, 0x424B, 0x3A2A, 0x424B, 0x422A,
  0x3A09, 0x422A, 0x3A2A, 0x3A2A, 0x424B, 0x4A8B, 0x3A09, 0x3A2A, 0x3A2A, 0x3A2A, 0x424A, 0x3A2A,
  0x422A, 0x3A0A, 0x3A0A, 0x3A2A, 0x3A0A, 0x39E9, 0x31E9, 0x422A, 0x3A09, 0x422A, 0x3A09, 0x39E9,
  0x3A09, 0x31E9, 0x422A, 0x3A09, 0x39E9, 0x39E9, 0x3A0A, 0x39E9, 0x39E9, 0x3A0A, 0x39E9, 0x39E9,
  0x31A8, 0x3A09, 0x31C9, 0x31C8, 0x31C8, 0x31C8, 0x31C8, 0x2987, 0x2167, 0x2987, 0x2987, 0x1925,
  0x2126, 0x2146, 0x2146, 0x1926, 0x2125, 0x1083, 0x2966, 0x4A6B, 0x10C4, 0x18E4, 0x10C4, 0x1125,
  0x1965, 0x1925, 0x2966, 0x2166, 0x39E9, 0x2967, 0x10A3, 0x2967, 0x2987, 0x31A7, 0x2987, 0x31C8,
  0x31C8, 0x31A8, 0x39E9, 0x3A09, 0x3A09, 0x3A09, 0x4A6B, 0x422A, 0x4A6B, 0x4A6B, 0x3A09, 0x424A,
  0x426B, 0x426B, 0x424B, 0x4A8C, 0x424B, 0x424B, 0x4A8B, 0x4A6B, 0x426B, 0x4A8B, 0x4A8C, 0x4A6B,
  0x426B, 0x426B, 0x4A8C, 0x4A8B, 0x426B, 0x4A8C, 0x4A8C, 0x4A6B, 0x4A8C, 0x426B, 0x4A6B, 0x52CC,
  0x4A8C, 0x4A8B, 0x4A8B, 0x4A8B, 0x4A8B, 0x4A8C, 0x4A8B, 0x52AC, 0x52CC, 0x4A6B, 0x4A8C, 0x4AAC,
  0x4A8C, 0x426B, 0x4A8C, 0x4A8B, 0x52AC, 0x52ED, 0x4AAC, 0x52CC, 0x52CD, 0x4AAC, 0x52CD, 0x52CD,
  0x4AAC, 0x52CD, 0x52CC, 0x4AAC, 0x4A8C, 0x426B, 0x4A8C, 0x52CC, 0x426B, 0x426B, 0x426B, 0x424A,
  0x4A6B, 0x4A8C, 0x424A, 0x426B, 0x424B, 0x422A, 0x424A, 0x424A, 0x424A, 0x424A, 0x422A, 0x3A09,
  0x3A2A, 0x3A09, 0x3A09, 0x3A2A, 0x31C8, 0x31C8, 0x31C8, 0x31A8, 0x31C8, 0x31A8, 0x29A8, 0x2987,
  0x31A8, 0x31E9, 0x424B, 0x2987, 0x0862, 0x18E4, 0x2967, 0x2146, 0x2146, 0x2146, 0x2146, 0x2146,
  0x2967, 0x2987, 0x2146, 0x2146, 0x2146, 0x2146, 0x10C4, 0x0841, 0x4229, 0x6B8F, 0x2987, 0x2146,
  0x2967, 0x2146, 0x2146, 0x2987, 0x2967, 0x31A8, 0x31C8, 0x31A8, 0x3A09, 0x31A8, 0x39E9, 0x3A09,
  0x3A09, 0x31C8, 0x31E9, 0x424A, 0x3A2A, 0x424B, 0x3A09, 0x3A2A, 0x3A0A, 0x3A0A, 0x4A6B, 0x3A2A,
  0x3A0A, 0x422A, 0x422A, 0x31E9, 0x3A2A, 0x3A09, 0x39E9, 0x426B, 0x422A, 0x424A, 0x3A2A, 0x3A2A,
  0x424A, 0x3A2A, 0x3A2A, 0x422A, 0x426B, 0x3A2A, 0x3A09, 0x424A, 0x422A, 0x3A2A, 0x3A2A, 0x3A2A,
  0x3A2A, 0x422A, 0x3A2A, 0x422A, 0x424A, 0x3A0A, 0x3A2A, 0x3A09, 0x3A0A, 0x3A0A, 0x3A2A, 0x3A0A,
  0x39E9, 0x31C8, 0x3A2A, 0x3A09, 0x39E9, 0x31C9, 0x3A09, 0x39E9, 0x39E9, 0x3A09, 0x31C8, 0x39E9,
  0x3A09, 0x39E9, 0x3A09, 0x3A09, 0x3A09, 0x3A0A, 0x31C8, 0x31E9, 0x31C9, 0x3A09, 0x31C9, 0x31A8,
  0x31E9, 0x31E9, 0x31A8, 0x31A8, 0x31E9, 0x2987, 0x31A8, 0x2987, 0x2967, 0x2987, 0x2126, 0x1925,
  0x2146, 0x1905, 0x2126, 0x1925, 0x1925, 0x0882, 0x39E8, 0x3A09, 0x10A3, 0x18E4, 0x10C4, 0x1945,
  0x1985, 0x1124, 0x2125, 0x2987, 0x422A, 0x31C8, 0x0882, 0x2146, 0x2966, 0x2967, 0x31A8, 0x31A8,
  0x2987, 0x31A8, 0x31C8, 0x39E8, 0x3A0A, 0x3A2A, 0x3A09, 0x426B, 0x422A, 0x422A, 0x426B, 0x426B,
  0x424A, 0x424A, 0x426B, 0x4A6B, 0x4A8B, 0x424B, 0x4A6B, 0x426B, 0x424B, 0x424B, 0x424B, 0x424B,
  0x426B, 0x426B, 0x424A, 0x424A, 0x426B, 0x426B, 0x4A8B, 0x426B, 0x426B, 0x4A8C, 0x426B, 0x424B,
  0x426B, 0x426B, 0x426B, 0x426B, 0x426B, 0x4AAC, 0x4AAC, 0x4A8B, 0x4A8C, 0x4A6B, 0x4A8C, 0x426B,
  0x426B, 0x4A6B, 0x426B, 0x4A8C, 0x4A8B, 0x52CD, 0x4AAC, 0x52CC, 0x52CD, 0x4A8C, 0x426B, 0x426B,
  0x4A8C, 0x4A8C, 0x4A8C, 0x4A8B, 0x4A8C, 0x4A6B, 0x426B, 0x426B, 0x426B, 0x424A, 0x424B, 0x422A,
  0x422A, 0x424B, 0x4A6B, 0x424A, 0x422A, 0x3A09, 0x424A, 0x422A, 0x422A, 0x3A2A, 0x3A2A, 0x3A09,
  0x3A09, 0x3A0A, 0x3A09, 0x39E9, 0x39E9, 0x31C8, 0x31C8, 0x31E9, 0x31A8, 0x2987, 0x2987, 0x2987,
  0x29A7, 0x29A8, 0x31C8, 0x422A, 0x4A6B, 0x2946, 0x1082, 0x10A3, 0x1905, 0x2125, 0x2146, 0x2146,
  0x2146, 0x2146, 0x2146, 0x1925, 0x10C4, 0x0882, 0x2986, 0x6B6F, 0x5B0D, 0x2126, 0x2126, 0x2987,
  0x2966, 0x2146, 0x3187, 0x2987, 0x29A7, 0x31C8, 0x31C8, 0x3A09, 0x31C8, 0x29A7, 0x39E9, 0x31C9,
  0x31C8, 0x31C8, 0x39E9, 0x3A0A, 0x31E9, 0x39E9, 0x3A0A, 0x422A, 0x3A2A, 0x424B, 0x3A0A, 0x3A2A,
  0x424A, 0x3A2A, 0x3A09, 0x3A2A, 0x3A0A, 0x31E9, 0x424A, 0x422A, 0x3A0A, 0x422A, 0x426B, 0x424B,
  0x3A2A, 0x3A09, 0x3A2A, 0x422A, 0x3A2A, 0x3A09, 0x422A, 0x3A0A, 0x3A0A, 0x3A09, 0x39E9, 0x3A2A,
  0x3A09, 0x3A0A, 0x3A09, 0x422A, 0x3A0A, 0x3A09, 0x3A09, 0x3A09, 0x31E9, 0x3A09, 0x3A09, 0x31E9,
  0x31C8, 0x3A09, 0x39E9, 0x31E9, 0x31E9, 0x31C8, 0x39E9, 0x31E9, 0x3A09, 0x31C9, 0x31C8, 0x31C9,
  0x31E9, 0x31E9, 0x3A2A, 0x3A09, 0x39E9, 0x39E9, 0x39E9, 0x31C8, 0x31E9, 0x31C8, 0x31A8, 0x31C8,
  0x31C8, 0x31A8, 0x31C8, 0x31C8, 0x29A8, 0x2987, 0x31C8, 0x2967, 0x29A8, 0x2967, 0x2126, 0x2126,
  0x2126, 0x2126, 0x2126, 0x1925, 0x1905, 0x0862, 0x4A6A, 0x31C8, 0x10C4, 0x18C4, 0x10E4, 0x1965,
  0x1985, 0x1124, 0x2125, 0x2146, 0x31C8, 0x422A, 0x0882, 0x2125, 0x31A8, 0x2146, 0x2987, 0x31A8,
  0x31A7, 0x31A7, 0x39E9, 0x3A09, 0x31E9, 0x422A, 0x422A, 0x3A09, 0x424A, 0x422A, 0x31E9, 0x3A2A,
  0x422A, 0x3A2A, 0x4A6B, 0x3A2A, 0x426B, 0x424A, 0x3A2A, 0x424A, 0x422A, 0x422A, 0x4A8B, 0x422A,
  0x424A, 0x422A, 0x422A, 0x424A, 0x424B, 0x426B, 0x3A2A, 0x4A6B, 0x424A, 0x422A, 0x4A6B, 0x426B,
  0x4A8B, 0x4A8B, 0x424A, 0x4A6B, 0x426B, 0x426B, 0x426B, 0x4A8B, 0x4A6B, 0x4A8C, 0x426B, 0x426B,
  0x424B, 0x424B, 0x424B, 0x424A, 0x4A6B, 0x4A8B, 0x4AAC, 0x4AAC, 0x4A6B, 0x4A6B, 0x426B, 0x426B,
  0x424B, 0x424A, 0x4A6B, 0x426B, 0x424B, 0x424B, 0x424A, 0x424A, 0x424A, 0x424B, 0x424B, 0x424A,
  0x424A, 0x424A, 0x422A, 0x3A0A, 0x422A, 0x3A2A, 0x3A0A, 0x3A0A, 0x3A09, 0x3A2A, 0x424A, 0x3A09,
  0x3A09, 0x3A09, 0x3A09, 0x3A09, 0x39E9, 0x39E9, 0x31E9, 0x31A8, 0x31C8, 0x31A8, 0x29A7, 0x2987,
  0x29A8, 0x31A8, 0x2988, 0x31A8, 0x39E9, 0x52AC, 0x52AC, 0x4229, 0x2125, 0x18C4, 0x10A3, 0x10A3,
  0x10A3, 0x10A3, 0x10A3, 0x2105, 0x3A09, 0x6B6F, 0x6B90, 0x420A, 0x2126, 0x2146, 0x2967, 0x2146,
  0x2146, 0x31A7, 0x31A8, 0x2987, 0x31A8, 0x31C8, 0x39E9, 0x31A8, 0x2987, 0x3A09, 0x31C8, 0x3A09,
  0x3A09, 0x3A09, 0x3A09, 0x39E9, 0x3A0A, 0x31E9, 0x3A2A, 0x424B, 0x3A2A, 0x3A0A, 0x3A09, 0x3A2A,
  0x31E9, 0x31C8, 0x422A, 0x3A0A, 0x39E9, 0x424A, 0x3A2A, 0x3A09, 0x3A2A, 0x3A2A, 0x3A2A, 0x3A0A,
  0x39E9, 0x3A2A, 0x422A, 0x3A0A, 0x3A09, 0x39E9, 0x31E9, 0x31E9, 0x39E9, 0x31E9, 0x3A09, 0x31C8,
  0x3A09, 0x3A2A, 0x31E9, 0x3A09, 0x31E9, 0x3A09, 0x31C8, 0x31C8, 0x3A0A, 0x39E9, 0x31C8, 0x31C9,
  0x31E9, 0x31E9, 0x31C8, 0x3A09, 0x31E9, 0x31A8, 0x31C8, 0x31C8, 0x31C8, 0x29A8, 0x29A8, 0x31C9,
  0x31C8, 0x31E9, 0x31E9, 0x31A8, 0x31C8, 0x39E9, 0x39E9, 0x31C8, 0x31C8, 0x31A8, 0x31C8, 0x31C8,
  0x29A7, 0x31C8, 0x2988, 0x31A8, 0x2987, 0x31A8, 0x2987, 0x2987, 0x2146, 0x2146, 0x2126, 0x2126,
  0x2126, 0x1925, 0x2126, 0x1905, 0x18E4, 0x0882, 0x4A6B, 0x2966, 0x10C4, 0x18C4, 0x1104, 0x1986,
  0x1965, 0x1144, 0x2126, 0x2987, 0x2987, 0x424B, 0x10C3, 0x1905, 0x2987, 0x2987, 0x2967, 0x31A8,
  0x29A8, 0x31A8, 0x2987, 0x31E9, 0x3A09, 0x31C9, 0x39E9, 0x3A09, 0x39E9, 0x3A09, 0x424A, 0x3A2A,
  0x424A, 0x3A09, 0x424A, 0x422A, 0x39E9, 0x422A, 0x422A, 0x3A2A, 0x422A, 0x422A, 0x3A09, 0x424B,
  0x3A09, 0x422A, 0x422A, 0x424A, 0x4A6B, 0x3A2A, 0x39E9, 0x3A0A, 0x422A, 0x424A, 0x424B, 0x424A,
  0x422A, 0x4A6B, 0x424A, 0x424A, 0x426B, 0x424A, 0x426B, 0x4A6B, 0x424A, 0x422A, 0x424B, 0x424B,
  0x3A2A, 0x3A2A, 0x3A2A, 0x3A2A, 0x4A8C, 0x424A, 0x3A2A, 0x424A, 0x424B, 0x422A, 0x3A2A, 0x3A2A,
  0x3A2A, 0x422A, 0x3A2A, 0x424A, 0x424B, 0x424B, 0x424A, 0x426B, 0x424A, 0x424B, 0x424A, 0x424B,
  0x424A, 0x422A, 0x424A, 0x422A, 0x3A09, 0x422A, 0x3A2A, 0x3A0A, 0x422A, 0x424A, 0x3A09, 0x422A,
  0x3A0A, 0x3A0A, 0x3A2A, 0x3A0A, 0x39E9, 0x3A09, 0x39E9, 0x31E9, 0x31C8, 0x31C8, 0x31C8, 0x29A8,
  0x2987, 0x29A8, 0x2987, 0x2967, 0x2146, 0x2967, 0x39E9, 0x426B, 0x52CD, 0x5AED, 0x52CC, 0x52CC,
  0x52CC, 0x5AED, 0x632E, 0x6B6F, 0x5B0E, 0x3A0A, 0x2146, 0x2146, 0x2987, 0x2987, 0x2987, 0x2987,
  0x31A7, 0x2987, 0x2987, 0x31A8, 0x39E8, 0x39E9, 0x31C8, 0x31C8, 0x3A09, 0x39E9, 0x3A09, 0x3A09,
  0x31E9, 0x3A09, 0x422A, 0x39E9, 0x3A09, 0x3A2A, 0x3A2A, 0x3A0A, 0x3A0A, 0x39E9, 0x39E9, 0x39E9,
  0x3A2A, 0x3A2A, 0x31E9, 0x3A09, 0x3A0A, 0x3A2A, 0x39E9, 0x3A09, 0x3A0A, 0x422A, 0x3A0A, 0x31C8,
  0x39E9, 0x39E9, 0x31E9, 0x31C8, 0x31E9, 0x39E9, 0x31E9, 0x39E9, 0x39E9, 0x39E9, 0x31E9, 0x3A09,
  0x31E9, 0x31E9, 0x3A2A, 0x3A09, 0x31E9, 0x31E9, 0x2987, 0x31C8, 0x31C8, 0x2987, 0x31C9, 0x31C8,
  0x31C8, 0x31A8, 0x31E9, 0x31C8, 0x31C8, 0x31A8, 0x29A8, 0x2987, 0x31C8, 0x31A8, 0x31C8, 0x31A8,
  0x31C8, 0x39E9, 0x2987, 0x31C8, 0x31C8, 0x31C9, 0x31A8, 0x31C8, 0x31A8, 0x31A8, 0x2987, 0x29A7,
  0x31C8, 0x2987, 0x31A7, 0x31A7, 0x31A7, 0x2966, 0x2967, 0x2966, 0x2967, 0x2146, 0x2126, 0x2146,
  0x1905, 0x1905, 0x1925, 0x1905, 0x18E4, 0x10A3, 0x52AC, 0x2126, 0x18E5, 0x10C4, 0x1104, 0x1986,
  0x1965, 0x1945, 0x1925, 0x2167, 0x31A8, 0x424A, 0x18E4, 0x18E4, 0x2987, 0x2966, 0x2987, 0x2987,
  0x2987, 0x31A8, 0x31E9, 0x29A8, 0x31A8, 0x39E9, 0x39E9, 0x422A, 0x3A09, 0x3A2A, 0x3A2A, 0x424A,
  0x39E9, 0x424A, 0x3A09, 0x422A, 0x3A09, 0x3A2A, 0x39E9, 0x3A0A, 0x424A, 0x424A, 0x422A, 0x422A,
  0x422A, 0x422A, 0x422A, 0x422A, 0x422A, 0x424A, 0x424A, 0x422A, 0x420A, 0x422A, 0x3A2A, 0x422A,
  0x424A, 0x422A, 0x422A, 0x422A, 0x426B, 0x426B, 0x424A, 0x424A, 0x3A2A, 0x422A, 0x422A, 0x3A2A,
  0x3A2A, 0x3A2A, 0x424A, 0x424A, 0x3A2A, 0x426B, 0x422A, 0x422A, 0x424A, 0x422A, 0x424A, 0x424B,
  0x3A09, 0x422A, 0x3A29, 0x3A09, 0x424A, 0x3A2A, 0x422A, 0x424A, 0x424A, 0x422A, 0x422A, 0x3A2A,
  0x424B, 0x424A, 0x3A2A, 0x424A, 0x3A2A, 0x422A, 0x3A2A, 0x3A0A, 0x422A, 0x3A09, 0x3A2A, 0x422A,
  0x3A2A, 0x424A, 0x3A2A, 0x3A2A, 0x3A2A, 0x39E9, 0x3A0A, 0x3A09, 0x39E9, 0x31C8, 0x31A8, 0x31A8,
  0x31A8, 0x31A8, 0x31A8, 0x2987, 0x2967, 0x2967, 0x2146, 0x2126, 0x2146, 0x2987, 0x39E9, 0x3A0A,
  0x3A09, 0x39E9, 0x31A8, 0x2146, 0x2126, 0x2146, 0x2987, 0x2987, 0x2987, 0x2967, 0x2967, 0x31A8,
  0x2967, 0x31A7, 0x31C8, 0x31A8, 0x2987, 0x39E9, 0x31A8, 0x31C8, 0x39E9, 0x39E9, 0x3A09, 0x31C8,
  0x31E9, 0x3A09, 0x3A2A, 0x39E9, 0x422A, 0x3A09, 0x39E9, 0x3A0A, 0x3A0A, 0x31E9, 0x39E9, 0x31C8,
  0x39E9, 0x39E9, 0x3A09, 0x31C8, 0x31C8, 0x39E9, 0x39E9, 0x3A09, 0x39E9, 0x39E9, 0x31C8, 0x31E9,
  0x31C8, 0x31C8, 0x39E9, 0x3A09, 0x31C9, 0x31C8, 0x31C9, 0x31E9, 0x31E9, 0x39E9, 0x39E9, 0x39E9,
  0x31A8, 0x31C8, 0x31C8, 0x31E9, 0x31A8, 0x29A8, 0x31A8, 0x31C8, 0x31A8, 0x39E9, 0x31E9, 0x31C8,
  0x31A8, 0x31C8, 0x29A8, 0x2987, 0x29A8, 0x31C8, 0x2987, 0x31A8, 0x31C8, 0x31A8, 0x2988, 0x31C8,
  0x31C8, 0x31A8, 0x29A8, 0x3A0A, 0x2988, 0x31A8, 0x31E9, 0x29A8, 0x31C8, 0x2987, 0x2987, 0x31C8,
  0x2987, 0x31C8, 0x31A8, 0x31A8, 0x2987, 0x2967, 0x2987, 0x2146, 0x2987, 0x2126, 0x2125, 0x1905,
  0x2125, 0x2125, 0x1905, 0x1905, 0x10C4, 0x1904, 0x52AC, 0x18E5, 0x18E5, 0x10C4, 0x1125, 0x1986,
  0x1965, 0x1965, 0x1904, 0x2146, 0x2967, 0x3A2A, 0x2146, 0x10A3, 0x2146, 0x2987, 0x2966, 0x2146,
  0x2967, 0x2967, 0x31A7, 0x39E9, 0x39E9, 0x31E9, 0x31C8, 0x31C8, 0x31E8, 0x39E9, 0x422A, 0x3A09,
  0x422A, 0x3A09, 0x39E9, 0x3A09, 0x39E9, 0x3A09, 0x422A, 0x422A, 0x3A09, 0x422A, 0x3A2A, 0x422A,
  0x3A09, 0x3A09, 0x3A2A, 0x3A2A, 0x3A09, 0x3A09, 0x422A, 0x3A2A, 0x39E9, 0x3A09, 0x3A09, 0x3A0A,
  0x424A, 0x422A, 0x422A, 0x424A, 0x422A, 0x426B, 0x3A0A, 0x422A, 0x424A, 0x3A2A, 0x422A, 0x3A2A,
  0x3A0A, 0x3A2A, 0x31E9, 0x3A09, 0x3A2A, 0x3A09, 0x3A29, 0x424A, 0x424A, 0x3A0A, 0x3A09, 0x3A09,
  0x3A09, 0x31E9, 0x39E9, 0x3A09, 0x39E9, 0x39E9, 0x422A, 0x424A, 0x3A2A, 0x3A2A, 0x424A, 0x3A2A,
  0x3A09, 0x422A, 0x3A09, 0x422A, 0x3A2A, 0x3A2A, 0x3A2A, 0x3A0A, 0x3A2A, 0x3A09, 0x3A09, 0x3A2A,
  0x424A, 0x3A09, 0x3A09, 0x3A09, 0x3A09, 0x3A09, 0x3A09, 0x3A2A, 0x3A2A, 0x3A09, 0x31E8, 0x31C8,
  0x39E9, 0x31A8, 0x31A8, 0x31A8, 0x2987, 0x2967, 0x2967, 0x2987, 0x2987, 0x2967, 0x2967, 0x2146,
  0x2146, 0x2146, 0x2967, 0x2967, 0x2967, 0x31A7, 0x2967, 0x2987, 0x31A8, 0x31A8, 0x31A8, 0x31C8,
  0x31A8, 0x31A8, 0x31E8, 0x31C8, 0x31A8, 0x31C8, 0x39E8, 0x39E9, 0x31C8, 0x31A8, 0x39E9, 0x424A,
  0x3A09, 0x3A2A, 0x39E9, 0x3A2A, 0x422A, 0x3A0A, 0x31E9, 0x31C8, 0x39E9, 0x39E9, 0x3A0A, 0x3A09,
  0x39E9, 0x3A09, 0x31C9, 0x3A09, 0x3A0A, 0x3A09, 0x39E9, 0x31C8, 0x39E9, 0x31C8, 0x31C8, 0x39E9,
  0x31E9, 0x31E8, 0x31C8, 0x31C8, 0x31C8, 0x31C8, 0x31C8, 0x31C8, 0x31E9, 0x31A8, 0x31C8, 0x31C8,
  0x31A8, 0x39E9, 0x31C8, 0x29A8, 0x31A8, 0x31A8, 0x31A8, 0x31A7, 0x31A8, 0x31C8, 0x31C8, 0x31A8,
  0x31A8, 0x31A8, 0x2967, 0x31C8, 0x31C8, 0x2987, 0x31C8, 0x31A8, 0x31C8, 0x29A8, 0x29A8, 0x31C8,
  0x31A8, 0x29A8, 0x29A8, 0x29A8, 0x2987, 0x31E8, 0x2987, 0x31C8, 0x31A8, 0x31A8, 0x29A7, 0x31A8,
  0x31A8, 0x29A7, 0x31C8, 0x2967, 0x2146, 0x2987, 0x2146, 0x2967, 0x2146, 0x2126, 0x2125, 0x2125,
  0x1905, 0x1905, 0x1905, 0x1905, 0x0883, 0x2966, 0x4A6B, 0x10C4, 0x18E5, 0x10C4, 0x1145, 0x1985,
  0x1965, 0x1965, 0x1104, 0x2966, 0x2166, 0x3A09, 0x31A7, 0x0882, 0x2125, 0x2146, 0x29A7, 0x2966,
  0x2146, 0x31A8, 0x29A7, 0x2988, 0x31C8, 0x3A09, 0x3A09, 0x31C9, 0x3A09, 0x39E9, 0x39E9, 0x3A09,
  0x3A09, 0x39E9, 0x39E9, 0x422A, 0x3A09, 0x3A0A, 0x3A0A, 0x31E9, 0x3A09, 0x39E9, 0x39E9, 0x422A,
  0x422A, 0x3A09, 0x39E9, 0x31C8, 0x3A09, 0x39E9, 0x39E9, 0x3A09, 0x3A09, 0x39E9, 0x420A, 0x424A,
  0x3A29, 0x422A, 0x3A2A, 0x3A09, 0x3A09, 0x424A, 0x424A, 0x3A0A, 0x422A, 0x3A09, 0x3A0A, 0x3A09,
  0x3A2A, 0x3A2A, 0x3A09, 0x3A09, 0x3A2A, 0x3A2A, 0x3A0A, 0x3A2A, 0x3A2A, 0x31E9, 0x31C9, 0x31E9,
  0x3A0A, 0x39E9, 0x31E9, 0x3A09, 0x3A2A, 0x3A2A, 0x3A2A, 0x3A2A, 0x422A, 0x3A2A, 0x3A09, 0x3A2A,
  0x3A0A, 0x3A0A, 0x3A2A, 0x3A0A, 0x424A, 0x3A2A, 0x3A09, 0x3A2A, 0x3A09, 0x3A0A, 0x424A, 0x3A09,
  0x3A09, 0x3A09, 0x39E9, 0x39E9, 0x3A0A, 0x3A09, 0x39E9, 0x39E9, 0x3A2A, 0x39E9, 0x3A09, 0x39E9,
  0x31C8, 0x31C8, 0x31C8, 0x31A8, 0x2987, 0x29A7, 0x31A7, 0x31A8, 0x2987, 0x2967, 0x2987, 0x2987,
  0x2967, 0x2967, 0x2967, 0x2987, 0x2987, 0x31A8, 0x2987, 0x2987, 0x31A8, 0x31A8, 0x31A8, 0x31C8,
  0x31E8, 0x31C8, 0x31A8, 0x31C8, 0x39E9, 0x39E9, 0x31A8, 0x39E9, 0x39E9, 0x3A09, 0x3A29, 0x39E9,
  0x39E9, 0x39E9, 0x3A09, 0x422A, 0x3A09, 0x3A09, 0x39E9, 0x39E9, 0x31C9, 0x39E9, 0x31E9, 0x39E9,
  0x3A2A, 0x3A2A, 0x3A09, 0x39E9, 0x31E9, 0x31C9, 0x39E9, 0x31E9, 0x31C9, 0x31E9, 0x31E9, 0x31C9,
  0x31C8, 0x31C8, 0x31C8, 0x31C8, 0x31C8, 0x29A8, 0x31C8, 0x31A8, 0x31A8, 0x31C9, 0x2987, 0x31A8,
  0x31C8, 0x31C8, 0x31A8, 0x31C8, 0x31C8, 0x31C8, 0x31A8, 0x31A8, 0x31A8, 0x31C8, 0x31C8, 0x31A8,
  0x29A8, 0x29A7, 0x31A8, 0x31C8, 0x29A7, 0x31A8, 0x2987, 0x2987, 0x31A8, 0x31A8, 0x31C8, 0x31C8,
  0x31C8, 0x31C8, 0x2987, 0x31A8, 0x31C8, 0x2987, 0x2987, 0x31A7, 0x31A7, 0x29A7, 0x31A8, 0x31A8,
  0x31A8, 0x29A8, 0x2987, 0x2967, 0x2987, 0x2987, 0x2967, 0x2966, 0x2146, 0x1925, 0x1905, 0x2126,
  0x1905, 0x1905, 0x1905, 0x18E4, 0x0862, 0x39E8, 0x3A2A, 0x10C4, 0x1905, 0x10C4, 0x1965, 0x1985,
  0x1965, 0x1965, 0x1104, 0x2126, 0x2967, 0x31A8, 0x3A09, 0x0882, 0x2125, 0x2146, 0x2146, 0x2987,
  0x2987, 0x2967, 0x31C8, 0x31A8, 0x31C8, 0x31C8, 0x31C8, 0x39E9, 0x3A09, 0x39E9, 0x39E9, 0x39E9,
  0x39E9, 0x39E9, 0x31C8, 0x3A09, 0x39E9, 0x3A09, 0x3A09, 0x39E9, 0x39E9, 0x3A09, 0x31C8, 0x31E8,
  0x3A09, 0x3A09, 0x39E9, 0x3A09, 0x3A09, 0x3A09, 0x4229, 0x424A, 0x39E9, 0x31C8, 0x39E9, 0x31C8,
  0x3A09, 0x3A09, 0x3A0A, 0x3A0A, 0x39E9, 0x3A09, 0x39E9, 0x39E9, 0x3A0A, 0x3A09, 0x39E9, 0x3A09,
  0x31E9, 0x3A2A, 0x3A09, 0x422A, 0x39E9, 0x3A09, 0x3A2A, 0x3A2A, 0x3A09, 0x3A2A, 0x3A2A, 0x31E9,
  0x3A09, 0x3A2A, 0x3A09, 0x3A09, 0x3A2A, 0x422A, 0x424A, 0x3A2A, 0x39E9, 0x3A09, 0x3A09, 0x3A09,
  0x3A09, 0x3A0A, 0x3A2A, 0x3A2A, 0x31E9, 0x3A0A, 0x3A2A, 0x3A2A, 0x3A09, 0x3A2A, 0x424A, 0x422A,
  0x3A09, 0x3A09, 0x3A0A, 0x3A0A, 0x3A09, 0x3A09, 0x3A0A, 0x3A2A, 0x39E9, 0x3A09, 0x3A2A, 0x31E9,
  0x3A09, 0x39E9, 0x31E8, 0x31C8, 0x31C8, 0x31A8, 0x31A8, 0x31A8, 0x29A7, 0x31A8, 0x2987, 0x2987,
  0x3187, 0x2987, 0x29A7, 0x29A7, 0x29A7, 0x29A7, 0x31C8, 0x31C8, 0x31C8, 0x31C8, 0x31A8, 0x31C8,
  0x31A8, 0x2988, 0x31C8, 0x3A09, 0x3A09, 0x31C8, 0x39E9, 0x31C8, 0x3A09, 0x39E9, 0x39E9, 0x39E9,
  0x3A09, 0x3A09, 0x3A09, 0x31C8, 0x39E9, 0x39E9, 0x31E9, 0x31E9, 0x31C9, 0x39E9, 0x39E9, 0x39E9,
  0x31E9, 0x422A, 0x31E9, 0x31C8, 0x31C9, 0x31E9, 0x31E9, 0x31A8, 0x31A8, 0x29A8, 0x31C8, 0x31C8,
  0x31C8, 0x31E9, 0x31C8, 0x29A8, 0x31C8, 0x31A8, 0x29A8, 0x31A8, 0x31E9, 0x31A8, 0x2987, 0x31C8,
  0x31A8, 0x2987, 0x31C8, 0x31C8, 0x2987, 0x31C8, 0x31C8, 0x31C8, 0x31A8, 0x31C8, 0x2987, 0x31A8,
  0x29A8, 0x2987, 0x31C8, 0x31C8, 0x29A7, 0x31A8, 0x31A8, 0x31C8, 0x29A8, 0x31A8, 0x29A8, 0x29A8,
  0x31C8, 0x2987, 0x31C8, 0x31C8, 0x31A8, 0x31A8, 0x31A8, 0x31A8, 0x2987, 0x31C8, 0x31A8, 0x31A8,
  0x31A8, 0x2987, 0x2967, 0x2987, 0x2987, 0x2146, 0x2146, 0x2146, 0x2126, 0x1925, 0x2126, 0x1905,
  0x1905, 0x2125, 0x1905, 0x1905, 0x0862, 0x4A6B, 0x2987, 0x18E4, 0x18E5, 0x10E4, 0x1986, 0x1985,
  0x1965, 0x1985, 0x1124, 0x1905, 0x2146, 0x2987, 0x422A, 0x10C3, 0x18E4, 0x2966, 0x2967, 0x2146,
  0x2967, 0x2987, 0x2967, 0x2987, 0x31C8, 0x31C8, 0x31C8, 0x39E9, 0x39E9, 0x39E9, 0x3A09, 0x31C8,
  0x31C8, 0x39E8, 0x39E9, 0x31C8, 0x31C8, 0x31E8, 0x39E9, 0x39E9, 0x3A09, 0x39E9, 0x39E9, 0x39E9,
  0x39E8, 0x39E9, 0x39E9, 0x39E9, 0x3A09, 0x3A09, 0x3A09, 0x422A, 0x4209, 0x3A09, 0x39E9, 0x39E9,
  0x39E9, 0x3A09, 0x39E9, 0x39E9, 0x39E9, 0x31E9, 0x31E9, 0x3A0A, 0x3A0A, 0x31E9, 0x31C8, 0x31C8,
  0x3A09, 0x39E9, 0x39E9, 0x39E9, 0x3A09, 0x31E8, 0x31C8, 0x31C8, 0x39E9, 0x31E9, 0x31E9, 0x39E9,
  0x39E9, 0x39E9, 0x3A09, 0x3A09, 0x3A09, 0x39E9, 0x3A0A, 0x422A, 0x3A09, 0x31E9, 0x3A0A, 0x3A09,
  0x31E9, 0x3A09, 0x3A09, 0x3A09, 0x3A09, 0x3A09, 0x31E9, 0x3A09, 0x3A09, 0x3A0A, 0x3A2A, 0x3A09,
  0x3A09, 0x3A09, 0x3A0A, 0x3A2A, 0x422A, 0x3A09, 0x3A0A, 0x39E9, 0x3A0A, 0x3A09, 0x31E9, 0x3A09,
  0x31E9, 0x31C8, 0x31C8, 0x31C8, 0x39E9, 0x31C8, 0x31A8, 0x31C8, 0x31C8, 0x31A8, 0x31A8, 0x31C8,
  0x2987, 0x2987, 0x31E8, 0x31E9, 0x31C8, 0x31C8, 0x31C8, 0x31A8, 0x31E8, 0x39E9, 0x31A8, 0x31C9,
  0x31E9, 0x39E9, 0x31C8, 0x39E9, 0x31C8, 0x39E9, 0x3A09, 0x39E9, 0x3A09, 0x3A09, 0x3A09, 0x3A0A,
  0x39E9, 0x3A09, 0x31E9, 0x39E9, 0x3A09, 0x3A09, 0x39E9, 0x39E9, 0x3A09, 0x3A09, 0x31E9, 0x31E9,
  0x3A0A, 0x422A, 0x31C8, 0x29A8, 0x3A09, 0x31C9, 0x31E9, 0x31C8, 0x31A8, 0x31C8, 0x31E9, 0x31A8,
  0x39E9, 0x31A8, 0x31A8, 0x31C8, 0x31A8, 0x31A8, 0x2987, 0x29A8, 0x2987, 0x29A7, 0x29A8, 0x31A8,
  0x31A8, 0x31A8, 0x31A8, 0x31A8, 0x31C8, 0x31E8, 0x31C8, 0x31A8, 0x31A8, 0x29A7, 0x2167, 0x2987,
  0x2987, 0x2987, 0x31A8, 0x2987, 0x2987, 0x31C8, 0x31C8, 0x2987, 0x2987, 0x2987, 0x2987, 0x2987,
  0x2987, 0x2987, 0x31A8, 0x29A8, 0x29A7, 0x2987, 0x2966, 0x31A8, 0x31C8, 0x2987, 0x2967, 0x31A8,
  0x2987, 0x2987, 0x2967, 0x2987, 0x2167, 0x2967, 0x2126, 0x2146, 0x2126, 0x2125, 0x2125, 0x1925,
  0x1905, 0x1905, 0x1905, 0x18E4, 0x10A3, 0x52CC, 0x2146, 0x18E5, 0x10C4, 0x1104, 0x19A6, 0x1986,
  0x1965, 0x1965, 0x1145, 0x1925, 0x2966, 0x2967, 0x424A, 0x2125, 0x10A3, 0x2126, 0x2966, 0x2146,
  0x2146, 0x2987, 0x2987, 0x2166, 0x2987, 0x31C8, 0x31C8, 0x31C8, 0x31C8, 0x3A09, 0x39E9, 0x3A09,
  0x39E9, 0x39E9, 0x39E9, 0x39E8, 0x31C8, 0x39E9, 0x3A09, 0x39E9, 0x31C8, 0x31C8, 0x39E9, 0x3A09,
  0x39E9, 0x39E9, 0x39E9, 0x39E9, 0x3A09, 0x3A09, 0x3A09, 0x3A09, 0x39E9, 0x31C8, 0x3A09, 0x3A09,
  0x31C8, 0x39E9, 0x31C8, 0x31A8, 0x39E9, 0x31E9, 0x31E9, 0x31C8, 0x39E9, 0x39E9, 0x39E9, 0x39E9,
  0x31E9, 0x31E9, 0x39E9, 0x31E9, 0x31E9, 0x31E9, 0x31E9, 0x31C8, 0x31E9, 0x31E9, 0x31E9, 0x39E9,
  0x39E9, 0x39E9, 0x31E9, 0x39E9, 0x3A2A, 0x3A09, 0x31E9, 0x39E9, 0x3A09, 0x39E9, 0x39E9, 0x39E9,
  0x31E9, 0x31E9, 0x3A0A, 0x3A09, 0x3A09, 0x39E9, 0x39E9, 0x31E9, 0x3A09, 0x3A2A, 0x422A, 0x3A09,
  0x3A09, 0x3A09, 0x3A09, 0x3A0A, 0x3A09, 0x39E9, 0x39E9, 0x3A09, 0x31C9, 0x31E9, 0x31E9, 0x31C8,
  0x39E9, 0x3A09, 0x3A09, 0x39E9, 0x31C8, 0x31C9, 0x39E9, 0x31C8, 0x31C8, 0x39E9, 0x39E9, 0x31C8,
  0x39E9, 0x39E8, 0x31C8, 0x31E8, 0x39E8, 0x31C8, 0x31C8, 0x31A8, 0x31A8, 0x31C8, 0x31E8, 0x31C8,
  0x31C8, 0x39E9, 0x39E9, 0x31E9, 0x31E8, 0x39E9, 0x39E9, 0x3A09, 0x39E9, 0x31E9, 0x31E9, 0x3A09,
  0x39E9, 0x39E9, 0x31C8, 0x31C8, 0x31C8, 0x31C8, 0x31C8, 0x31C8, 0x31C8, 0x31C8, 0x39E9, 0x31E9,
  0x31E9, 0x31C8, 0x31A8, 0x39E9, 0x3A09, 0x31E9, 0x31E8, 0x31A8, 0x31C8, 0x31E9, 0x31E9, 0x31A8,
  0x29A8, 0x2987, 0x29A8, 0x2987, 0x31A8, 0x2967, 0x31A8, 0x31C8, 0x29A7, 0x31A8, 0x2987, 0x31A8,
  0x39E9, 0x31C8, 0x31A8, 0x31A8, 0x31A8, 0x2987, 0x2987, 0x31A8, 0x31A7, 0x2967, 0x2967, 0x31A8,
  0x29A8, 0x29A7, 0x2146, 0x2987, 0x2987, 0x2967, 0x2987, 0x2167, 0x2987, 0x2987, 0x2987, 0x2967,
  0x29A7, 0x2987, 0x2987, 0x31C8, 0x2987, 0x2966, 0x2987, 0x2987, 0x31A7, 0x2987, 0x2987, 0x2987,
  0x2967, 0x2146, 0x2987, 0x2967, 0x2966, 0x2146, 0x2967, 0x2126, 0x1905, 0x1905, 0x1905, 0x1905,
  0x1905, 0x1905, 0x18E4, 0x10A3, 0x2125, 0x4AAC, 0x18E5, 0x1905, 0x10A4, 0x1125, 0x19A6, 0x1986,
  0x1965, 0x1965, 0x1965, 0x1904, 0x2966, 0x2987, 0x424A, 0x2987, 0x1083, 0x2146, 0x2146, 0x2966,
  0x2967, 0x2146, 0x2987, 0x2987, 0x2987, 0x31A8, 0x31C8, 0x31C8, 0x31C8, 0x39E9, 0x31C8, 0x39E8,
  0x3A09, 0x31E8, 0x39E9, 0x31C8, 0x31C8, 0x31E9, 0x3A09, 0x31C8, 0x39E9, 0x31E8, 0x39E9, 0x39E9,
  0x3A09, 0x39E9, 0x31C8, 0x39E9, 0x3A09, 0x3A09, 0x39E9, 0x3A09, 0x3A09, 0x3A09, 0x3A09, 0x39E9,
  0x31C8, 0x31C8, 0x31C8, 0x39E9, 0x39E9, 0x31C8, 0x39E9, 0x31C8, 0x31C8, 0x39E9, 0x3A09, 0x39E9,
  0x31E9, 0x31E8, 0x31C8, 0x31E9, 0x39E9, 0x31C9, 0x31E9, 0x39E9, 0x39E9, 0x31E9, 0x3A09, 0x39E9,
  0x39E9, 0x3A09, 0x31E9, 0x31C8, 0x39E9, 0x39E9, 0x31E8, 0x39E9, 0x39E9, 0x3A29, 0x3A09, 0x31E9,
  0x3A09, 0x39E9, 0x3A09, 0x3A0A, 0x3A09, 0x3A09, 0x3A0A, 0x39E9, 0x39E9, 0x31E9, 0x3A09, 0x39E9,
  0x3A2A, 0x422A, 0x3A2A, 0x3A0A, 0x3A2A, 0x39E9, 0x3A0A, 0x3A09, 0x3A2A, 0x39E9, 0x31E9, 0x3A09,
  0x3A2A, 0x3A09, 0x3A09, 0x31E9, 0x39E9, 0x31C9, 0x39E9, 0x3A0A, 0x39E9, 0x31C8, 0x31C8, 0x31C8,
  0x31C8, 0x31C8, 0x31C8, 0x31A8, 0x31A7, 0x31C8, 0x31C8, 0x31C9, 0x31C8, 0x31E8, 0x31C8, 0x31C8,
  0x31E8, 0x31E9, 0x31E9, 0x39E9, 0x31C8, 0x31E9, 0x39E9, 0x39E9, 0x39E9, 0x39E9, 0x29A8, 0x39E9,
  0x3A09, 0x31C8, 0x31C8, 0x31C8, 0x31A8, 0x31E9, 0x31C8, 0x39E9, 0x31E9, 0x31E9, 0x31E9, 0x31C8,
  0x39E9, 0x39E9, 0x31E9, 0x31E9, 0x31A8, 0x31C8, 0x31E8, 0x31C8, 0x31A8, 0x31E9, 0x31A8, 0x29A8,
  0x29A8, 0x2987, 0x31A8, 0x2987, 0x2987, 0x29A7, 0x31C8, 0x2987, 0x31A8, 0x31A8, 0x31C8, 0x31C8,
  0x31E8, 0x31A8, 0x31A7, 0x2987, 0x2987, 0x2987, 0x31A8, 0x2987, 0x2987, 0x2987, 0x31A8, 0x31A8,
  0x2967, 0x2967, 0x31A8, 0x2987, 0x2987, 0x31A8, 0x2167, 0x2987, 0x2987, 0x2987, 0x31A8, 0x2987,
  0x29A7, 0x29A7, 0x31A8, 0x2967, 0x2987, 0x31A7, 0x2987, 0x2967, 0x29A7, 0x2987, 0x2987, 0x2967,
  0x2126, 0x2967, 0x2967, 0x2166, 0x2146, 0x2967, 0x2146, 0x2146, 0x2125, 0x2125, 0x1905, 0x2125,
  0x2125, 0x1905, 0x1905, 0x0862, 0x31C7, 0x426B, 0x10C4, 0x18E5, 0x10A4, 0x1965, 0x1986, 0x1986,
  0x1965, 0x1965, 0x1965, 0x1925, 0x2946, 0x2146, 0x3A2A, 0x3A09, 0x0882, 0x2125, 0x2146, 0x2966,
  0x2966, 0x2966, 0x2146, 0x2987, 0x31A7, 0x31A8, 0x31C8, 0x39E9, 0x31C8, 0x31E9, 0x39E8, 0x31C8,
  0x31C8, 0x31C8, 0x31A8, 0x31C8, 0x39E9, 0x39E9, 0x31E9, 0x39E9, 0x31C8, 0x3A09, 0x3A09, 0x3A09,
  0x39E9, 0x39E9, 0x31C8, 0x31A8, 0x31C8, 0x31E9, 0x3A09, 0x39E9, 0x31C8, 0x39E9, 0x3A09, 0x3A2A,
  0x39E9, 0x31C8, 0x31C8, 0x31C8, 0x31C8, 0x31C8, 0x31C9, 0x31C8, 0x31C8, 0x31A8, 0x31C8, 0x31A8,
  0x39E9, 0x39E9, 0x39E9, 0x3A09, 0x3A09, 0x31E9, 0x31E9, 0x31E9, 0x39E9, 0x31E9, 0x3A09, 0x3A09,
  0x3A09, 0x31C8, 0x31E8, 0x39E9, 0x31E9, 0x39E9, 0x3A09, 0x31E9, 0x3A09, 0x39E9, 0x39E9, 0x3A09,
  0x39E9, 0x31E9, 0x39E9, 0x3A09, 0x3A09, 0x3A09, 0x31C8, 0x39E9, 0x39E9, 0x31C8, 0x31C8, 0x39E9,
  0x39E9, 0x39E9, 0x3A09, 0x3A09, 0x39E9, 0x3A09, 0x3A0A, 0x3A09, 0x39E9, 0x3A09, 0x3A0A, 0x29A8,
  0x31A8, 0x31C8, 0x31C8, 0x31E9, 0x31E9, 0x3A0A, 0x39E9, 0x3A09, 0x39E9, 0x39E9, 0x31C8, 0x31C8,
  0x31E9, 0x31C8, 0x31A8, 0x31C8, 0x39E9, 0x39E9, 0x39E9, 0x31C8, 0x31E9, 0x29A8, 0x31A8, 0x31C8,
  0x31C8, 0x39E9, 0x31E8, 0x31E9, 0x31E9, 0x31E9, 0x31C8, 0x39E9, 0x3A09, 0x31C8, 0x31C8, 0x31E9,
  0x39E9, 0x29A8, 0x31C8, 0x31C8, 0x39E9, 0x39E9, 0x31C8, 0x31E9, 0x31C8, 0x31C8, 0x31C8, 0x3A09,
  0x39E9, 0x31C8, 0x31C8, 0x31C8, 0x2987, 0x31A8, 0x31C8, 0x31A8, 0x31C8, 0x29A8, 0x2987, 0x31A8,
  0x2987, 0x2987, 0x31A7, 0x31E8, 0x2987, 0x31A8, 0x2987, 0x2987, 0x29A7, 0x31A8, 0x31A8, 0x31A8,
  0x31C8, 0x29A7, 0x31A8, 0x2987, 0x2987, 0x2987, 0x2987, 0x29A7, 0x31C8, 0x2987, 0x2987, 0x2987,
  0x2166, 0x2987, 0x2987, 0x2146, 0x2987, 0x2987, 0x2987, 0x29A8, 0x2987, 0x31A8, 0x2987, 0x2987,
  0x2987, 0x2987, 0x2967, 0x2987, 0x2967, 0x2987, 0x2967, 0x2987, 0x31A7, 0x2146, 0x2967, 0x2967,
  0x2987, 0x2987, 0x2966, 0x2146, 0x2166, 0x2146, 0x2146, 0x2125, 0x2146, 0x2125, 0x1905, 0x1905,
  0x1905, 0x1905, 0x18E5, 0x0862, 0x4A6A, 0x31C8, 0x10C4, 0x10C4, 0x10C4, 0x1986, 0x1986, 0x1986,
  0x1965, 0x1965, 0x1965, 0x1924, 0x2146, 0x2146, 0x2987, 0x4A6B, 0x10C3, 0x18E4, 0x2126, 0x2146,
  0x2967, 0x2146, 0x2146, 0x2967, 0x2967, 0x31A7, 0x31A8, 0x31A7, 0x31C8, 0x39E8, 0x3A09, 0x39C8,
  0x31C8, 0x31C8, 0x31E9, 0x39E9, 0x31A8, 0x31A8, 0x31C8, 0x31C8, 0x31C8, 0x31A8, 0x31C8, 0x31C8,
  0x39E9, 0x31A8, 0x31A8, 0x39E9, 0x31E9, 0x39E9, 0x39E9, 0x31E9, 0x3A09, 0x31E9, 0x39E9, 0x31C8,
  0x31C8, 0x31C8, 0x31A8, 0x31C8, 0x31C8, 0x39E9, 0x39E9, 0x31C8, 0x31C8, 0x31C8, 0x31C8, 0x31C9,
  0x31C8, 0x3A09, 0x39E9, 0x31C8, 0x31E9, 0x31E9, 0x31C8, 0x31C9, 0x31E9, 0x31C8, 0x31C8, 0x3A09,
  0x31E8, 0x31E9, 0x31C8, 0x31C8, 0x31C8, 0x31C8, 0x31E9, 0x39E9, 0x3A09, 0x39E9, 0x3A09, 0x3A09,
  0x3A09, 0x31C8, 0x31E9, 0x3A0A, 0x3A09, 0x31E9, 0x31E9, 0x31C9, 0x31C8, 0x31E9, 0x39E9, 0x39E9,
  0x39E9, 0x3A09, 0x31E9, 0x31E9, 0x3A09, 0x31E9, 0x31E9, 0x31C8, 0x39E9, 0x3A2A, 0x3A0A, 0x3A09,
  0x31C9, 0x39E9, 0x422A, 0x3A09, 0x31E9, 0x39E9, 0x3A09, 0x39E9, 0x39E9, 0x31C8, 0x29A7, 0x31C8,
  0x3A09, 0x3A09, 0x29A7, 0x31C8, 0x31A8, 0x31A8, 0x31C8, 0x31E9, 0x31C8, 0x31E9, 0x39E9, 0x31C8,
  0x39E9, 0x29A7, 0x31E9, 0x31E9, 0x31C8, 0x31C9, 0x31E9, 0x39E9, 0x31C8, 0x2987, 0x31E9, 0x31A8,
  0x39E9, 0x31A8, 0x39E9, 0x39E9, 0x31C8, 0x31C8, 0x31C8, 0x3A09, 0x31C8, 0x31C8, 0x31C8, 0x31C8,
  0x31C8, 0x31A8, 0x31A8, 0x2987, 0x2987, 0x31C8, 0x31C8, 0x31A8, 0x31A8, 0x2987, 0x29A8, 0x31C8,
  0x2987, 0x2987, 0x31A8, 0x2987, 0x2987, 0x31A7, 0x31A8, 0x31A8, 0x29A7, 0x2987, 0x29A7, 0x2987,
  0x2987, 0x2987, 0x2987, 0x31C8, 0x29A8, 0x2967, 0x2987, 0x2988, 0x2987, 0x2987, 0x2988, 0x2987,
  0x2987, 0x31A8, 0x2987, 0x2987, 0x2967, 0x2167, 0x31A8, 0x2987, 0x2987, 0x2987, 0x2987, 0x2966,
  0x2967, 0x2987, 0x2987, 0x31A8, 0x2987, 0x2987, 0x2987, 0x2987, 0x2967, 0x2987, 0x2146, 0x2146,
  0x2987, 0x2967, 0x2166, 0x2967, 0x2146, 0x2126, 0x2146, 0x2146, 0x2146, 0x2126, 0x1905, 0x1905,
  0x2125, 0x1905, 0x18E4, 0x10A3, 0x52CC, 0x2126, 0x10E4, 0x10C4, 0x10E4, 0x1986, 0x1985, 0x1986,
  0x1965, 0x1965, 0x1965, 0x1145, 0x1925, 0x2967, 0x2987, 0x4A6B, 0x2145, 0x10A3, 0x2146, 0x2946,
  0x2966, 0x2967, 0x2146, 0x3187, 0x31A8, 0x2987, 0x31C8, 0x39E8, 0x31C8, 0x31C8, 0x31C8, 0x31C8,
  0x31E8, 0x31C8, 0x31C8, 0x31C8, 0x39E9, 0x31C8, 0x39E9, 0x31C9, 0x31C8, 0x31C8, 0x31E8, 0x39E9,
  0x31C8, 0x39E9, 0x31C8, 0x31E9, 0x31E9, 0x31C8, 0x31E8, 0x39E9, 0x39E9, 0x31C8, 0x39E9, 0x31C8,
  0x31C8, 0x31C8, 0x39E9, 0x39E9, 0x31C8, 0x31E9, 0x3A09, 0x39E9, 0x31C8, 0x31A8, 0x31C8, 0x31C8,
  0x31C8, 0x31C8, 0x31C8, 0x39E9, 0x31C8, 0x39E9, 0x31E8, 0x31E8, 0x31E8, 0x31E8, 0x31E9, 0x31E9,
  0x39E9, 0x39E9, 0x39E9, 0x31E9, 0x39E9, 0x31E9, 0x31E9, 0x31C8, 0x31C8, 0x31E9, 0x39E9, 0x39E9,
  0x3A09, 0x3A09, 0x31E9, 0x3A09, 0x31E9, 0x31E9, 0x39E9, 0x39E9, 0x3A09, 0x3A09, 0x31E9, 0x31E9,
  0x31E9, 0x31C9, 0x31E9, 0x39E9, 0x3A2A, 0x3A09, 0x31E9, 0x31C8, 0x3A0A, 0x3A09, 0x39E9, 0x31E9,
  0x3A09, 0x3A09, 0x31E9, 0x31C8, 0x31E9, 0x3A09, 0x3A09, 0x3A09, 0x39E9, 0x31C8, 0x39E9, 0x31C8,
  0x31C8, 0x31A8, 0x3A09, 0x39E9, 0x31A8, 0x31C8, 0x31E8, 0x31C8, 0x31C8, 0x31A8, 0x29A8, 0x31C8,
  0x31C8, 0x2987, 0x31C8, 0x31C8, 0x31C8, 0x31C8, 0x31A8, 0x31A8, 0x31A8, 0x31C8, 0x31E9, 0x31C8,
  0x31C8, 0x31E8, 0x3A09, 0x31C8, 0x3A09, 0x3A09, 0x3A09, 0x31C8, 0x31C8, 0x31E9, 0x31A8, 0x31C8,
  0x31C8, 0x29A8, 0x31C8, 0x31A8, 0x29A7, 0x29A7, 0x31C8, 0x31C8, 0x39E9, 0x31C8, 0x29A7, 0x31C8,
  0x2967, 0x31A8, 0x31A8, 0x31A7, 0x31C8, 0x2987, 0x31C8, 0x31C8, 0x31A8, 0x31C8, 0x2987, 0x31C8,
  0x2987, 0x2987, 0x29A8, 0x29A8, 0x2987, 0x2987, 0x31A8, 0x31A8, 0x29A8, 0x2967, 0x2987, 0x2987,
  0x29A8, 0x2987, 0x31A8, 0x2987, 0x2987, 0x2987, 0x2987, 0x2967, 0x2987, 0x2987, 0x2967, 0x31A8,
  0x31A8, 0x2987, 0x31C8, 0x2987, 0x2987, 0x2987, 0x2967, 0x2987, 0x2967, 0x29A7, 0x2146, 0x2166,
  0x2967, 0x2966, 0x2126, 0x2966, 0x2166, 0x2146, 0x2967, 0x2146, 0x2125, 0x2146, 0x1905, 0x2125,
  0x1905, 0x18E4, 0x10A3, 0x2125, 0x52AC, 0x10C4, 0x18E5, 0x10C4, 0x1125, 0x1986, 0x1985, 0x1985,
  0x1965, 0x1965, 0x1965, 0x1965, 0x1905, 0x2146, 0x2146, 0x3A09, 0x31A7, 0x0862, 0x1905, 0x2125,
  0x2146, 0x2966, 0x2146, 0x2946, 0x2987, 0x31A7, 0x31A8, 0x31A7, 0x31C8, 0x31A8, 0x31A8, 0x31C8,
  0x31C8, 0x39E8, 0x39E8, 0x31A8, 0x31C8, 0x31C8, 0x31A8, 0x31E8, 0x31A8, 0x39E9, 0x31A8, 0x31C8,
  0x39E9, 0x31C8, 0x31E8, 0x31C8, 0x31C8, 0x31C8, 0x31A7, 0x31A8, 0x31C8, 0x31C8, 0x3A09, 0x31C8,
  0x39E8, 0x31C8, 0x31C8, 0x31C8, 0x31C8, 0x31C8, 0x31A8, 0x31A8, 0x31C8, 0x31C8, 0x31C8, 0x31A8,
  0x31A8, 0x31C8, 0x31C8, 0x31C8, 0x31C8, 0x31A8, 0x31C8, 0x31C8, 0x31A8, 0x31C8, 0x31A8, 0x29A7,
  0x31A8, 0x31C8, 0x31C8, 0x31E9, 0x31C8, 0x31E9, 0x39E9, 0x31E9, 0x31C8, 0x31E9, 0x39E9, 0x39E9,
  0x31E9, 0x39E9, 0x31E9, 0x31E8, 0x31C8, 0x31C8, 0x39E9, 0x39E9, 0x3A09, 0x3A09, 0x31E9, 0x31E9,
  0x31E9, 0x31C8, 0x39E9, 0x39E9, 0x31C8, 0x31C8, 0x39E9, 0x39E9, 0x31C9, 0x39E9, 0x31C8, 0x31A8,
  0x39E9, 0x31C8, 0x31A8, 0x39E9, 0x31C8, 0x31E9, 0x3A09, 0x3A09, 0x39E9, 0x31C8, 0x31C8, 0x31C8,
  0x39E8, 0x31C8, 0x31A8, 0x31A8, 0x39E9, 0x31C8, 0x3A09, 0x31C8, 0x31C8, 0x31C8, 0x31C8, 0x31C8,
  0x31C8, 0x31E9, 0x31C8, 0x39E9, 0x29A8, 0x2987, 0x31C8, 0x31A8, 0x31C8, 0x31C8, 0x31C8, 0x31C8,
  0x39E8, 0x39E8, 0x39E9, 0x31C8, 0x39E9, 0x31E8, 0x39E9, 0x31C8, 0x31E8, 0x2987, 0x2987, 0x31A8,
  0x2987, 0x31A8, 0x2987, 0x2987, 0x31A8, 0x31A8, 0x31C8, 0x31A8, 0x2987, 0x29A7, 0x31C8, 0x29A7,
  0x31C8, 0x31C8, 0x31A7, 0x2987, 0x2987, 0x31A8, 0x2987, 0x2987, 0x31C9, 0x31A8, 0x31A8, 0x2967,
  0x2987, 0x31A8, 0x31C8, 0x2967, 0x2967, 0x2987, 0x29A7, 0x2967, 0x29A7, 0x31A8, 0x2967, 0x2987,
  0x29A7, 0x2987, 0x2987, 0x2987, 0x29A8, 0x2987, 0x2987, 0x2967, 0x2967, 0x2987, 0x2166, 0x31A8,
  0x2146, 0x31A7, 0x2987, 0x2146, 0x31A7, 0x2967, 0x2987, 0x2967, 0x2987, 0x2967, 0x2146, 0x2987,
  0x2967, 0x2146, 0x2166, 0x2967, 0x2967, 0x2126, 0x2146, 0x2125, 0x2146, 0x2125, 0x1925, 0x1905,
  0x1905, 0x18E5, 0x0862, 0x39E8, 0x3A09, 0x10A4, 0x18E5, 0x10C4, 0x1945, 0x1986, 0x1985, 0x1985,
  0x1965, 0x1965, 0x1965, 0x1965, 0x1925, 0x2146, 0x2166, 0x31A8, 0x424A, 0x0882, 0x18E4, 0x2146,
  0x2146, 0x2146, 0x2146, 0x2146, 0x2966, 0x2967, 0x31A8, 0x31C8, 0x31A8, 0x39E8, 0x31C8, 0x31A8,
  0x31A8, 0x31A8, 0x31C8, 0x31C8, 0x31C8, 0x31C8, 0x31A8, 0x31C8, 0x39E9, 0x39E9, 0x39E9, 0x31C8,
  0x31E9, 0x31C8, 0x31C8, 0x31C8, 0x31C8, 0x31C8, 0x31A8, 0x31C8, 0x31C8, 0x31E8, 0x31A8, 0x31C8,
  0x31A8, 0x31C8, 0x31C8, 0x31C8, 0x31C8, 0x31C8, 0x31A8, 0x31A8, 0x31A8, 0x31C8, 0x31A8, 0x31A7,
  0x31A8, 0x31A8, 0x39E8, 0x31C8, 0x31A8, 0x31C8, 0x31A8, 0x31A8, 0x29A7, 0x31C8, 0x39E9, 0x31E9,
  0x31C8, 0x39E9, 0x31C8, 0x31C8, 0x31E9, 0x39E9, 0x31E9, 0x31C8, 0x31C8, 0x39E9, 0x31E8, 0x31A8,
  0x31A8, 0x31E9, 0x31C9, 0x39E9, 0x31E9, 0x31C8, 0x31C8, 0x31E9, 0x39E9, 0x3A2A, 0x3A09, 0x31C8,
  0x31E9, 0x31E9, 0x31C9, 0x31E9, 0x39E9, 0x3A09, 0x31C8, 0x31A8, 0x31E8, 0x31C8, 0x31E9, 0x31A8,
  0x31C8, 0x31C8, 0x31C8, 0x3A09, 0x31C8, 0x31E9, 0x3A09, 0x39E9, 0x3A09, 0x31C8, 0x31C8, 0x39E8,
  0x31C8, 0x39E9, 0x31C8, 0x31A8, 0x31C8, 0x31E9, 0x31C8, 0x31C9, 0x31C8, 0x31C8, 0x31C8, 0x31C8,
  0x29A7, 0x31C8, 0x3A09, 0x2987, 0x31A8, 0x31C8, 0x31C8, 0x31C8, 0x31A8, 0x2987, 0x31C8, 0x31C8,
  0x31C8, 0x31A8, 0x31A7, 0x31C8, 0x31C8, 0x39E9, 0x31C8, 0x31C8, 0x31A8, 0x31C8, 0x31C8, 0x2967,
  0x2987, 0x2987, 0x2987, 0x31C8, 0x31A8, 0x31A7, 0x31A8, 0x2987, 0x31C8, 0x39E9, 0x31A8, 0x2987,
  0x31C8, 0x2967, 0x2987, 0x2987, 0x2987, 0x2987, 0x2987, 0x29A8, 0x31A8, 0x29A8, 0x2987, 0x2987,
  0x31A7, 0x31A8, 0x2987, 0x2987, 0x2987, 0x2967, 0x29A7, 0x2987, 0x2987, 0x2987, 0x2987, 0x2987,
  0x2987, 0x2987, 0x2987, 0x29A8, 0x2987, 0x2987, 0x2987, 0x2146, 0x2987, 0x2166, 0x2987, 0x2987,
  0x2967, 0x31A7, 0x2987, 0x2987, 0x31C8, 0x2967, 0x2967, 0x2967, 0x2146, 0x2967, 0x2967, 0x2967,
  0x2987, 0x2987, 0x2167, 0x2967, 0x2126, 0x2126, 0x2126, 0x2146, 0x2146, 0x2125, 0x2125, 0x1905,
  0x1905, 0x18E4, 0x0862, 0x52AB, 0x2967, 0x18E4, 0x18E5, 0x10E4, 0x1986, 0x1985, 0x1985, 0x1985,
  0x1985, 0x1965, 0x1985, 0x1985, 0x1945, 0x2126, 0x2987, 0x2967, 0x4A6B, 0x1904, 0x10C3, 0x2126,
  0x2146, 0x2146, 0x2146, 0x2966, 0x2987, 0x2987, 0x2987, 0x31A8, 0x31C8, 0x31A7, 0x31C8, 0x31A8,
  0x31A7, 0x31C8, 0x31A8, 0x31C8, 0x39E8, 0x31A8, 0x31C8, 0x31A8, 0x31C8, 0x31E8, 0x31E8, 0x31A8,
  0x31C8, 0x31C8, 0x31C8, 0x29A8, 0x29A7, 0x29A8, 0x31C8, 0x31A8, 0x31C8, 0x39E8, 0x31C8, 0x31C8,
  0x39E9, 0x31A8, 0x31A8, 0x31A8, 0x31A8, 0x31A8, 0x2987, 0x31A8, 0x31A8, 0x31A8, 0x31A8, 0x31C8,
  0x31A8, 0x31C8, 0x31C8, 0x31A8, 0x31C8, 0x31A8, 0x31A8, 0x31C8, 0x31A8, 0x31A8, 0x31C8, 0x31A8,
  0x31A8, 0x31E9, 0x31C8, 0x31C8, 0x31C8, 0x31C8, 0x31E8, 0x39E9, 0x31E9, 0x31C8, 0x31E9, 0x31C8,
  0x31A8, 0x31A8, 0x31C8, 0x31A8, 0x31C8, 0x31C8, 0x31C8, 0x31C8, 0x31E9, 0x31C8, 0x31C9, 0x31C8,
  0x31C8, 0x3A09, 0x3A09, 0x3A09, 0x31C8, 0x39E9, 0x39E9, 0x31A8, 0x31E8, 0x31E9, 0x31C8, 0x3A09,
  0x31C8, 0x31A8, 0x31C8, 0x31A8, 0x39E9, 0x31E9, 0x39E9, 0x3A09, 0x31C8, 0x3A09, 0x31C8, 0x31A8,
  0x39E9, 0x31E9, 0x31C8, 0x31E9, 0x31C8, 0x39E9, 0x31C8, 0x31A8, 0x29A8, 0x31A8, 0x31C8, 0x31A7,
  0x31C8, 0x31C8, 0x31A8, 0x31C8, 0x29A8, 0x31A8, 0x2987, 0x31C8, 0x31C8, 0x31C8, 0x31C8, 0x39E9,
  0x31C8, 0x39E9, 0x39E9, 0x31C8, 0x31C8, 0x31A8, 0x29A8, 0x31A8, 0x39E9, 0x31A8, 0x2987, 0x2987,
  0x2987, 0x31A8, 0x31C8, 0x31A8, 0x31C8, 0x31C8, 0x31A7, 0x31C8, 0x31C8, 0x2987, 0x2987, 0x31C8,
  0x2987, 0x2987, 0x31C8, 0x31A8, 0x2987, 0x31C8, 0x29A8, 0x29A8, 0x2987, 0x2987, 0x31A8, 0x2987,
  0x31A8, 0x2967, 0x31A7, 0x31A8, 0x2987, 0x2967, 0x2987, 0x2167, 0x2987, 0x2967, 0x2167, 0x2967,
  0x2967, 0x29A8, 0x2987, 0x2987, 0x2967, 0x29A7, 0x2987, 0x2987, 0x2967, 0x2146, 0x2987, 0x2967,
  0x2987, 0x31A8, 0x2967, 0x31A7, 0x2987, 0x2967, 0x2987, 0x2987, 0x2967, 0x2966, 0x2146, 0x2987,
  0x2987, 0x2146, 0x2966, 0x2987, 0x2146, 0x1905, 0x2146, 0x2126, 0x1905, 0x1905, 0x2125, 0x1905,
  0x1905, 0x10A3, 0x18E4, 0x52CC, 0x18E5, 0x18E4, 0x10C4, 0x1104, 0x1986, 0x1985, 0x1985, 0x1985,
  0x1985, 0x1985, 0x1985, 0x1985, 0x1965, 0x1925, 0x2146, 0x2987, 0x39E9, 0x2987, 0x10A3, 0x2125,
  0x2125, 0x2125, 0x2146, 0x2146, 0x2146, 0x31A7, 0x3187, 0x31A8, 0x31C8, 0x31C8, 0x2987, 0x31A7,
  0x31A8, 0x31C8, 0x31C8, 0x31C8, 0x31A8, 0x31C8, 0x31A8, 0x31C8, 0x31A7, 0x31A8, 0x31A8, 0x31C8,
  0x31A8, 0x2987, 0x2987, 0x31A8, 0x31C8, 0x31A8, 0x2987, 0x31A8, 0x31A7, 0x2987, 0x31C8, 0x31C8,
  0x31C8, 0x31C8, 0x31C8, 0x29A7, 0x31A8, 0x31C8, 0x31C8, 0x31A8, 0x31C8, 0x31A8, 0x31A8, 0x31A8,
  0x31C8, 0x31C8, 0x31A8, 0x31A8, 0x31C8, 0x31A8, 0x31A8, 0x31C8, 0x31C8, 0x31C8, 0x31C8, 0x31A8,
  0x31C8, 0x31A8, 0x2987, 0x39E9, 0x31C8, 0x31A8, 0x31C8, 0x31C8, 0x39E9, 0x39E9, 0x31A8, 0x31C8,
  0x31E9, 0x31C8, 0x31A8, 0x31C8, 0x29A8, 0x31C8, 0x31C8, 0x31C8, 0x31A8, 0x31C8, 0x31C8, 0x31C8,
  0x31E9, 0x31E9, 0x31E9, 0x31C8, 0x31E8, 0x39E9, 0x31C8, 0x31C8, 0x39E9, 0x31E9, 0x31C8, 0x31C8,
  0x31E9, 0x31C8, 0x39E9, 0x39E9, 0x31A8, 0x31C8, 0x39E9, 0x31E9, 0x39E9, 0x39E9, 0x39E8, 0x31C8,
  0x31C8, 0x31E9, 0x39E9, 0x31C8, 0x31C8, 0x31C8, 0x31C8, 0x31C8, 0x31C8, 0x31C8, 0x31A8, 0x39E8,
  0x31E8, 0x31C8, 0x31E9, 0x31A8, 0x31C8, 0x3A09, 0x31A8, 0x31C8, 0x31C8, 0x29A7, 0x31C8, 0x3A09,
  0x31C8, 0x31C8, 0x31C8, 0x31C8, 0x31C8, 0x31C9, 0x31A8, 0x31A8, 0x2987, 0x31A8, 0x2987, 0x2987,
  0x31C8, 0x31A8, 0x31A7, 0x31A8, 0x31A7, 0x31A8, 0x31C8, 0x31A7, 0x2967, 0x2987, 0x39E9, 0x2987,
  0x31A8, 0x31C8, 0x31A7, 0x2967, 0x29A8, 0x31C8, 0x29A8, 0x2987, 0x29A8, 0x2987, 0x29A7, 0x29A7,
  0x2987, 0x31A7, 0x2987, 0x31A8, 0x2166, 0x31A8, 0x2987, 0x2166, 0x2987, 0x2967, 0x2967, 0x2967,
  0x2987, 0x2967, 0x31A8, 0x2987, 0x2167, 0x31A8, 0x2987, 0x2167, 0x2166, 0x2967, 0x2166, 0x2987,
  0x2966, 0x2967, 0x2987, 0x2166, 0x2966, 0x2967, 0x2967, 0x2166, 0x2146, 0x2146, 0x2966, 0x2966,
  0x2146, 0x2967, 0x2987, 0x2146, 0x2146, 0x2146, 0x1905, 0x1905, 0x2125, 0x2125, 0x1905, 0x18E4,
  0x18E4, 0x0862, 0x31C8, 0x424A, 0x10A4, 0x18E5, 0x10C4, 0x1945, 0x1986, 0x1985, 0x1985, 0x1985,
  0x1985, 0x1985, 0x1965, 0x1965, 0x1965, 0x1925, 0x2146, 0x2146, 0x29A7, 0x422A, 0x10A3, 0x1905,
  0x2125, 0x2126, 0x2146, 0x2966, 0x2966, 0x2966, 0x2987, 0x2967, 0x2987, 0x31C8, 0x31C8, 0x31A7,
  0x31C8, 0x31C8, 0x31A8, 0x31A8, 0x31C8, 0x31E9, 0x39E9, 0x31A7, 0x31A8, 0x31C8, 0x31A8, 0x31A8,
  0x2987, 0x31A8, 0x2987, 0x31A7, 0x31A8, 0x31E8, 0x31A8, 0x31C8, 0x31C8, 0x31A7, 0x31C8, 0x39E8,
  0x39E8, 0x31C8, 0x31A8, 0x31A8, 0x31A8, 0x31A7, 0x31C8, 0x31C8, 0x31C9, 0x31C8, 0x31C8, 0x31C8,
  0x39E8, 0x2987, 0x31A8, 0x31A8, 0x31C8, 0x31A7, 0x31A7, 0x31A8, 0x29A8, 0x31C8, 0x31C8, 0x31C8,
  0x31C8, 0x31C8, 0x39E8, 0x31C8, 0x31C8, 0x39E9, 0x31C8, 0x31A7, 0x31C8, 0x31C8, 0x39E9, 0x31C8,
  0x31A8, 0x31A8, 0x31A8, 0x31C9, 0x39E9, 0x39E8, 0x31C8, 0x31A8, 0x31C8, 0x3A09, 0x31E9, 0x31E8,
  0x31E8, 0x31E9, 0x31C8, 0x31C8, 0x31E8, 0x31A7, 0x31A8, 0x39E8, 0x31C8, 0x3A09, 0x39E9, 0x39E9,
  0x31C8, 0x31C8, 0x31A8, 0x31E8, 0x31C8, 0x31E8, 0x31C8, 0x31E9, 0x31C8, 0x2987, 0x31C8, 0x31A8,
  0x31C8, 0x31E8, 0x31C8, 0x31C9, 0x31A8, 0x31A8, 0x31A8, 0x31C8, 0x31A8, 0x31C8, 0x31A8, 0x31A8,
  0x31C8, 0x2987, 0x31A8, 0x31C8, 0x39E9, 0x2987, 0x31C8, 0x31A7, 0x31A7, 0x31E8, 0x3A09, 0x39E9,
  0x31E9, 0x31A8, 0x31A8, 0x31A8, 0x31A8, 0x31A8, 0x2987, 0x31A8, 0x31A8, 0x2987, 0x2987, 0x31A8,
  0x31A7, 0x31C8, 0x39E9, 0x2987, 0x31A7, 0x39E8, 0x31C8, 0x31A8, 0x2987, 0x3A09, 0x31A7, 0x31C8,
  0x31C8, 0x2987, 0x31A8, 0x2166, 0x31A8, 0x2988, 0x2967, 0x31A8, 0x2987, 0x2987, 0x31A8, 0x2967,
  0x2987, 0x2967, 0x2987, 0x2987, 0x2987, 0x2987, 0x29A7, 0x2967, 0x2967, 0x2166, 0x2166, 0x2166,
  0x2967, 0x2967, 0x2967, 0x2967, 0x2987, 0x2146, 0x2967, 0x2967, 0x2166, 0x2967, 0x29A7, 0x2987,
  0x2987, 0x2146, 0x2967, 0x2146, 0x2987, 0x2966, 0x2967, 0x2967, 0x2987, 0x2987, 0x2987, 0x2146,
  0x2146, 0x2966, 0x2966, 0x2966, 0x2146, 0x2125, 0x2126, 0x2125, 0x2125, 0x1905, 0x1905, 0x1904,
  0x18E4, 0x0862, 0x4A8B, 0x2987, 0x10C4, 0x18E4, 0x10C4, 0x1965, 0x1986, 0x1985, 0x1985, 0x1985,
  0x1985, 0x1985, 0x1965, 0x1965, 0x1985, 0x1124, 0x2125, 0x2966, 0x2146, 0x4A6B, 0x1904, 0x18E4,
  0x2125, 0x2125, 0x2126, 0x2126, 0x2966, 0x2966, 0x2966, 0x2987, 0x2987, 0x2987, 0x31A8, 0x31C8,
  0x31C8, 0x31C8, 0x31C8, 0x2987, 0x29A7, 0x31A8, 0x31C8, 0x31A8, 0x31A8, 0x31C8, 0x31C8, 0x31C8,
  0x29A7, 0x2967, 0x31A7, 0x31C8, 0x31C8, 0x29A7, 0x39C8, 0x31C8, 0x2987, 0x31A8, 0x31A8, 0x31A8,
  0x31C8, 0x31C8, 0x31C8, 0x31A8, 0x31C8, 0x31A8, 0x31A8, 0x31A8, 0x31C8, 0x31C8, 0x31C8, 0x31A8,
  0x31C8, 0x31C8, 0x2987, 0x31A8, 0x39E9, 0x31A8, 0x31C8, 0x31C9, 0x31C8, 0x31A8, 0x31A8, 0x29A8,
  0x31A8, 0x31C8, 0x31A8, 0x31C8, 0x31C8, 0x39E8, 0x31C8, 0x39E9, 0x31C8, 0x39E9, 0x39E9, 0x31C8,
  0x31C8, 0x31C8, 0x31C8, 0x31C8, 0x31C8, 0x2987, 0x31C8, 0x31C8, 0x31C8, 0x31C8, 0x31C8, 0x31C8,
  0x31C8, 0x31C8, 0x31C8, 0x31C8, 0x31C8, 0x31E8, 0x31C8, 0x31C8, 0x31C8, 0x31C8, 0x31E8, 0x2987,
  0x31A8, 0x31C8, 0x39E9, 0x31E9, 0x31C8, 0x29A7, 0x31C8, 0x31C8, 0x31C8, 0x31C8, 0x31E9, 0x31C8,
  0x31C8, 0x31A8, 0x31C8, 0x31C8, 0x31C8, 0x31C8, 0x31C8, 0x31A8, 0x31C8, 0x39E9, 0x31C8, 0x31C8,
  0x31C8, 0x31A8, 0x31C8, 0x31C8, 0x31A8, 0x31C8, 0x31C8, 0x31C8, 0x31C8, 0x3A09, 0x31A8, 0x31A8,
  0x29A7, 0x31A8, 0x31A8, 0x31A8, 0x31A8, 0x31A8, 0x31C8, 0x31C8, 0x2987, 0x2987, 0x31A7, 0x31A8,
  0x39E8, 0x31C8, 0x31C8, 0x2987, 0x31C8, 0x31C8, 0x31A7, 0x31A8, 0x31C8, 0x2987, 0x2967, 0x31A7,
  0x2987, 0x31C8, 0x2967, 0x29A8, 0x31C8, 0x31A8, 0x2987, 0x2987, 0x2987, 0x29A7, 0x31A8, 0x2987,
  0x2966, 0x31A7, 0x2987, 0x2987, 0x2987, 0x31A7, 0x2987, 0x2967, 0x2967, 0x2987, 0x2987, 0x2967,
  0x2987, 0x2987, 0x2967, 0x2146, 0x2146, 0x2967, 0x2987, 0x2967, 0x2967, 0x2987, 0x2987, 0x2987,
  0x3187, 0x2146, 0x2967, 0x2966, 0x2967, 0x2967, 0x2967, 0x2146, 0x2987, 0x2967, 0x2146, 0x2146,
  0x2967, 0x2125, 0x2146, 0x2946, 0x2126, 0x2146, 0x2126, 0x1905, 0x18E5, 0x2125, 0x18E5, 0x18E4,
  0x10A3, 0x18C3, 0x52AC, 0x18E5, 0x1905, 0x10C4, 0x1104, 0x1986, 0x1985, 0x1985, 0x1985, 0x1985,
  0x1985, 0x1985, 0x1965, 0x1965, 0x1985, 0x1945, 0x1905, 0x2146, 0x2146, 0x39E9, 0x2986, 0x0882,
  0x2125, 0x2105, 0x2126, 0x2146, 0x2146, 0x2967, 0x2987, 0x2987, 0x31A7, 0x31A8, 0x31C8, 0x31A8,
  0x31C8, 0x31C8, 0x31A8, 0x31C8, 0x31C8, 0x31C8, 0x39E8, 0x31A8, 0x31A8, 0x29A7, 0x31C8, 0x31C8,
  0x39E9, 0x29A8, 0x2987, 0x31A8, 0x31A8, 0x31A8, 0x31C8, 0x31C8, 0x2987, 0x31A8, 0x31A8, 0x31A8,
  0x31C8, 0x31C8, 0x31A8, 0x31A8, 0x29A7, 0x31A8, 0x31C8, 0x31C8, 0x31E8, 0x31A8, 0x2987, 0x31A8,
  0x31C8, 0x31E9, 0x31C8, 0x29A8, 0x31C8, 0x31C8, 0x31A8, 0x31C8, 0x31C8, 0x29A7, 0x31A8, 0x31A8,
  0x31A8, 0x31C8, 0x31C8, 0x31C8, 0x31A8, 0x31A8, 0x31C8, 0x31C8, 0x39E8, 0x31A7, 0x31C8, 0x31C8,
  0x31C8, 0x39E9, 0x39E9, 0x31A8, 0x31C8, 0x39E9, 0x31C8, 0x31C8, 0x31C8, 0x31E9, 0x31A8, 0x31E9,
  0x3A09, 0x39E9, 0x31E9, 0x39E9, 0x39E9, 0x31A8, 0x31C8, 0x39E9, 0x39E9, 0x31C8, 0x31A8, 0x31C8,
  0x31C8, 0x31A8, 0x2987, 0x2987, 0x31A8, 0x31A8, 0x39E9, 0x39E9, 0x39E8, 0x39E8, 0x39E9, 0x39E9,
  0x31C8, 0x31A8, 0x31C8, 0x31C8, 0x31C8, 0x31C8, 0x31A7, 0x31C8, 0x39E9, 0x31C8, 0x31E8, 0x31C8,
  0x31C8, 0x31A8, 0x31C8, 0x31A8, 0x31C8, 0x31A7, 0x39E8, 0x31C8, 0x39E8, 0x31C8, 0x31A8, 0x31A8,
  0x31A8, 0x31A8, 0x29A8, 0x2987, 0x31A8, 0x2987, 0x31A8, 0x2987, 0x31A8, 0x39E8, 0x31A8, 0x2987,
  0x31A8, 0x2987, 0x2987, 0x31C8, 0x31A7, 0x2987, 0x2987, 0x2987, 0x2987, 0x31A8, 0x2987, 0x2967,
  0x29A7, 0x2987, 0x31A8, 0x31C8, 0x31A8, 0x2987, 0x2987, 0x2167, 0x2987, 0x31A7, 0x2987, 0x2966,
  0x2987, 0x2987, 0x2987, 0x2967, 0x2987, 0x2967, 0x2987, 0x2987, 0x2987, 0x2987, 0x2967, 0x2987,
  0x2967, 0x29A8, 0x2146, 0x2987, 0x2167, 0x2967, 0x2166, 0x2967, 0x2987, 0x2987, 0x2146, 0x2987,
  0x2966, 0x2126, 0x2966, 0x2987, 0x2966, 0x2987, 0x2166, 0x2966, 0x2166, 0x2967, 0x2126, 0x2946,
  0x2966, 0x2126, 0x2146, 0x2146, 0x2146, 0x2146, 0x1905, 0x1905, 0x2125, 0x1905, 0x1905, 0x1905,
  0x0862, 0x31A7, 0x424A, 0x18E4, 0x18E5, 0x10C3, 0x1945, 0x1986, 0x1985, 0x1985, 0x1985, 0x1985,
  0x1986, 0x1985, 0x1985, 0x1965, 0x1965, 0x1965, 0x1925, 0x2146, 0x2146, 0x31C8, 0x4229, 0x1082,
  0x1904, 0x2125, 0x2125, 0x2125, 0x2146, 0x2967, 0x2146, 0x2966, 0x2987, 0x31A7, 0x31C8, 0x31A8,
  0x31A8, 0x31A8, 0x31C8, 0x31A8, 0x2987, 0x31A8, 0x31C8, 0x31C8, 0x31C8, 0x31C8, 0x31A7, 0x2987,
  0x31A8, 0x31C8, 0x29A8, 0x31A7, 0x31C8, 0x31C8, 0x31A8, 0x31A8, 0x31A8, 0x31C8, 0x31C8, 0x31A8,
  0x31A8, 0x31E8, 0x31C8, 0x31A8, 0x31A7, 0x31A8, 0x31C8, 0x31E9, 0x31E9, 0x31C8, 0x29A8, 0x31C8,
  0x29A8, 0x29A8, 0x31A8, 0x31C8, 0x29A7, 0x31C8, 0x31C8, 0x31C8, 0x2987, 0x31C8, 0x3A09, 0x31A8,
  0x29A8, 0x31C8, 0x31C8, 0x31C8, 0x31E8, 0x31C8, 0x29A7, 0x31C8, 0x39E8, 0x31E8, 0x31C8, 0x31C8,
  0x31C8, 0x31A8, 0x31C8, 0x31C8, 0x31C8, 0x39E9, 0x3A09, 0x39E9, 0x31C8, 0x3A09, 0x31E9, 0x31C8,
  0x31A8, 0x31A8, 0x31C8, 0x31E9, 0x31C8, 0x39E9, 0x39E9, 0x31C8, 0x31C8, 0x39E9, 0x3A09, 0x31C9,
  0x31A8, 0x31A8, 0x31A8, 0x31A8, 0x29A7, 0x2987, 0x31C8, 0x31C8, 0x31A8, 0x2987, 0x29A7, 0x31A8,
  0x31C8, 0x31C8, 0x31C8, 0x31A8, 0x31A8, 0x39E9, 0x31A8, 0x31A8, 0x31A8, 0x39E8, 0x31C8, 0x31A8,
  0x31A8, 0x31A8, 0x2987, 0x29A7, 0x2967, 0x31A8, 0x2967, 0x31A7, 0x31A8, 0x31A8, 0x39C9, 0x31A8,
  0x31A8, 0x2987, 0x2988, 0x2987, 0x29A8, 0x31A8, 0x2987, 0x39E8, 0x31A8, 0x31A7, 0x31A8, 0x31A8,
  0x31A8, 0x2987, 0x31C8, 0x2987, 0x2967, 0x2987, 0x29A8, 0x2987, 0x2987, 0x31C8, 0x2987, 0x2987,
  0x2987, 0x31A8, 0x31A8, 0x29A7, 0x2967, 0x2987, 0x2967, 0x3187, 0x31A8, 0x31A7, 0x2967, 0x2967,
  0x2987, 0x2967, 0x2967, 0x2967, 0x2966, 0x2146, 0x2967, 0x2987, 0x2967, 0x2987, 0x2987, 0x2967,
  0x2987, 0x2967, 0x2146, 0x2967, 0x2166, 0x2166, 0x2987, 0x2166, 0x2146, 0x2966, 0x2967, 0x2967,
  0x2146, 0x2966, 0x2987, 0x2966, 0x2166, 0x2146, 0x2146, 0x2146, 0x2967, 0x2966, 0x2146, 0x2146,
  0x2146, 0x2967, 0x2966, 0x2966, 0x2146, 0x1905, 0x2126, 0x1905, 0x18E4, 0x1905, 0x18E4, 0x18C4,
  0x0862, 0x52AB, 0x2987, 0x1905, 0x18E4, 0x10C3, 0x1965, 0x1986, 0x1985, 0x1986, 0x1986, 0x1985,
  0x1985, 0x1985, 0x1965, 0x1965, 0x1965, 0x1965, 0x1124, 0x2126, 0x2146, 0x2146, 0x4A6B, 0x2125,
  0x10A3, 0x2125, 0x2125, 0x2145, 0x2125, 0x2146, 0x2146, 0x2966, 0x31A7, 0x2966, 0x3187, 0x31C8,
  0x31A8, 0x31C8, 0x31C8, 0x31C8, 0x31C8, 0x31A8, 0x31A8, 0x31A8, 0x31A8, 0x31C8, 0x31A8, 0x31C8,
  0x31C8, 0x31C8, 0x31C8, 0x31C8, 0x31A7, 0x2987, 0x39E9, 0x31A8, 0x31A7, 0x31A8, 0x31A8, 0x31A8,
  0x31C8, 0x31C8, 0x31A8, 0x31C8, 0x29A7, 0x2967, 0x31C8, 0x31C8, 0x31C8, 0x31C8, 0x31C8, 0x31C8,
  0x31C8, 0x31A8, 0x31C8, 0x31A8, 0x31A8, 0x2987, 0x2987, 0x29A8, 0x31C8, 0x31A8, 0x31A8, 0x31A8,
  0x31C8, 0x31C8, 0x31A8, 0x39E9, 0x31C8, 0x31C8, 0x31C8, 0x31A8, 0x31C8, 0x31A7, 0x2987, 0x29A7,
  0x31A8, 0x31C8, 0x31A8, 0x31A8, 0x31C8, 0x39E9, 0x31C8, 0x31C8, 0x39E9, 0x31A8, 0x31C8, 0x31C8,
  0x31C8, 0x31A8, 0x31C8, 0x39E9, 0x31C8, 0x31C8, 0x39E9, 0x3A09, 0x3A09, 0x31E9, 0x31C8, 0x31C8,
  0x31A8, 0x31A8, 0x31A7, 0x31C8, 0x31C8, 0x39E9, 0x31C8, 0x31C8, 0x31A7, 0x31A8, 0x31A7, 0x31C8,
  0x31C8, 0x31C8, 0x2987, 0x31A7, 0x31A7, 0x2987, 0x31C8, 0x31C8, 0x31A7, 0x31C8, 0x31A8, 0x31C8,
  0x39C9, 0x31A8, 0x31C8, 0x2987, 0x2987, 0x31A8, 0x29A7, 0x2987, 0x29A7, 0x31C8, 0x29A7, 0x29A7,
  0x2987, 0x2987, 0x2987, 0x2987, 0x31A7, 0x2987, 0x31A8, 0x31A8, 0x31A7, 0x31A8, 0x2987, 0x2987,
  0x31A7, 0x31C8, 0x2987, 0x2987, 0x2987, 0x2987, 0x2987, 0x31C8, 0x31A8, 0x29A7, 0x2987, 0x2987,
  0x2987, 0x31C8, 0x31C8, 0x2967, 0x31A8, 0x2987, 0x29A7, 0x2987, 0x2987, 0x2966, 0x31A8, 0x2987,
  0x2987, 0x2987, 0x2966, 0x2966, 0x2987, 0x2987, 0x2967, 0x2987, 0x2987, 0x2967, 0x2967, 0x2987,
  0x2987, 0x2146, 0x2987, 0x2966, 0x2987, 0x2987, 0x2966, 0x2966, 0x2967, 0x2987, 0x2987, 0x2967,
  0x2966, 0x2146, 0x2987, 0x2146, 0x2966, 0x2146, 0x2146, 0x2146, 0x2967, 0x2146, 0x2146, 0x2146,
  0x2967, 0x2967, 0x2166, 0x2125, 0x2146, 0x2146, 0x18E5, 0x18E5, 0x1905, 0x1905, 0x1905, 0x10A3,
  0x1904, 0x52CC, 0x18E4, 0x1905, 0x18E4, 0x10E4, 0x1986, 0x1986, 0x1986, 0x1986, 0x1985, 0x1985,
  0x1985, 0x1985, 0x1985, 0x1965, 0x1965, 0x1965, 0x1965, 0x1905, 0x2146, 0x2126, 0x39E9, 0x39E8,
  0x0882, 0x1905, 0x2105, 0x2125, 0x2146, 0x2146, 0x2966, 0x2966, 0x2987, 0x2987, 0x31A8, 0x31A8,
  0x31A8, 0x2987, 0x31A8, 0x31A8, 0x31A8, 0x31C8, 0x31A8, 0x29A7, 0x29A7, 0x31A8, 0x31A8, 0x31A7,
  0x31A7, 0x31A8, 0x2987, 0x31A8, 0x31A8, 0x2987, 0x2987, 0x31C8, 0x31A8, 0x31A7, 0x31A8, 0x31A8,
  0x31A7, 0x31C8, 0x31C8, 0x29A7, 0x31A8, 0x31C8, 0x31A8, 0x31C8, 0x31A8, 0x29A7, 0x31A8, 0x31A8,
  0x31A8, 0x39E8, 0x31E8, 0x31A8, 0x31A8, 0x31A8, 0x31A8, 0x31C8, 0x2987, 0x2987, 0x31A8, 0x31C8,
  0x31E8, 0x31C8, 0x31A8, 0x31A8, 0x31A8, 0x31A8, 0x31A8, 0x2987, 0x31A8, 0x31C8, 0x31C8, 0x31C8,
  0x31C8, 0x31C8, 0x31A8, 0x31A7, 0x39E8, 0x31C8, 0x31A7, 0x31C8, 0x31C8, 0x31C8, 0x31C8, 0x39E9,
  0x31C8, 0x31C8, 0x31C8, 0x31C8, 0x31A8, 0x31C8, 0x31C8, 0x31E8, 0x31A8, 0x31C8, 0x31C8, 0x31C8,
  0x39E9, 0x31C8, 0x31C8, 0x31A7, 0x31C8, 0x31C8, 0x31A8, 0x31A8, 0x31A8, 0x31A7, 0x31A8, 0x31A8,
  0x39E8, 0x31A8, 0x31A7, 0x31A8, 0x2987, 0x31C8, 0x31A8, 0x2987, 0x31C8, 0x39C8, 0x31C8, 0x31A8,
  0x31E8, 0x31C8, 0x2987, 0x31A8, 0x31C8, 0x2987, 0x31C8, 0x2987, 0x2987, 0x31C8, 0x31A7, 0x2987,
  0x2987, 0x2987, 0x31A8, 0x31A8, 0x31A8, 0x31A8, 0x2987, 0x2987, 0x31A7, 0x31A8, 0x31A7, 0x31A8,
  0x29A7, 0x2987, 0x29A7, 0x2987, 0x2987, 0x2987, 0x2987, 0x2987, 0x31A8, 0x2987, 0x2987, 0x2987,
  0x31C8, 0x31A7, 0x2987, 0x2987, 0x31A7, 0x2987, 0x2987, 0x2987, 0x2987, 0x2987, 0x2987, 0x2987,
  0x2987, 0x2967, 0x2146, 0x2987, 0x2987, 0x2987, 0x2146, 0x2987, 0x2166, 0x2967, 0x2967, 0x2967,
  0x2166, 0x2146, 0x2967, 0x2987, 0x2967, 0x2146, 0x2966, 0x2166, 0x2966, 0x2146, 0x2146, 0x2146,
  0x2146, 0x2966, 0x2146, 0x2967, 0x2146, 0x2126, 0x2966, 0x2967, 0x2967, 0x2146, 0x2967, 0x2966,
  0x2146, 0x2146, 0x2146, 0x2126, 0x2146, 0x18E5, 0x1905, 0x18E5, 0x2125, 0x1905, 0x18E5, 0x0862,
  0x39E8, 0x422A, 0x10C4, 0x18E5, 0x10C4, 0x1125, 0x1986, 0x1985, 0x1986, 0x1986, 0x1985, 0x1985,
  0x1985, 0x1985, 0x1985, 0x1985, 0x1965, 0x1965, 0x1985, 0x1925, 0x2126, 0x2146, 0x2967, 0x424A,
  0x10A3, 0x10C4, 0x1905, 0x2125, 0x2126, 0x2146, 0x2966, 0x2966, 0x2966, 0x3187, 0x2987, 0x31A8,
  0x2987, 0x29A7, 0x2987, 0x31A8, 0x31C8, 0x31A8, 0x31E8, 0x31C8, 0x31A7, 0x31C8, 0x31C8, 0x31C8,
  0x31C8, 0x31C8, 0x31A8, 0x2987, 0x29A8, 0x31C8, 0x31C8, 0x2987, 0x31A8, 0x31A8, 0x31C8, 0x31A7,
  0x2987, 0x2987, 0x31C8, 0x39E9, 0x31C8, 0x39E9, 0x31C8, 0x2987, 0x31C8, 0x31C8, 0x31A7, 0x31A8,
  0x31C8, 0x31C8, 0x31C8, 0x31C8, 0x31C8, 0x31C8, 0x39E9, 0x31C8, 0x31C8, 0x31C8, 0x31C8, 0x31C8,
  0x31A8, 0x31C8, 0x31C8, 0x31A8, 0x31C8, 0x31A8, 0x31A8, 0x31A7, 0x31C8, 0x31C8, 0x31C8, 0x31A8,
  0x31C8, 0x31C8, 0x31C8, 0x31C8, 0x31C8, 0x31C8, 0x39E9, 0x31C8, 0x31C8, 0x31C8, 0x31A8, 0x31A8,
  0x31A8, 0x31C8, 0x31A8, 0x31C8, 0x31A8, 0x31A8, 0x31C8, 0x31A8, 0x31C8, 0x31C8, 0x31C8, 0x2987,
  0x2987, 0x2987, 0x2987, 0x39E8, 0x31C8, 0x31C8, 0x39E9, 0x31C8, 0x31C8, 0x31A8, 0x31A8, 0x31A8,
  0x31A8, 0x31A7, 0x31A8, 0x31A8, 0x39E8, 0x31A8, 0x31A7, 0x31A8, 0x31A7, 0x31C8, 0x31A8, 0x31A8,
  0x2987, 0x31A8, 0x29A8, 0x29A8, 0x31A8, 0x2987, 0x2987, 0x2967, 0x2987, 0x2987, 0x2987, 0x2987,
  0x31C8, 0x31A8, 0x2987, 0x31A7, 0x31A7, 0x2987, 0x31A8, 0x2987, 0x2967, 0x31A7, 0x29A7, 0x2987,
  0x31C8, 0x31A8, 0x29A7, 0x2987, 0x2987, 0x2987, 0x2987, 0x2987, 0x31A8, 0x31A7, 0x31A7, 0x31A7,
  0x2987, 0x2987, 0x2987, 0x2966, 0x2987, 0x2987, 0x31A7, 0x2987, 0x31A8, 0x31A7, 0x2987, 0x2987,
  0x2966, 0x2966, 0x2967, 0x2166, 0x2987, 0x2967, 0x2967, 0x2987, 0x2967, 0x2967, 0x2987, 0x2146,
  0x2126, 0x2967, 0x2987, 0x2966, 0x2126, 0x2987, 0x2966, 0x2967, 0x2987, 0x2987, 0x2967, 0x2146,
  0x2987, 0x2966, 0x2146, 0x2146, 0x2126, 0x2967, 0x2146, 0x2166, 0x2125, 0x2146, 0x2146, 0x2146,
  0x2146, 0x2146, 0x2146, 0x2146, 0x1905, 0x1905, 0x2125, 0x1905, 0x1905, 0x1905, 0x10C4, 0x1082,
  0x52AC, 0x2146, 0x18E4, 0x18E4, 0x10C4, 0x1965, 0x1985, 0x1985, 0x1986, 0x1985, 0x1985, 0x1985,
  0x1985, 0x1965, 0x1965, 0x1985, 0x1985, 0x1985, 0x1986, 0x1945, 0x1905, 0x2146, 0x2146, 0x3A2A,
  0x2146, 0x1083, 0x1905, 0x1905, 0x2125, 0x2125, 0x2146, 0x2967, 0x2987, 0x2987, 0x31A7, 0x31A8,
  0x31A7, 0x2987, 0x31A8, 0x2987, 0x31A8, 0x31C8, 0x2967, 0x31C8, 0x31C8, 0x2987, 0x31A8, 0x29A7,
  0x31A8, 0x31C8, 0x31A7, 0x31A8, 0x31A8, 0x31A8, 0x39E9, 0x31A7, 0x2987, 0x31A8, 0x29A7, 0x29A7,
  0x2987, 0x2987, 0x31A8, 0x31A8, 0x39E9, 0x31A8, 0x31A8, 0x31A8, 0x39E9, 0x31C8, 0x31C8, 0x31A8,
  0x31A7, 0x31A7, 0x39E9, 0x31C8, 0x31C8, 0x31C8, 0x31C8, 0x31C8, 0x2987, 0x31C8, 0x31C8, 0x29A7,
  0x31A8, 0x31C8, 0x31C8, 0x31A8, 0x2987, 0x2987, 0x31A8, 0x31C8, 0x31A8, 0x31C8, 0x31A8, 0x31A8,
  0x31A8, 0x3187, 0x31A8, 0x31A8, 0x31A8, 0x31A8, 0x31A8, 0x31A8, 0x31C8, 0x31A8, 0x31A8, 0x31A8,
  0x29A8, 0x31A8, 0x31A8, 0x31A8, 0x31A8, 0x2987, 0x2987, 0x2987, 0x31A8, 0x31C8, 0x31C8, 0x31C8,
  0x31C8, 0x31A8, 0x31C8, 0x2987, 0x2987, 0x31C8, 0x31A8, 0x31A8, 0x31C8, 0x31A8, 0x31C8, 0x31A8,
  0x31A8, 0x31C8, 0x31C8, 0x31C8, 0x2987, 0x31A8, 0x31C8, 0x31A8, 0x31C8, 0x2987, 0x2987, 0x31A7,
  0x31C8, 0x31A8, 0x29A8, 0x29A8, 0x2967, 0x2987, 0x31A8, 0x31A8, 0x2987, 0x2987, 0x2987, 0x31A8,
  0x2987, 0x31A8, 0x31E8, 0x31A8, 0x31A8, 0x31A8, 0x2987, 0x31A8, 0x29A7, 0x2987, 0x2987, 0x31C8,
  0x31A7, 0x2987, 0x29A7, 0x2967, 0x2987, 0x2987, 0x2987, 0x2987, 0x31A7, 0x2987, 0x31A8, 0x31C8,
  0x2146, 0x2987, 0x2967, 0x2987, 0x2967, 0x2967, 0x2966, 0x2987, 0x2967, 0x2146, 0x2966, 0x2967,
  0x2987, 0x2967, 0x2967, 0x2967, 0x2967, 0x2166, 0x2166, 0x2166, 0x2967, 0x2967, 0x2967, 0x2967,
  0x2967, 0x2987, 0x2166, 0x2987, 0x2987, 0x2987, 0x2967, 0x2987, 0x2987, 0x2146, 0x2126, 0x1905,
  0x2146, 0x2146, 0x2166, 0x2967, 0x2146, 0x2146, 0x2146, 0x2146, 0x2966, 0x2146, 0x2126, 0x2166,
  0x2126, 0x2126, 0x2126, 0x2125, 0x2125, 0x2125, 0x1905, 0x18E5, 0x18E5, 0x18E4, 0x0882, 0x2986,
  0x52CC, 0x10C4, 0x18E5, 0x10C4, 0x1104, 0x1986, 0x1965, 0x1985, 0x1985, 0x1985, 0x1985, 0x1985,
  0x1985, 0x1965, 0x1965, 0x1985, 0x1965, 0x1965, 0x1986, 0x1965, 0x1904, 0x2126, 0x2125, 0x2987,
  0x422A, 0x0882, 0x18E4, 0x1905, 0x2125, 0x1905, 0x2125, 0x2946, 0x2987, 0x2966, 0x2987, 0x2987,
  0x31A8, 0x3187, 0x2967, 0x2987, 0x31A8, 0x31A7, 0x2987, 0x2987, 0x31A8, 0x2987, 0x31A8, 0x31A7,
  0x31A8, 0x2987, 0x2987, 0x31A8, 0x31A7, 0x2987, 0x2987, 0x2987, 0x31A8, 0x31C8, 0x31C8, 0x2987,
  0x2987, 0x31A8, 0x31C8, 0x31A8, 0x2987, 0x2987, 0x31A8, 0x31A8, 0x31A8, 0x39E9, 0x39E8, 0x31C8,
  0x31C8, 0x31C8, 0x31A7, 0x31C8, 0x39E8, 0x31C8, 0x31A8, 0x31A7, 0x31C8, 0x31A8, 0x31C8, 0x39E9,
  0x31A8, 0x31C8, 0x31A8, 0x31A8, 0x2987, 0x31A7, 0x31A7, 0x31A7, 0x31A7, 0x31A8, 0x2987, 0x31A8,
  0x31A8, 0x29A7, 0x31A8, 0x31A8, 0x29A8, 0x2987, 0x29A7, 0x31A7, 0x2987, 0x29A7, 0x31C8, 0x2987,
  0x2987, 0x2987, 0x31A7, 0x31A8, 0x31C8, 0x31C8, 0x31A8, 0x31A8, 0x31C8, 0x31C8, 0x31C8, 0x31C8,
  0x31A8, 0x31C8, 0x31C8, 0x2987, 0x2987, 0x31A8, 0x3187, 0x31A8, 0x29A8, 0x31A8, 0x31C8, 0x2987,
  0x2987, 0x31A8, 0x2987, 0x31A7, 0x31A8, 0x31C8, 0x31A8, 0x39E9, 0x31C8, 0x31A8, 0x31A7, 0x31A7,
  0x31C8, 0x31A8, 0x2987, 0x31A8, 0x29A8, 0x31A8, 0x2987, 0x2987, 0x2987, 0x31C8, 0x31A8, 0x3187,
  0x31A8, 0x31A7, 0x2987, 0x3187, 0x31C8, 0x2987, 0x2987, 0x2987, 0x31A8, 0x2987, 0x31C8, 0x31A8,
  0x29A7, 0x31A7, 0x2987, 0x2987, 0x2987, 0x2987, 0x2987, 0x31A8, 0x2987, 0x31A8, 0x31A8, 0x2166,
  0x2987, 0x2987, 0x2967, 0x2987, 0x2987, 0x2987, 0x2146, 0x2987, 0x2967, 0x2987, 0x2987, 0x2967,
  0x2987, 0x2166, 0x2146, 0x2966, 0x2967, 0x2987, 0x2967, 0x2146, 0x2966, 0x2146, 0x2966, 0x2146,
  0x2166, 0x2146, 0x2967, 0x2166, 0x2967, 0x2146, 0x2967, 0x2966, 0x2146, 0x2146, 0x2126, 0x2125,
  0x2966, 0x2146, 0x2967, 0x2146, 0x2126, 0x2146, 0x2125, 0x2125, 0x2966, 0x2126, 0x2146, 0x2126,
  0x2126, 0x2126, 0x1925, 0x2125, 0x1905, 0x18E4, 0x18E4, 0x1905, 0x1905, 0x18E4, 0x0862, 0x4AAB,
  0x31A8, 0x18E4, 0x18E5, 0x10C4, 0x1945, 0x1985, 0x1965, 0x1985, 0x1985, 0x1985, 0x1985, 0x1985,
  0x1985, 0x1965, 0x1965, 0x1985, 0x1985, 0x1965, 0x1985, 0x1986, 0x1924, 0x2105, 0x2966, 0x2146,
  0x424A, 0x2125, 0x0883, 0x1905, 0x2126, 0x2125, 0x2125, 0x2125, 0x2966, 0x2966, 0x2967, 0x2987,
  0x2987, 0x2987, 0x31A8, 0x31C8, 0x3187, 0x31A8, 0x31C8, 0x31A7, 0x31A7, 0x31A7, 0x2987, 0x31C8,
  0x31A8, 0x31A8, 0x2987, 0x2967, 0x31C8, 0x31A8, 0x31A7, 0x31A7, 0x31A7, 0x31A8, 0x29A7, 0x31A8,
  0x29A7, 0x2987, 0x31A7, 0x31A7, 0x31A8, 0x31C8, 0x39E8, 0x39E9, 0x31C8, 0x31C8, 0x31A8, 0x31C8,
  0x31A8, 0x2987, 0x31A8, 0x31C8, 0x31C8, 0x31A8, 0x31C8, 0x31C8, 0x31C8, 0x31C8, 0x31A8, 0x31A8,
  0x31A8, 0x31A8, 0x2987, 0x2987, 0x2987, 0x2987, 0x31A8, 0x31A7, 0x31A7, 0x31A7, 0x2987, 0x2967,
  0x2967, 0x31A8, 0x29A7, 0x2987, 0x2987, 0x2987, 0x29A7, 0x2987, 0x2987, 0x31A8, 0x29A8, 0x31A8,
  0x31A8, 0x31A8, 0x31A8, 0x31C8, 0x31C8, 0x31A8, 0x31A8, 0x31C8, 0x31A8, 0x31A8, 0x31A8, 0x31A7,
  0x31C8, 0x31A8, 0x2987, 0x31A8, 0x31A7, 0x31A8, 0x31C8, 0x2987, 0x2987, 0x29A8, 0x31A8, 0x31A8,
  0x2987, 0x2987, 0x2967, 0x31A8, 0x2987, 0x31C8, 0x39E8, 0x29A8, 0x29A8, 0x2987, 0x2987, 0x2987,
  0x31A7, 0x31C8, 0x31C8, 0x2987, 0x2987, 0x31C8, 0x2987, 0x2967, 0x2987, 0x2987, 0x2987, 0x31A7,
  0x31C8, 0x2987, 0x2987, 0x2987, 0x2987, 0x31A7, 0x3187, 0x2987, 0x2987, 0x31A7, 0x2987, 0x2967,
  0x2987, 0x31A7, 0x2987, 0x31A7, 0x31A8, 0x2987, 0x31A8, 0x2967, 0x2987, 0x2987, 0x2966, 0x31A8,
  0x2987, 0x2966, 0x2967, 0x2967, 0x2987, 0x2167, 0x2166, 0x2967, 0x2967, 0x2967, 0x2967, 0x2967,
  0x2966, 0x2146, 0x2146, 0x2966, 0x2967, 0x2146, 0x2146, 0x2966, 0x2966, 0x2146, 0x2966, 0x2987,
  0x2146, 0x2146, 0x2966, 0x2146, 0x2146, 0x2166, 0x2987, 0x2966, 0x2146, 0x2126, 0x2166, 0x2146,
  0x2166, 0x2126, 0x2146, 0x2146, 0x2967, 0x2146, 0x2126, 0x2146, 0x2146, 0x2966, 0x2146, 0x2146,
  0x2126, 0x2126, 0x2126, 0x2126, 0x1905, 0x18E5, 0x1905, 0x1905, 0x18E4, 0x10A3, 0x18E4, 0x52CC,
  0x10E4, 0x1905, 0x18C4, 0x10E4, 0x1985, 0x1985, 0x1985, 0x1985, 0x1985, 0x1985, 0x1985, 0x1985,
  0x1985, 0x1985, 0x1985, 0x1985, 0x1985, 0x1965, 0x1965, 0x1985, 0x1965, 0x1905, 0x2146, 0x2125,
  0x31C8, 0x4229, 0x0862, 0x1904, 0x1905, 0x1905, 0x2125, 0x1905, 0x1905, 0x2146, 0x2966, 0x2987,
  0x2966, 0x2987, 0x2966, 0x31A7, 0x3187, 0x2966, 0x2987, 0x2987, 0x31A8, 0x31A8, 0x31A8, 0x2987,
  0x2987, 0x2966, 0x2987, 0x31A7, 0x29A7, 0x31A8, 0x31C8, 0x31C8, 0x2987, 0x31A7, 0x31A8, 0x2987,
  0x31C8, 0x29A7, 0x29A8, 0x29A7, 0x2987, 0x31A7, 0x31A7, 0x31A8, 0x31C8, 0x2987, 0x31C8, 0x31A7,
  0x31A8, 0x31C8, 0x31A7, 0x31A8, 0x31A8, 0x31A7, 0x31A8, 0x2987, 0x31A7, 0x31C8, 0x31A8, 0x31C8,
  0x31A8, 0x31A8, 0x31A8, 0x2987, 0x29A7, 0x31A8, 0x2967, 0x2987, 0x2987, 0x31A8, 0x31C8, 0x31A7,
  0x31A8, 0x31A8, 0x2987, 0x29A8, 0x31A8, 0x29A7, 0x2987, 0x2987, 0x31A8, 0x31A8, 0x2987, 0x31A8,
  0x31A7, 0x2987, 0x31A8, 0x31A8, 0x3187, 0x31A8, 0x31A7, 0x31A8, 0x31A8, 0x2987, 0x2987, 0x29A7,
  0x2987, 0x2987, 0x31A7, 0x2987, 0x2967, 0x2987, 0x31A7, 0x31A8, 0x2987, 0x29A8, 0x2987, 0x29A7,
  0x31A8, 0x31A8, 0x31A7, 0x2987, 0x2987, 0x31C8, 0x2987, 0x2987, 0x2987, 0x2987, 0x31A8, 0x31A8,
  0x2987, 0x31A8, 0x2987, 0x2987, 0x31A8, 0x29A7, 0x2987, 0x2967, 0x31A8, 0x31A8, 0x2967, 0x31A8,
  0x2987, 0x2967, 0x2987, 0x2987, 0x2987, 0x2987, 0x31A8, 0x31A7, 0x31A7, 0x2987, 0x2967, 0x2987,
  0x31A8, 0x2987, 0x29A7, 0x29A7, 0x2967, 0x31A8, 0x2987, 0x2987, 0x2987, 0x2987, 0x2987, 0x2987,
  0x2146, 0x2146, 0x2967, 0x2966, 0x2967, 0x2967, 0x2146, 0x2967, 0x2166, 0x2166, 0x2966, 0x2967,
  0x2966, 0x2967, 0x2966, 0x2966, 0x2967, 0x2146, 0x2966, 0x2966, 0x2966, 0x2146, 0x2966, 0x2146,
  0x2126, 0x2966, 0x2146, 0x2146, 0x2166, 0x2967, 0x2967, 0x2967, 0x2146, 0x2966, 0x2967, 0x2146,
  0x2967, 0x2146, 0x2146, 0x2166, 0x2966, 0x2146, 0x2966, 0x2146, 0x2946, 0x2966, 0x2146, 0x2125,
  0x2125, 0x2125, 0x2126, 0x1905, 0x1905, 0x1905, 0x18E5, 0x18E4, 0x18E4, 0x0041, 0x4229, 0x39E9,
  0x10C4, 0x18E5, 0x10C4, 0x1925, 0x1986, 0x1965, 0x1985, 0x1985, 0x1985, 0x1985, 0x1985, 0x1986,
  0x1985, 0x1985, 0x1985, 0x1985, 0x1985, 0x1965, 0x1985, 0x1965, 0x1965, 0x1904, 0x2125, 0x2146,
  0x2125, 0x424A, 0x18E4, 0x10A3, 0x1905, 0x1905, 0x1905, 0x2125, 0x2146, 0x2125, 0x2125, 0x2966,
  0x2966, 0x2967, 0x31C8, 0x2987, 0x2987, 0x2987, 0x2987, 0x31A7, 0x31A7, 0x2987, 0x31A8, 0x31A7,
  0x31C8, 0x31A8, 0x31A7, 0x31A7, 0x3187, 0x31A7, 0x2987, 0x2967, 0x31C8, 0x2987, 0x2967, 0x2966,
  0x2987, 0x31A8, 0x31A7, 0x31A8, 0x2987, 0x2967, 0x31A8, 0x2987, 0x31A8, 0x31C8, 0x31C8, 0x31C8,
  0x31A7, 0x2987, 0x31A7, 0x31A8, 0x2987, 0x2987, 0x31A7, 0x2987, 0x2966, 0x2987, 0x31A7, 0x2987,
  0x2987, 0x2987, 0x31A7, 0x2967, 0x2967, 0x2987, 0x31A8, 0x2987, 0x31A7, 0x29A7, 0x2987, 0x3187,
  0x29A7, 0x29A7, 0x31C8, 0x31C8, 0x31A8, 0x2987, 0x2987, 0x2987, 0x31A8, 0x31A8, 0x2987, 0x31A8,
  0x2987, 0x3187, 0x31A8, 0x31A8, 0x31A8, 0x2987, 0x2987, 0x2987, 0x31A8, 0x31C8, 0x31C8, 0x31A8,
  0x2987, 0x31A8, 0x2987, 0x2987, 0x2987, 0x31C8, 0x31A8, 0x2987, 0x2987, 0x31A8, 0x29A7, 0x2987,
  0x29A7, 0x31A8, 0x31A7, 0x29A7, 0x31A8, 0x2987, 0x2967, 0x31A8, 0x31A8, 0x31A8, 0x29A8, 0x2987,
  0x31C8, 0x2987, 0x2987, 0x31A8, 0x29A8, 0x2987, 0x2987, 0x2987, 0x2987, 0x2967, 0x2987, 0x2987,
  0x2146, 0x2967, 0x2987, 0x31A8, 0x31A8, 0x31A7, 0x31A7, 0x31A7, 0x2987, 0x2987, 0x2987, 0x31A8,
  0x2987, 0x31A8, 0x29A7, 0x2967, 0x29A7, 0x2987, 0x31A8, 0x2987, 0x2987, 0x2987, 0x2967, 0x2146,
  0x2146, 0x2146, 0x2967, 0x2126, 0x2967, 0x2146, 0x2166, 0x2166, 0x2146, 0x2146, 0x2967, 0x2967,
  0x2967, 0x2967, 0x2966, 0x2966, 0x2987, 0x2146, 0x2967, 0x2146, 0x2146, 0x2146, 0x2126, 0x2126,
  0x2146, 0x2146, 0x2146, 0x2146, 0x2146, 0x2966, 0x2146, 0x2146, 0x2146, 0x2146, 0x2146, 0x2146,
  0x2987, 0x2146, 0x2967, 0x2126, 0x2146, 0x2166, 0x2146, 0x2126, 0x2967, 0x2966, 0x2126, 0x2146,
  0x2126, 0x2125, 0x18E5, 0x18E5, 0x18E5, 0x10E4, 0x18E4, 0x18E4, 0x10A3, 0x10C3, 0x5AED, 0x18E5,
  0x1905, 0x18E4, 0x10C4, 0x1965, 0x1985, 0x1985, 0x1985, 0x1986, 0x1985, 0x1985, 0x1986, 0x1986,
  0x1986, 0x1985, 0x1985, 0x1985, 0x1985, 0x1985, 0x1985, 0x1965, 0x1965, 0x1944, 0x1905, 0x2146,
  0x1905, 0x31C8, 0x3A09, 0x0862, 0x1905, 0x1905, 0x2105, 0x2105, 0x2105, 0x2146, 0x2966, 0x2966,
  0x2967, 0x31A7, 0x2987, 0x2967, 0x2966, 0x2967, 0x2987, 0x31A8, 0x2987, 0x2987, 0x31A7, 0x31C8,
  0x29A7, 0x31A8, 0x31A7, 0x2966, 0x2987, 0x2987, 0x31C8, 0x2987, 0x2967, 0x2987, 0x31A8, 0x31C8,
  0x2987, 0x31A8, 0x31A8, 0x31A8, 0x2987, 0x2966, 0x2967, 0x2987, 0x2987, 0x2987, 0x31A8, 0x31C8,
  0x2987, 0x2987, 0x2966, 0x2987, 0x2987, 0x31C8, 0x31A7, 0x2967, 0x31A8, 0x29A7, 0x2987, 0x31A8,
  0x31A8, 0x2987, 0x2987, 0x31A8, 0x2987, 0x2987, 0x3187, 0x31A7, 0x2987, 0x2987, 0x31A7, 0x31C8,
  0x31C8, 0x31A7, 0x31A7, 0x2987, 0x31A8, 0x29A8, 0x29A7, 0x31A8, 0x29A8, 0x2987, 0x2987, 0x2987,
  0x2987, 0x2987, 0x2987, 0x2987, 0x2967, 0x2967, 0x2987, 0x29A7, 0x2987, 0x2987, 0x2967, 0x2987,
  0x2987, 0x31C8, 0x31A7, 0x2987, 0x31A8, 0x2987, 0x2987, 0x2987, 0x2967, 0x2987, 0x2987, 0x2967,
  0x31A7, 0x31C8, 0x2987, 0x31A7, 0x31C8, 0x31A8, 0x31A7, 0x2967, 0x2987, 0x31A8, 0x29A7, 0x2987,
  0x2967, 0x2987, 0x2987, 0x31A8, 0x31C8, 0x2987, 0x2967, 0x2967, 0x2987, 0x2987, 0x2967, 0x2987,
  0x2987, 0x2987, 0x2987, 0x2987, 0x2987, 0x31A7, 0x2987, 0x2967, 0x2987, 0x2987, 0x2987, 0x2987,
  0x2987, 0x29A7, 0x2166, 0x2987, 0x2966, 0x31C8, 0x2167, 0x2967, 0x2166, 0x2967, 0x2966, 0x2146,
  0x2146, 0x2126, 0x2126, 0x2966, 0x2146, 0x2146, 0x2146, 0x2966, 0x2146, 0x2967, 0x2166, 0x2966,
  0x2966, 0x2987, 0x2966, 0x2966, 0x2146, 0x2146, 0x2126, 0x2125, 0x1905, 0x2966, 0x2146, 0x2966,
  0x2987, 0x1905, 0x2987, 0x2966, 0x2966, 0x2987, 0x2966, 0x2126, 0x2146, 0x2966, 0x2146, 0x2146,
  0x2126, 0x2146, 0x2126, 0x2126, 0x2966, 0x2126, 0x2126, 0x2126, 0x2146, 0x2126, 0x2125, 0x2125,
  0x2105, 0x1905, 0x1905, 0x1905, 0x18E4, 0x18E4, 0x18E4, 0x18E4, 0x0842, 0x3A09, 0x424A, 0x10A3,
  0x18E5, 0x10C4, 0x1104, 0x1986, 0x1985, 0x1985, 0x1985, 0x1985, 0x1985, 0x1985, 0x1985, 0x1986,
  0x1985, 0x1985, 0x1985, 0x1985, 0x1985, 0x1985, 0x1985, 0x1965, 0x1965, 0x1965, 0x1904, 0x2125,
  0x2146, 0x2146, 0x424A, 0x18C4, 0x10C4, 0x1905, 0x1905, 0x1905, 0x2146, 0x1905, 0x2146, 0x31A7,
  0x2987, 0x2987, 0x31A7, 0x29A7, 0x2966, 0x2967, 0x2987, 0x2987, 0x31C8, 0x2987, 0x2966, 0x2987,
  0x2987, 0x2987, 0x2987, 0x31A7, 0x31A7, 0x2966, 0x2987, 0x2987, 0x2987, 0x2987, 0x2987, 0x2987,
  0x2987, 0x2967, 0x31A8, 0x31A8, 0x31C8, 0x31C8, 0x29A7, 0x31A7, 0x2987, 0x2987, 0x31A7, 0x2967,
  0x2987, 0x31A7, 0x31A8, 0x2987, 0x31A7, 0x2987, 0x31C8, 0x39E9, 0x2987, 0x31A8, 0x31A8, 0x2987,
  0x29A7, 0x2987, 0x2987, 0x2967, 0x29A7, 0x31A7, 0x31A7, 0x2987, 0x3187, 0x31C8, 0x31A8, 0x31A8,
  0x2987, 0x2987, 0x2987, 0x31C8, 0x2987, 0x2987, 0x29A8, 0x31A8, 0x31A8, 0x29A8, 0x2987, 0x2987,
  0x31A8, 0x2987, 0x31A7, 0x31A7, 0x2987, 0x2987, 0x29A8, 0x31A8, 0x31A7, 0x29A7, 0x31A8, 0x2987,
  0x2987, 0x29A8, 0x31A8, 0x29A7, 0x2967, 0x29A8, 0x2987, 0x2967, 0x2987, 0x2967, 0x2987, 0x31A8,
  0x2987, 0x2966, 0x2987, 0x2987, 0x2987, 0x2966, 0x2987, 0x2987, 0x2987, 0x2987, 0x2987, 0x2987,
  0x2987, 0x31A8, 0x2967, 0x2987, 0x2987, 0x2987, 0x2987, 0x2987, 0x2967, 0x2967, 0x29A7, 0x2987,
  0x2146, 0x2966, 0x31A7, 0x31A7, 0x2987, 0x2987, 0x2967, 0x31A7, 0x2967, 0x2967, 0x2987, 0x2966,
  0x2987, 0x2966, 0x2987, 0x2987, 0x31A8, 0x2967, 0x2967, 0x2987, 0x2967, 0x2967, 0x2146, 0x2146,
  0x2146, 0x2146, 0x2146, 0x2967, 0x2987, 0x2146, 0x2987, 0x2966, 0x2967, 0x2966, 0x2146, 0x2146,
  0x2966, 0x2146, 0x2146, 0x2146, 0x2146, 0x2946, 0x2126, 0x2146, 0x2966, 0x2966, 0x2146, 0x2987,
  0x2125, 0x2126, 0x2987, 0x2146, 0x2146, 0x2966, 0x2146, 0x2146, 0x2966, 0x2126, 0x2146, 0x2146,
  0x2146, 0x2146, 0x2126, 0x2146, 0x2146, 0x2146, 0x2146, 0x2126, 0x2126, 0x2125, 0x1905, 0x1905,
  0x2126, 0x18E4, 0x1905, 0x1905, 0x1905, 0x2125, 0x1904, 0x10C4, 0x0882, 0x52CC, 0x1905, 0x18E4,
  0x18E4, 0x10C4, 0x1965, 0x1986, 0x1985, 0x1985, 0x1985, 0x1985, 0x1986, 0x1986, 0x1985, 0x1985,
  0x1985, 0x1985, 0x1985, 0x1986, 0x1986, 0x1986, 0x1986, 0x1986, 0x1965, 0x1985, 0x1945, 0x1905,
  0x1925, 0x1905, 0x31C8, 0x31C8, 0x0862, 0x1905, 0x1905, 0x1905, 0x2125, 0x2966, 0x2125, 0x2146,
  0x2966, 0x2166, 0x2967, 0x2987, 0x2967, 0x2946, 0x2967, 0x2166, 0x2987, 0x31A8, 0x31A8, 0x2987,
  0x2987, 0x31A7, 0x2967, 0x2967, 0x2987, 0x2987, 0x31C8, 0x31A7, 0x31A7, 0x31A7, 0x2987, 0x2987,
  0x31A8, 0x31A7, 0x2987, 0x2987, 0x31A7, 0x2987, 0x31A8, 0x2967, 0x2966, 0x3187, 0x2987, 0x2987,
  0x2967, 0x2987, 0x2987, 0x31A8, 0x31C8, 0x31A8, 0x2987, 0x2987, 0x2987, 0x2987, 0x31A8, 0x29A7,
  0x2967, 0x31A8, 0x31A8, 0x2987, 0x2987, 0x31A8, 0x31A8, 0x31A7, 0x31A8, 0x31A8, 0x31A7, 0x2967,
  0x2987, 0x31A8, 0x2987, 0x2987, 0x2987, 0x2987, 0x2987, 0x2967, 0x2987, 0x2987, 0x2987, 0x29A8,
  0x2987, 0x2967, 0x2987, 0x2987, 0x31A8, 0x2987, 0x31A7, 0x31A7, 0x2987, 0x29A8, 0x29A8, 0x2987,
  0x31A8, 0x2987, 0x2967, 0x2987, 0x29A7, 0x2987, 0x29A8, 0x29A8, 0x2987, 0x31A8, 0x2987, 0x31A8,
  0x31C8, 0x31C8, 0x31A8, 0x2966, 0x2966, 0x2987, 0x2967, 0x2987, 0x31A8, 0x2987, 0x2987, 0x29A7,
  0x2967, 0x2146, 0x2987, 0x2987, 0x2987, 0x2967, 0x2987, 0x2967, 0x2146, 0x2967, 0x2987, 0x2987,
  0x2987, 0x2987, 0x2987, 0x2987, 0x2967, 0x2967, 0x2987, 0x2967, 0x2987, 0x31A7, 0x2966, 0x2967,
  0x2966, 0x2967, 0x2966, 0x31A8, 0x31A7, 0x2166, 0x2987, 0x2967, 0x2967, 0x2146, 0x2146, 0x2146,
  0x2146, 0x2126, 0x2146, 0x2946, 0x2967, 0x31A7, 0x2987, 0x2987, 0x2146, 0x2146, 0x2146, 0x2146,
  0x2966, 0x2146, 0x2146, 0x2146, 0x2166, 0x2146, 0x2146, 0x2987, 0x2966, 0x2966, 0x2966, 0x2966,
  0x2125, 0x2146, 0x2987, 0x2146, 0x2146, 0x2146, 0x2146, 0x2126, 0x2146, 0x2146, 0x2166, 0x2146,
  0x2146, 0x2146, 0x2146, 0x2125, 0x2146, 0x2146, 0x2146, 0x2146, 0x2125, 0x2126, 0x1905, 0x2126,
  0x1905, 0x1905, 0x1905, 0x1905, 0x2125, 0x2105, 0x18E4, 0x0862, 0x39E8, 0x4A6B, 0x10A3, 0x1905,
  0x10C4, 0x1104, 0x1985, 0x1965, 0x1985, 0x1985, 0x1985, 0x1986, 0x1986, 0x1986, 0x1985, 0x1985,
  0x1986, 0x1985, 0x1985, 0x1986, 0x1986, 0x1986, 0x1986, 0x1986, 0x1985, 0x1965, 0x1965, 0x1904,
  0x1905, 0x2125, 0x2126, 0x426B, 0x18C4, 0x10C3, 0x1905, 0x1905, 0x1905, 0x2125, 0x2125, 0x2125,
  0x2946, 0x2967, 0x2987, 0x2987, 0x2967, 0x2967, 0x2967, 0x2987, 0x2987, 0x2987, 0x2966, 0x2966,
  0x2987, 0x2966, 0x2987, 0x2967, 0x2987, 0x2967, 0x2967, 0x31A7, 0x2987, 0x2967, 0x31A7, 0x2987,
  0x2987, 0x2987, 0x2987, 0x2987, 0x2987, 0x29A7, 0x2967, 0x31A7, 0x2966, 0x2987, 0x31A7, 0x2966,
  0x2967, 0x31A7, 0x2967, 0x2966, 0x2987, 0x29A7, 0x31A7, 0x2967, 0x2987, 0x2987, 0x2146, 0x2966,
  0x31A8, 0x2146, 0x2967, 0x31A7, 0x2987, 0x2987, 0x2987, 0x2987, 0x2987, 0x3187, 0x2987, 0x31A7,
  0x31A7, 0x31A7, 0x31A7, 0x2987, 0x31A8, 0x31C8, 0x31A8, 0x31A8, 0x31A8, 0x29A7, 0x31C8, 0x31A8,
  0x31A8, 0x2987, 0x2987, 0x2987, 0x31A8, 0x31A7, 0x2987, 0x2987, 0x2987, 0x29A8, 0x2987, 0x2967,
  0x2987, 0x29A8, 0x31A8, 0x2987, 0x2987, 0x2987, 0x2987, 0x31A8, 0x31A8, 0x2987, 0x2987, 0x2987,
  0x31A7, 0x2987, 0x2987, 0x2987, 0x2987, 0x2987, 0x2987, 0x2987, 0x2987, 0x2987, 0x2967, 0x2967,
  0x2967, 0x2987, 0x2146, 0x2987, 0x2967, 0x2967, 0x2987, 0x2967, 0x2987, 0x2987, 0x2987, 0x2987,
  0x2967, 0x2967, 0x2987, 0x2987, 0x2967, 0x2967, 0x2167, 0x2987, 0x2987, 0x2987, 0x2987, 0x2966,
  0x2987, 0x2966, 0x2987, 0x31C8, 0x2987, 0x2967, 0x2166, 0x2967, 0x2146, 0x2146, 0x2967, 0x2126,
  0x2126, 0x2146, 0x2967, 0x2146, 0x2987, 0x2146, 0x2967, 0x2146, 0x2126, 0x2146, 0x2146, 0x2967,
  0x2146, 0x2125, 0x2146, 0x2146, 0x2146, 0x2146, 0x2146, 0x2146, 0x2966, 0x2146, 0x2967, 0x2146,
  0x2146, 0x2146, 0x2146, 0x2146, 0x2146, 0x2146, 0x2146, 0x2966, 0x2146, 0x2146, 0x2146, 0x2146,
  0x2146, 0x2146, 0x2125, 0x2125, 0x2946, 0x2146, 0x2146, 0x2126, 0x2146, 0x2126, 0x2125, 0x2125,
  0x2125, 0x1905, 0x2125, 0x1905, 0x1905, 0x18E4, 0x10C3, 0x1082, 0x5B0D, 0x2126, 0x18E4, 0x18E4,
  0x10C3, 0x1945, 0x1985, 0x1985, 0x1985, 0x1985, 0x1985, 0x1986, 0x1986, 0x1986, 0x1985, 0x1985,
  0x1985, 0x1985, 0x1985, 0x1986, 0x1986, 0x1986, 0x1986, 0x1986, 0x1986, 0x1965, 0x1985, 0x1925,
  0x1905, 0x2126, 0x18E5, 0x31A8, 0x31A8, 0x0862, 0x1905, 0x1905, 0x2105, 0x2125, 0x1925, 0x2125,
  0x2125, 0x2146, 0x2966, 0x2987, 0x31A8, 0x29A7, 0x2967, 0x2967, 0x2987, 0x2967, 0x2987, 0x2987,
  0x31A7, 0x31C8, 0x2987, 0x2966, 0x2987, 0x2966, 0x2166, 0x2987, 0x2966, 0x2966, 0x2967, 0x2967,
  0x2967, 0x2966, 0x2967, 0x2987, 0x2987, 0x31A7, 0x2987, 0x2966, 0x31C8, 0x31A7, 0x2967, 0x31A7,
  0x2967, 0x2966, 0x3187, 0x29A7, 0x2987, 0x2987, 0x2967, 0x2987, 0x2966, 0x2967, 0x31A8, 0x2966,
  0x2146, 0x2966, 0x2967, 0x29A7, 0x31A8, 0x31A7, 0x2987, 0x2987, 0x29A7, 0x2967, 0x31C8, 0x31C8,
  0x2987, 0x2987, 0x31A8, 0x31A8, 0x31A8, 0x2987, 0x2987, 0x2966, 0x2967, 0x2967, 0x2147, 0x2967,
  0x2987, 0x29A7, 0x31A8, 0x2987, 0x2987, 0x2987, 0x2967, 0x2166, 0x2146, 0x2987, 0x29A7, 0x2987,
  0x2987, 0x2967, 0x2987, 0x2987, 0x2967, 0x31A8, 0x31A8, 0x2967, 0x31A8, 0x2987, 0x2967, 0x2987,
  0x2987, 0x2987, 0x2987, 0x2987, 0x2987, 0x2987, 0x2966, 0x2966, 0x2967, 0x2166, 0x2987, 0x2987,
  0x2967, 0x2967, 0x2967, 0x2146, 0x2987, 0x2987, 0x2967, 0x2987, 0x2987, 0x2967, 0x29A7, 0x2966,
  0x2967, 0x2987, 0x2967, 0x2987, 0x2967, 0x2967, 0x2967, 0x2966, 0x2146, 0x2166, 0x2966, 0x2987,
  0x2987, 0x31A7, 0x31A8, 0x2987, 0x2966, 0x2967, 0x2146, 0x2146, 0x2966, 0x2966, 0x2146, 0x2146,
  0x2966, 0x2967, 0x2987, 0x2967, 0x2146, 0x2967, 0x2967, 0x2146, 0x2967, 0x2966, 0x2966, 0x2146,
  0x2146, 0x2146, 0x2146, 0x2146, 0x2146, 0x2146, 0x2146, 0x2146, 0x2146, 0x2967, 0x2966, 0x2146,
  0x2966, 0x2967, 0x2126, 0x2146, 0x2146, 0x2126, 0x2125, 0x2146, 0x2125, 0x2146, 0x2126, 0x2146,
  0x2126, 0x2125, 0x2146, 0x2166, 0x2166, 0x2125, 0x2146, 0x2125, 0x2125, 0x1905, 0x2125, 0x1905,
  0x2125, 0x1905, 0x2125, 0x1905, 0x1905, 0x18E4, 0x0862, 0x39E8, 0x4A6B, 0x10A3, 0x18E5, 0x10C4,
  0x1104, 0x1986, 0x1965, 0x1985, 0x1985, 0x1986, 0x1986, 0x1986, 0x1986, 0x1986, 0x1985, 0x1985,
  0x1985, 0x1985, 0x1986, 0x1986, 0x1986, 0x1986, 0x1986, 0x1986, 0x1985, 0x1965, 0x1965, 0x1965,
  0x1904, 0x1905, 0x2125, 0x2126, 0x422A, 0x10C3, 0x10C3, 0x1905, 0x2105, 0x2125, 0x2125, 0x2125,
  0x2125, 0x2126, 0x2126, 0x2146, 0x2967, 0x2967, 0x2987, 0x2966, 0x2966, 0x2967, 0x2967, 0x2987,
  0x2966, 0x2966, 0x31A7, 0x2987, 0x2987, 0x2987, 0x31A7, 0x2987, 0x2146, 0x31A7, 0x2987, 0x2967,
  0x31A8, 0x31A7, 0x2987, 0x2987, 0x2987, 0x2987, 0x2987, 0x2987, 0x2966, 0x2966, 0x2986, 0x31A7,
  0x31A7, 0x31A8, 0x2987, 0x2967, 0x2987, 0x2966, 0x2966, 0x2966, 0x2967, 0x2966, 0x2966, 0x2967,
  0x2987, 0x2987, 0x2987, 0x29A7, 0x31A7, 0x2987, 0x31A8, 0x29A7, 0x2987, 0x31A7, 0x2987, 0x2966,
  0x2987, 0x31A7, 0x2987, 0x31A7, 0x31A7, 0x2987, 0x2987, 0x2166, 0x2967, 0x31A8, 0x2987, 0x2987,
  0x2987, 0x2987, 0x2987, 0x2987, 0x2967, 0x2967, 0x2987, 0x2987, 0x2987, 0x31A8, 0x2987, 0x29A7,
  0x31A7, 0x31A8, 0x2987, 0x2967, 0x2987, 0x2967, 0x2987, 0x2987, 0x2987, 0x2987, 0x2987, 0x2987,
  0x2987, 0x31A7, 0x2987, 0x2967, 0x2967, 0x2987, 0x2966, 0x2987, 0x2987, 0x2987, 0x2987, 0x2987,
  0x2967, 0x2987, 0x2987, 0x2967, 0x2987, 0x2987, 0x2967, 0x2967, 0x2967, 0x31A7, 0x2966, 0x2167,
  0x2987, 0x2967, 0x2987, 0x2967, 0x2987, 0x31A7, 0x2967, 0x2987, 0x2967, 0x2967, 0x2967, 0x2166,
  0x31A7, 0x2987, 0x2987, 0x2967, 0x2966, 0x2166, 0x2966, 0x2146, 0x2966, 0x2146, 0x2966, 0x2966,
  0x2146, 0x2967, 0x2146, 0x2146, 0x2146, 0x2967, 0x2146, 0x2146, 0x2146, 0x2146, 0x2146, 0x2126,
  0x2946, 0x2146, 0x1925, 0x2146, 0x2125, 0x2146, 0x2146, 0x2146, 0x2966, 0x2146, 0x2966, 0x2146,
  0x2125, 0x2146, 0x2125, 0x2966, 0x2966, 0x2125, 0x2125, 0x1905, 0x2146, 0x2146, 0x2125, 0x2146,
  0x2146, 0x2146, 0x2966, 0x2966, 0x1905, 0x2146, 0x2125, 0x2125, 0x2125, 0x2125, 0x1905, 0x2125,
  0x1905, 0x1905, 0x1905, 0x1905, 0x18E4, 0x10C3, 0x1082, 0x5B0D, 0x2126, 0x10E4, 0x18C4, 0x10C4,
  0x1965, 0x1985, 0x1985, 0x1986, 0x1985, 0x1985, 0x1986, 0x1986, 0x1986, 0x1986, 0x1986, 0x1985,
  0x1985, 0x1985, 0x1986, 0x1986, 0x1986, 0x1986, 0x1986, 0x1986, 0x1986, 0x1985, 0x1965, 0x1965,
  0x1945, 0x1905, 0x2125, 0x1905, 0x29A7, 0x31C8, 0x0882, 0x1905, 0x18E4, 0x1905, 0x2125, 0x2146,
  0x2126, 0x2966, 0x2146, 0x2166, 0x2967, 0x2967, 0x2967, 0x2987, 0x2966, 0x2146, 0x2967, 0x2967,
  0x2966, 0x2987, 0x2987, 0x2146, 0x2966, 0x2987, 0x2146, 0x2146, 0x2966, 0x2967, 0x2967, 0x2967,
  0x2987, 0x2967, 0x2987, 0x29A7, 0x31A8, 0x2987, 0x2967, 0x2987, 0x2946, 0x2967, 0x2966, 0x2966,
  0x2987, 0x2966, 0x2967, 0x2966, 0x2967, 0x2966, 0x2987, 0x2987, 0x2967, 0x2967, 0x2967, 0x2967,
  0x2966, 0x2987, 0x2166, 0x2967, 0x2967, 0x2967, 0x2967, 0x31A8, 0x2987, 0x2967, 0x2987, 0x31A7,
  0x2987, 0x31A8, 0x31A8, 0x31A8, 0x31A7, 0x2987, 0x2987, 0x2987, 0x2987, 0x2166, 0x2987, 0x2987,
  0x29A7, 0x2987, 0x2987, 0x2967, 0x2146, 0x2987, 0x2967, 0x2987, 0x2967, 0x2967, 0x29A8, 0x2987,
  0x2967, 0x2987, 0x2987, 0x2987, 0x2987, 0x2967, 0x2987, 0x2987, 0x2987, 0x2987, 0x2967, 0x2967,
  0x2987, 0x2987, 0x2967, 0x2967, 0x2146, 0x2166, 0x31A8, 0x2166, 0x2967, 0x2967, 0x2967, 0x2987,
  0x2967, 0x2967, 0x2966, 0x2987, 0x2967, 0x2967, 0x2987, 0x2967, 0x2967, 0x2967, 0x2967, 0x2967,
  0x2146, 0x2146, 0x2967, 0x2987, 0x2967, 0x2146, 0x2126, 0x2967, 0x2987, 0x2966, 0x2966, 0x2967,
  0x31A7, 0x2987, 0x2987, 0x2987, 0x2146, 0x2146, 0x2146, 0x2146, 0x2966, 0x2966, 0x2146, 0x2126,
  0x2987, 0x2146, 0x2146, 0x2146, 0x2146, 0x2146, 0x2146, 0x2146, 0x2146, 0x2967, 0x2946, 0x2966,
  0x2146, 0x2125, 0x2126, 0x2146, 0x2146, 0x2146, 0x2146, 0x2146, 0x2146, 0x2146, 0x2146, 0x2146,
  0x2966, 0x2966, 0x2146, 0x2967, 0x2126, 0x2125, 0x2125, 0x2146, 0x2146, 0x2126, 0x2966, 0x2146,
  0x2146, 0x2126, 0x2146, 0x1905, 0x2146, 0x2146, 0x2126, 0x1925, 0x2125, 0x2125, 0x2125, 0x2125,
  0x2125, 0x1905, 0x1905, 0x18E4, 0x18E4, 0x0841, 0x4229, 0x4A8B, 0x10A3, 0x18E4, 0x10C4, 0x1104,
  0x1986, 0x1965, 0x1985, 0x1986, 0x1985, 0x1986, 0x1986, 0x1986, 0x1986, 0x1986, 0x1986, 0x1986,
  0x1986, 0x1986, 0x1986, 0x1986, 0x1986, 0x1986, 0x1986, 0x1986, 0x1986, 0x1985, 0x1965, 0x1965,
  0x1965, 0x1904, 0x1905, 0x1905, 0x1905, 0x424A, 0x1904, 0x10C3, 0x1905, 0x1905, 0x1905, 0x1905,
  0x1905, 0x1925, 0x2946, 0x2967, 0x2987, 0x2967, 0x2146, 0x2146, 0x2967, 0x2967, 0x2146, 0x2146,
  0x2966, 0x2987, 0x2987, 0x2987, 0x2987, 0x2146, 0x2967, 0x2966, 0x2967, 0x2966, 0x2987, 0x2146,
  0x2966, 0x2987, 0x2987, 0x2967, 0x2967, 0x2967, 0x2146, 0x2987, 0x31A8, 0x2987, 0x2966, 0x2966,
  0x2987, 0x2987, 0x2967, 0x2146, 0x2967, 0x2987, 0x2967, 0x2967, 0x2987, 0x31A7, 0x2987, 0x2967,
  0x2987, 0x2987, 0x2166, 0x2146, 0x2967, 0x2967, 0x2987, 0x2166, 0x2987, 0x2967, 0x2967, 0x2987,
  0x2967, 0x2967, 0x2967, 0x2966, 0x31A7, 0x2987, 0x2987, 0x2966, 0x2966, 0x2987, 0x2987, 0x2967,
  0x2966, 0x2166, 0x2967, 0x2967, 0x2967, 0x2967, 0x2987, 0x2987, 0x2987, 0x31A8, 0x2987, 0x2967,
  0x2987, 0x2966, 0x2987, 0x2967, 0x2987, 0x2987, 0x2967, 0x2987, 0x2987, 0x2987, 0x2987, 0x2967,
  0x2987, 0x2146, 0x2967, 0x2987, 0x2987, 0x2987, 0x2987, 0x2967, 0x2966, 0x2967, 0x2987, 0x2987,
  0x2967, 0x2987, 0x2987, 0x2967, 0x2987, 0x2987, 0x2966, 0x2987, 0x2987, 0x2146, 0x2987, 0x2987,
  0x2966, 0x2967, 0x2987, 0x2987, 0x2166, 0x2146, 0x2146, 0x2146, 0x2146, 0x2987, 0x2966, 0x31A8,
  0x2166, 0x2146, 0x29A7, 0x2966, 0x2967, 0x2146, 0x2146, 0x2146, 0x2946, 0x2966, 0x2146, 0x2987,
  0x2146, 0x2146, 0x2166, 0x2125, 0x2146, 0x2146, 0x2166, 0x2126, 0x2146, 0x2146, 0x2146, 0x2146,
  0x2126, 0x2126, 0x2126, 0x2146, 0x2146, 0x2146, 0x2146, 0x2146, 0x2146, 0x2966, 0x2146, 0x2966,
  0x2125, 0x2146, 0x2146, 0x2146, 0x2146, 0x2146, 0x2125, 0x2146, 0x2126, 0x2146, 0x2125, 0x2126,
  0x2146, 0x2146, 0x2966, 0x2146, 0x2125, 0x2126, 0x2146, 0x1905, 0x2125, 0x1905, 0x18E5, 0x2125,
  0x1905, 0x1904, 0x18E4, 0x18E4, 0x10A3, 0x10C3, 0x632E, 0x18E5, 0x18E4, 0x18E4, 0x10C4, 0x1965,
  0x1985, 0x1965, 0x1985, 0x1986, 0x1986, 0x1986, 0x1986, 0x1986, 0x1986, 0x1986, 0x1986, 0x1986,
  0x1986, 0x1986, 0x1986, 0x1986, 0x1986, 0x1986, 0x1986, 0x1986, 0x1985, 0x1985, 0x1965, 0x1965,
  0x1985, 0x1945, 0x1905, 0x2125, 0x1905, 0x2987, 0x422A, 0x0882, 0x18E4, 0x1905, 0x1905, 0x2125,
  0x1905, 0x1905, 0x1905, 0x2126, 0x2146, 0x2166, 0x2967, 0x2967, 0x2146, 0x2966, 0x2146, 0x2967,
  0x2146, 0x2146, 0x2966, 0x2987, 0x2987, 0x2966, 0x2966, 0x2966, 0x2987, 0x2987, 0x2967, 0x2966,
  0x2146, 0x2987, 0x2967, 0x2966, 0x2967, 0x2967, 0x2946, 0x2125, 0x2146, 0x2987, 0x2987, 0x2987,
  0x2987, 0x2146, 0x2146, 0x2146, 0x2967, 0x2987, 0x2987, 0x2987, 0x2987, 0x2987, 0x2987, 0x2987,
  0x2966, 0x2987, 0x2987, 0x2166, 0x2967, 0x2967, 0x2967, 0x2987, 0x2987, 0x2967, 0x2987, 0x2987,
  0x2967, 0x2967, 0x31A8, 0x2987, 0x2967, 0x2987, 0x2966, 0x2967, 0x2967, 0x2966, 0x2966, 0x2967,
  0x2146, 0x2987, 0x29A7, 0x2987, 0x2166, 0x2966, 0x2967, 0x2987, 0x2987, 0x2987, 0x2987, 0x2987,
  0x2987, 0x2967, 0x2967, 0x2987, 0x2987, 0x2967, 0x2967, 0x2987, 0x2987, 0x2987, 0x2967, 0x2967,
  0x2967, 0x2967, 0x2966, 0x2966, 0x2987, 0x2967, 0x2967, 0x2967, 0x2987, 0x2967, 0x2987, 0x2987,
  0x2987, 0x2987, 0x2146, 0x2967, 0x2987, 0x2967, 0x2987, 0x2967, 0x2967, 0x2166, 0x2967, 0x2967,
  0x2967, 0x2987, 0x2166, 0x2966, 0x2146, 0x2966, 0x2966, 0x2146, 0x2967, 0x2987, 0x3187, 0x2966,
  0x2166, 0x2967, 0x2166, 0x2126, 0x2146, 0x2966, 0x2967, 0x2966, 0x2987, 0x2146, 0x2966, 0x2967,
  0x2966, 0x2966, 0x2966, 0x2146, 0x2146, 0x2146, 0x2146, 0x2126, 0x2966, 0x2146, 0x2146, 0x2146,
  0x2146, 0x2125, 0x2146, 0x2146, 0x2146, 0x2125, 0x2146, 0x2146, 0x2126, 0x2966, 0x2146, 0x2125,
  0x2146, 0x2966, 0x2146, 0x2146, 0x2126, 0x2146, 0x2146, 0x2146, 0x2146, 0x2125, 0x2126, 0x2146,
  0x2146, 0x2966, 0x2126, 0x2146, 0x2126, 0x2126, 0x1905, 0x2125, 0x2125, 0x1905, 0x2125, 0x1905,
  0x1905, 0x18E5, 0x10C4, 0x18E4, 0x0041, 0x4A6A, 0x424A, 0x10A3, 0x18E4, 0x10C4, 0x1104, 0x1986,
  0x1965, 0x1965, 0x1985, 0x1985, 0x1986, 0x1986, 0x1986, 0x1986, 0x1986, 0x1986, 0x1986, 0x1986,
  0x1986, 0x1986, 0x1986, 0x1986, 0x1986, 0x1986, 0x1986, 0x1986, 0x1986, 0x1985, 0x1985, 0x1965,
  0x1965, 0x1965, 0x1104, 0x1905, 0x2125, 0x1905, 0x422A, 0x2966, 0x10A3, 0x1905, 0x18E4, 0x1905,
  0x1905, 0x1905, 0x1905, 0x2146, 0x2146, 0x2146, 0x2146, 0x2967, 0x2967, 0x2967, 0x2966, 0x2966,
  0x2967, 0x2967, 0x2966, 0x2966, 0x2146, 0x2146, 0x2987, 0x2966, 0x2146, 0x2967, 0x2146, 0x2146,
  0x2146, 0x2967, 0x2966, 0x2987, 0x2987, 0x2966, 0x2987, 0x2966, 0x2987, 0x2987, 0x2966, 0x3187,
  0x2966, 0x2966, 0x2987, 0x2966, 0x2967, 0x2987, 0x2987, 0x2987, 0x2987, 0x2987, 0x2987, 0x2987,
  0x2987, 0x2987, 0x2966, 0x2966, 0x2966, 0x2966, 0x2967, 0x2967, 0x2967, 0x2967, 0x2967, 0x2967,
  0x2166, 0x2967, 0x2966, 0x2987, 0x2987, 0x2987, 0x2967, 0x2966, 0x2146, 0x2166, 0x2166, 0x2146,
  0x2987, 0x2967, 0x2967, 0x2967, 0x2987, 0x2966, 0x2166, 0x2987, 0x2987, 0x2987, 0x29A7, 0x31A7,
  0x2967, 0x2987, 0x2987, 0x2966, 0x2967, 0x2967, 0x31A7, 0x2987, 0x2966, 0x2967, 0x2987, 0x2967,
  0x2967, 0x2987, 0x2967, 0x2966, 0x2967, 0x2987, 0x2987, 0x2967, 0x2987, 0x31A7, 0x31A7, 0x2987,
  0x2987, 0x2966, 0x2966, 0x2967, 0x2967, 0x2146, 0x2987, 0x2966, 0x2146, 0x2987, 0x2987, 0x2146,
  0x2987, 0x2966, 0x2166, 0x2966, 0x2967, 0x2146, 0x2987, 0x2987, 0x2967, 0x2987, 0x2987, 0x2966,
  0x2967, 0x2966, 0x2966, 0x2966, 0x2967, 0x2966, 0x2146, 0x2946, 0x2967, 0x2146, 0x2146, 0x2146,
  0x2966, 0x2966, 0x2146, 0x2966, 0x2966, 0x2146, 0x2126, 0x2166, 0x2146, 0x2146, 0x2967, 0x2146,
  0x2126, 0x2125, 0x2125, 0x2966, 0x1925, 0x2146, 0x2125, 0x2146, 0x2146, 0x2146, 0x2125, 0x2146,
  0x2966, 0x2146, 0x2146, 0x2146, 0x2146, 0x2966, 0x2146, 0x2946, 0x2146, 0x2125, 0x2146, 0x2146,
  0x2126, 0x2125, 0x2966, 0x2125, 0x1905, 0x2146, 0x2125, 0x1905, 0x18E4, 0x1905, 0x18E4, 0x18E4,
  0x18E4, 0x18E4, 0x18E4, 0x10A3, 0x1904, 0x632E, 0x18E5, 0x18E4, 0x10C4, 0x10C4, 0x1965, 0x1965,
  0x1965, 0x1965, 0x1965, 0x1985, 0x1985, 0x1986, 0x1986, 0x1986, 0x1986, 0x1986, 0x1986, 0x1986,
  0x1986, 0x1986, 0x1986, 0x1986, 0x1986, 0x1986, 0x1986, 0x1986, 0x1986, 0x1986, 0x1985, 0x1985,
  0x1965, 0x1985, 0x1945, 0x18E5, 0x2125, 0x1925, 0x2966, 0x4A8B, 0x10A3, 0x10C4, 0x18E4, 0x18E4,
  0x1905, 0x1905, 0x2125, 0x2105, 0x2146, 0x2146, 0x2146, 0x2966, 0x2967, 0x2146, 0x2967, 0x2146,
  0x2146, 0x2146, 0x2966, 0x2966, 0x2146, 0x2125, 0x2126, 0x2967, 0x2987, 0x2126, 0x2987, 0x2967,
  0x2966, 0x2967, 0x2146, 0x2146, 0x2967, 0x2967, 0x2966, 0x2966, 0x2987, 0x2987, 0x2146, 0x2146,
  0x2987, 0x2966, 0x2966, 0x2987, 0x2987, 0x2146, 0x2966, 0x2987, 0x2966, 0x2987, 0x3187, 0x2966,
  0x2967, 0x2967, 0x2967, 0x2967, 0x2987, 0x2146, 0x2987, 0x31A7, 0x2146, 0x2966, 0x2987, 0x2166,
  0x2987, 0x2967, 0x2967, 0x2967, 0x2987, 0x2966, 0x2966, 0x2966, 0x2967, 0x2146, 0x2987, 0x2967,
  0x2967, 0x2967, 0x2967, 0x2987, 0x2146, 0x2967, 0x2966, 0x2146, 0x2966, 0x2967, 0x29A7, 0x2967,
  0x2987, 0x31A8, 0x2967, 0x2987, 0x2987, 0x2987, 0x2987, 0x2967, 0x2966, 0x2987, 0x2987, 0x2967,
  0x2966, 0x2146, 0x2166, 0x31A8, 0x2987, 0x2967, 0x2987, 0x2967, 0x2987, 0x2967, 0x31A7, 0x2987,
  0x2146, 0x2146, 0x2946, 0x2146, 0x2146, 0x2967, 0x2967, 0x2126, 0x2987, 0x2967, 0x2146, 0x2146,
  0x2146, 0x2146, 0x2967, 0x2146, 0x2966, 0x2987, 0x2966, 0x2146, 0x2146, 0x2987, 0x2967, 0x2987,
  0x2967, 0x2966, 0x2146, 0x2146, 0x2146, 0x2146, 0x2966, 0x2146, 0x2966, 0x2146, 0x2126, 0x2146,
  0x2146, 0x2126, 0x2146, 0x2146, 0x2146, 0x2146, 0x2146, 0x2146, 0x2126, 0x2146, 0x2126, 0x2126,
  0x2126, 0x2126, 0x2146, 0x1925, 0x2125, 0x2125, 0x2126, 0x2146, 0x2146, 0x2125, 0x2966, 0x2146,
  0x2125, 0x2146, 0x2125, 0x2146, 0x2126, 0x2146, 0x2126, 0x2146, 0x2126, 0x2146, 0x2126, 0x2146,
  0x2125, 0x2966, 0x2125, 0x2126, 0x2125, 0x2126, 0x1905, 0x2125, 0x1905, 0x1905, 0x1905, 0x2125,
  0x1905, 0x18C4, 0x18C4, 0x0841, 0x5AED, 0x31C8, 0x10A4, 0x18E4, 0x10C4, 0x1124, 0x1985, 0x1965,
  0x1965, 0x1965, 0x1965, 0x1985, 0x1985, 0x1986, 0x1986, 0x1986, 0x1986, 0x1986, 0x1986, 0x1985,
  0x1986, 0x1986, 0x1986, 0x1986, 0x1986, 0x1986, 0x19A6, 0x1986, 0x1986, 0x1985, 0x1985, 0x1986,
  0x1985, 0x1965, 0x1965, 0x1904, 0x1905, 0x1925, 0x18E4, 0x3A09, 0x31C8, 0x0862, 0x1904, 0x18E4,
  0x1905, 0x1905, 0x2125, 0x2146, 0x2125, 0x2146, 0x2146, 0x2967, 0x31A7, 0x2967, 0x2967, 0x2146,
  0x2146, 0x2967, 0x2146, 0x2126, 0x2987, 0x2967, 0x2146, 0x2146, 0x2146, 0x2146, 0x2146, 0x2966,
  0x2966, 0x2967, 0x2987, 0x2966, 0x2966, 0x2966, 0x2966, 0x2966, 0x2966, 0x2966, 0x2967, 0x2967,
  0x2966, 0x2967, 0x2966, 0x2966, 0x2987, 0x2966, 0x2987, 0x2166, 0x2966, 0x2967, 0x2967, 0x2967,
  0x2967, 0x2966, 0x2966, 0x2967, 0x2987, 0x2146, 0x2967, 0x2987, 0x2966, 0x2967, 0x2967, 0x2967,
  0x2146, 0x2146, 0x2966, 0x2987, 0x2966, 0x2966, 0x2146, 0x2166, 0x2146, 0x2987, 0x2987, 0x2166,
  0x2987, 0x2987, 0x2967, 0x2987, 0x2987, 0x2967, 0x2987, 0x2987, 0x2967, 0x2967, 0x2966, 0x2967,
  0x3187, 0x2987, 0x31A7, 0x31A7, 0x2987, 0x2966, 0x2987, 0x31A8, 0x2987, 0x2967, 0x2146, 0x2167,
  0x2966, 0x2967, 0x31A7, 0x2987, 0x2987, 0x2967, 0x2966, 0x2987, 0x2967, 0x2967, 0x2967, 0x2966,
  0x2146, 0x2967, 0x2146, 0x2967, 0x2966, 0x2966, 0x2966, 0x2146, 0x2967, 0x2146, 0x2967, 0x2966,
  0x2166, 0x2146, 0x2146, 0x2987, 0x2966, 0x2946, 0x2126, 0x2966, 0x2146, 0x2987, 0x2966, 0x2967,
  0x2966, 0x2966, 0x2146, 0x2946, 0x2126, 0x2166, 0x2146, 0x2146, 0x2967, 0x2146, 0x2146, 0x2125,
  0x2146, 0x2966, 0x2146, 0x2146, 0x2125, 0x2146, 0x2967, 0x2146, 0x1925, 0x1905, 0x1905, 0x1905,
  0x2146, 0x1905, 0x1905, 0x1905, 0x2966, 0x2146, 0x2146, 0x2146, 0x2146, 0x2125, 0x2126, 0x2146,
  0x2126, 0x2125, 0x2125, 0x2146, 0x2146, 0x2125, 0x2126, 0x2125, 0x2125, 0x2126, 0x2146, 0x2126,
  0x2146, 0x2146, 0x2126, 0x2125, 0x2125, 0x1905, 0x2125, 0x2125, 0x1905, 0x1905, 0x1905, 0x18E4,
  0x18E4, 0x18E4, 0x0862, 0x31A7, 0x52CD, 0x10A3, 0x18E5, 0x10C4, 0x10E4, 0x1965, 0x1965, 0x1965,
  0x1965, 0x1965, 0x1965, 0x1965, 0x1985, 0x1986, 0x1986, 0x1986, 0x1986, 0x1986, 0x1985, 0x1985,
  0x1986, 0x1986, 0x1986, 0x1986, 0x19A6, 0x21A6, 0x1986, 0x1986, 0x1986, 0x1986, 0x1986, 0x1986,
  0x1985, 0x1965, 0x1965, 0x1945, 0x1905, 0x2125, 0x2125, 0x1925, 0x426B, 0x1904, 0x10A3, 0x18E4,
  0x18E4, 0x1905, 0x1905, 0x2125, 0x2125, 0x2125, 0x2966, 0x2966, 0x2966, 0x2987, 0x2967, 0x2967,
  0x2146, 0x2146, 0x2967, 0x2966, 0x2966, 0x2967, 0x2967, 0x2966, 0x2146, 0x2146, 0x2966, 0x2966,
  0x2966, 0x2146, 0x2966, 0x2966, 0x2966, 0x2967, 0x2967, 0x2146, 0x2146, 0x2966, 0x2126, 0x2966,
  0x2966, 0x2146, 0x2146, 0x2987, 0x2987, 0x2987, 0x2966, 0x2987, 0x2146, 0x2967, 0x2966, 0x2966,
  0x2966, 0x2146, 0x2987, 0x2966, 0x2966, 0x2967, 0x2967, 0x2987, 0x2987, 0x2987, 0x2966, 0x2146,
  0x2967, 0x2966, 0x2966, 0x2146, 0x2966, 0x2987, 0x2987, 0x2987, 0x2967, 0x2146, 0x2987, 0x2987,
  0x2987, 0x2987, 0x2967, 0x2987, 0x2987, 0x2967, 0x2987, 0x2987, 0x2966, 0x2987, 0x2967, 0x2987,
  0x2987, 0x2987, 0x2987, 0x31A7, 0x31A7, 0x2987, 0x2987, 0x2987, 0x2987, 0x2967, 0x2166, 0x2967,
  0x2967, 0x2967, 0x2967, 0x2166, 0x2967, 0x2987, 0x2967, 0x2966, 0x2987, 0x2967, 0x2967, 0x2987,
  0x2987, 0x2967, 0x2987, 0x2966, 0x2146, 0x2966, 0x2146, 0x2967, 0x2966, 0x2967, 0x2966, 0x2966,
  0x2966, 0x2146, 0x2146, 0x2987, 0x2166, 0x2146, 0x2946, 0x2146, 0x2146, 0x2966, 0x2966, 0x2966,
  0x2146, 0x2146, 0x2146, 0x2146, 0x2146, 0x2146, 0x2146, 0x2966, 0x2146, 0x2126, 0x2125, 0x2146,
  0x2967, 0x2146, 0x2125, 0x2146, 0x2146, 0x2125, 0x2146, 0x2146, 0x2126, 0x1905, 0x2146, 0x2146,
  0x2146, 0x2125, 0x2126, 0x2966, 0x2126, 0x2166, 0x2966, 0x2146, 0x2126, 0x2146, 0x2126, 0x2146,
  0x2125, 0x2126, 0x2966, 0x2146, 0x2146, 0x2125, 0x2126, 0x2146, 0x2125, 0x2125, 0x2146, 0x2146,
  0x2146, 0x2125, 0x2126, 0x2146, 0x2125, 0x1905, 0x2125, 0x2125, 0x18E4, 0x18E4, 0x18E4, 0x18E4,
  0x10C4, 0x10C3, 0x1082, 0x632E, 0x2146, 0x10C4, 0x18E5, 0x10C4, 0x1945, 0x1985, 0x1965, 0x1965,
  0x1965, 0x1965, 0x1985, 0x1985, 0x1985, 0x1986, 0x1986, 0x1986, 0x1986, 0x1986, 0x1986, 0x1986,
  0x1986, 0x1986, 0x1986, 0x1986, 0x1986, 0x1986, 0x1986, 0x1986, 0x1986, 0x1985, 0x1985, 0x1985,
  0x1985, 0x1965, 0x1965, 0x1965, 0x1924, 0x1905, 0x2125, 0x1905, 0x2987, 0x422A, 0x0882, 0x18E4,
  0x18E4, 0x1904, 0x1905, 0x1905, 0x1905, 0x2125, 0x2125, 0x2125, 0x2146, 0x2966, 0x2966, 0x2966,
  0x2967, 0x2966, 0x2126, 0x2967, 0x2966, 0x2987, 0x2987, 0x2987, 0x2966, 0x2966, 0x2146, 0x2966,
  0x2967, 0x2967, 0x2966, 0x2146, 0x2146, 0x2987, 0x2146, 0x2146, 0x2966, 0x2146, 0x2966, 0x2146,
  0x2966, 0x2966, 0x2146, 0x2967, 0x2966, 0x2146, 0x2966, 0x2166, 0x2146, 0x2166, 0x2146, 0x2146,
  0x2966, 0x2966, 0x2966, 0x2967, 0x2987, 0x2987, 0x2967, 0x2966, 0x2146, 0x2966, 0x2987, 0x2967,
  0x2146, 0x2146, 0x2966, 0x2966, 0x2966, 0x2967, 0x2967, 0x2967, 0x2987, 0x2987, 0x2966, 0x2987,
  0x2987, 0x2966, 0x2987, 0x2987, 0x2987, 0x2987, 0x2987, 0x2966, 0x2987, 0x2967, 0x2987, 0x2987,
  0x2987, 0x31A7, 0x2987, 0x2987, 0x2987, 0x2987, 0x31A7, 0x2987, 0x2966, 0x2987, 0x2967, 0x2987,
  0x2166, 0x2166, 0x2146, 0x2166, 0x2967, 0x2146, 0x2146, 0x2146, 0x2966, 0x2987, 0x2146, 0x2146,
  0x2967, 0x2967, 0x2967, 0x2966, 0x2966, 0x2967, 0x2987, 0x2146, 0x2146, 0x2966, 0x2966, 0x2987,
  0x2987, 0x2987, 0x2146, 0x2146, 0x2146, 0x2966, 0x2146, 0x2966, 0x2967, 0x2987, 0x2146, 0x2146,
  0x2146, 0x2966, 0x2146, 0x2146, 0x2966, 0x2967, 0x2967, 0x2146, 0x2126, 0x2146, 0x2146, 0x2146,
  0x2146, 0x2146, 0x2146, 0x2146, 0x2146, 0x2146, 0x2146, 0x2125, 0x2146, 0x2146, 0x1905, 0x2126,
  0x2126, 0x2125, 0x2125, 0x2966, 0x2146, 0x2125, 0x2125, 0x2145, 0x2146, 0x2146, 0x2146, 0x2146,
  0x2166, 0x2966, 0x2146, 0x2966, 0x2126, 0x2125, 0x2126, 0x2125, 0x2146, 0x2146, 0x2125, 0x2146,
  0x2126, 0x2146, 0x2146, 0x2125, 0x2125, 0x2125, 0x1905, 0x1905, 0x1905, 0x18E4, 0x18E4, 0x18C4,
  0x18E4, 0x0041, 0x424A, 0x422A, 0x10A3, 0x18E4, 0x10C4, 0x1104, 0x1965, 0x1965, 0x1965, 0x1965,
  0x1965, 0x1965, 0x1965, 0x1985, 0x1985, 0x1986, 0x1986, 0x1986, 0x1986, 0x1986, 0x1986, 0x1986,
  0x1986, 0x1986, 0x1986, 0x1986, 0x1986, 0x1986, 0x1986, 0x1986, 0x1986, 0x1986, 0x1985, 0x1985,
  0x1985, 0x1985, 0x1965, 0x1965, 0x1965, 0x1905, 0x2126, 0x2126, 0x1905, 0x3A09, 0x2966, 0x0882,
  0x18E4, 0x18E4, 0x1905, 0x1905, 0x1904, 0x1905, 0x2146, 0x2146, 0x2126, 0x2146, 0x2966, 0x2146,
  0x2146, 0x2966, 0x2146, 0x2966, 0x2146, 0x2966, 0x2146, 0x2967, 0x2987, 0x2146, 0x2966, 0x2966,
  0x2966, 0x2987, 0x2967, 0x2966, 0x2987, 0x2146, 0x2146, 0x2146, 0x2967, 0x2966, 0x2987, 0x2987,
  0x2967, 0x2987, 0x2966, 0x2146, 0x2966, 0x2146, 0x2146, 0x2987, 0x2967, 0x2967, 0x2987, 0x2966,
  0x2146, 0x2146, 0x2146, 0x2146, 0x2146, 0x2146, 0x2146, 0x2166, 0x2967, 0x2967, 0x2967, 0x2146,
  0x2146, 0x2166, 0x2966, 0x2967, 0x2966, 0x2987, 0x2967, 0x2966, 0x2967, 0x2146, 0x2967, 0x2967,
  0x2987, 0x2987, 0x2145, 0x2967, 0x2987, 0x2967, 0x2987, 0x2966, 0x2966, 0x2967, 0x2966, 0x2146,
  0x2987, 0x2966, 0x2987, 0x2987, 0x2987, 0x2987, 0x2967, 0x2146, 0x2967, 0x2967, 0x2126, 0x2146,
  0x2146, 0x2166, 0x2966, 0x2146, 0x2146, 0x2967, 0x2966, 0x2967, 0x2967, 0x2166, 0x2146, 0x2987,
  0x2987, 0x2987, 0x2146, 0x2967, 0x2967, 0x2967, 0x2966, 0x2146, 0x2967, 0x2966, 0x2966, 0x2966,
  0x2146, 0x2146, 0x2146, 0x2967, 0x2146, 0x2146, 0x2967, 0x2966, 0x2146, 0x2125, 0x2125, 0x2966,
  0x2146, 0x2966, 0x2146, 0x2966, 0x2146, 0x2146, 0x1925, 0x2125, 0x2146, 0x2126, 0x2146, 0x2146,
  0x2146, 0x2146, 0x2146, 0x2146, 0x2146, 0x2126, 0x2146, 0x2126, 0x1905, 0x2125, 0x1925, 0x2146,
  0x2146, 0x2126, 0x2146, 0x2125, 0x2125, 0x2146, 0x2146, 0x2125, 0x2125, 0x2146, 0x2125, 0x2146,
  0x2146, 0x2126, 0x2126, 0x2125, 0x2125, 0x2125, 0x2126, 0x2126, 0x2146, 0x2125, 0x2146, 0x2146,
  0x2125, 0x2146, 0x2126, 0x2125, 0x2125, 0x1905, 0x1905, 0x18E4, 0x18E4, 0x18E4, 0x10C4, 0x18E4,
  0x0862, 0x2125, 0x632E, 0x10C4, 0x18E5, 0x18E4, 0x10C4, 0x1945, 0x1965, 0x1965, 0x1965, 0x1965,
  0x1965, 0x1985, 0x1985, 0x1985, 0x1986, 0x1986, 0x1986, 0x1986, 0x1986, 0x1986, 0x1986, 0x1986,
  0x1986, 0x1986, 0x1986, 0x1986, 0x1986, 0x1986, 0x1986, 0x1986, 0x1986, 0x1986, 0x1986, 0x1985,
  0x1985, 0x1985, 0x1985, 0x1965, 0x1965, 0x1945, 0x1905, 0x1925, 0x1905, 0x1925, 0x4A6B, 0x10C3,
  0x10C3, 0x18E4, 0x18E4, 0x18E4, 0x18E5, 0x1905, 0x1925, 0x2146, 0x2126, 0x2146, 0x2146, 0x2967,
  0x2966, 0x2146, 0x2966, 0x2967, 0x2967, 0x2146, 0x2146, 0x2966, 0x2146, 0x2966, 0x2146, 0x2125,
  0x2146, 0x2966, 0x2966, 0x2966, 0x2146, 0x2966, 0x2146, 0x2146, 0x2967, 0x2967, 0x2146, 0x2146,
  0x2967, 0x2966, 0x2967, 0x2987, 0x2946, 0x2966, 0x31A7, 0x2987, 0x2166, 0x2987, 0x2146, 0x2146,
  0x2967, 0x2966, 0x2966, 0x2967, 0x2166, 0x2987, 0x2146, 0x2967, 0x2987, 0x2987, 0x2967, 0x2966,
  0x2967, 0x2987, 0x2967, 0x2966, 0x2146, 0x2146, 0x2166, 0x2967, 0x2966, 0x2987, 0x2966, 0x2146,
  0x2966, 0x2966, 0x2146, 0x2987, 0x2966, 0x2146, 0x2967, 0x2987, 0x2987, 0x2967, 0x2987, 0x2987,
  0x2967, 0x2966, 0x2126, 0x2966, 0x2967, 0x2146, 0x2966, 0x2987, 0x2966, 0x2146, 0x2146, 0x2146,
  0x2146, 0x2166, 0x2146, 0x2146, 0x2146, 0x2146, 0x2146, 0x2146, 0x2146, 0x2146, 0x2966, 0x2966,
  0x2966, 0x2987, 0x2966, 0x2966, 0x2146, 0x2146, 0x2987, 0x2987, 0x2966, 0x2126, 0x2966, 0x2966,
  0x2146, 0x2146, 0x2966, 0x2126, 0x2966, 0x2966, 0x2966, 0x2966, 0x2966, 0x2146, 0x2146, 0x2966,
  0x2966, 0x2146, 0x2146, 0x2146, 0x2146, 0x2126, 0x2146, 0x2146, 0x2125, 0x2146, 0x2146, 0x2146,
  0x2146, 0x2146, 0x2146, 0x2146, 0x2146, 0x2146, 0x2146, 0x2126, 0x2126, 0x2146, 0x2146, 0x2125,
  0x2125, 0x2966, 0x2125, 0x2125, 0x2146, 0x2125, 0x2125, 0x2125, 0x1905, 0x2146, 0x2145, 0x2146,
  0x2146, 0x2125, 0x2125, 0x2125, 0x2125, 0x2125, 0x2146, 0x2146, 0x2125, 0x2146, 0x2146, 0x2125,
  0x2146, 0x2146, 0x1905, 0x2125, 0x2125, 0x1905, 0x18E4, 0x1904, 0x18E4, 0x18E4, 0x18C4, 0x10C3,
  0x0861, 0x634E, 0x2987, 0x10C4, 0x18E5, 0x10C4, 0x1124, 0x1986, 0x1965, 0x1965, 0x1965, 0x1965,
  0x1965, 0x1985, 0x1986, 0x1986, 0x1986, 0x1986, 0x1986, 0x1986, 0x1986, 0x1986, 0x1986, 0x1986,
  0x1985, 0x1985, 0x1986, 0x1986, 0x1986, 0x1986, 0x1986, 0x1986, 0x1986, 0x1986, 0x1986, 0x1985,
  0x1986, 0x1986, 0x1986, 0x1965, 0x1965, 0x1965, 0x1104, 0x1905, 0x2125, 0x1905, 0x31A8, 0x422A,
  0x0862, 0x18E4, 0x10C4, 0x18E4, 0x18E4, 0x1905, 0x1905, 0x1905, 0x2125, 0x2146, 0x2146, 0x2146,
  0x2126, 0x2146, 0x2146, 0x2146, 0x2966, 0x2987, 0x2966, 0x2146, 0x2146, 0x2987, 0x2966, 0x2966,
  0x2966, 0x2966, 0x2987, 0x2146, 0x2967, 0x2967, 0x2146, 0x2966, 0x2166, 0x2966, 0x2966, 0x2987,
  0x2146, 0x2966, 0x2966, 0x2966, 0x2967, 0x2987, 0x2967, 0x2967, 0x2987, 0x2146, 0x2967, 0x2987,
  0x2987, 0x2967, 0x2967, 0x2946, 0x2966, 0x2966, 0x2987, 0x2146, 0x2126, 0x2146, 0x2967, 0x2146,
  0x2146, 0x2146, 0x2126, 0x2966, 0x2966, 0x2166, 0x2967, 0x2967, 0x2987, 0x2966, 0x2967, 0x2966,
  0x2966, 0x2966, 0x2987, 0x2146, 0x2146, 0x2987, 0x2987, 0x2966, 0x2966, 0x2987, 0x2967, 0x2987,
  0x2987, 0x2967, 0x2966, 0x2966, 0x2966, 0x2967, 0x2987, 0x2987, 0x2967, 0x2146, 0x2166, 0x2146,
  0x2146, 0x2146, 0x2146, 0x2146, 0x2146, 0x2146, 0x2967, 0x2146, 0x2166, 0x2166, 0x2166, 0x2966,
  0x2987, 0x2146, 0x2146, 0x2966, 0x2146, 0x2966, 0x2987, 0x2967, 0x2125, 0x2146, 0x2987, 0x2966,
  0x2146, 0x2966, 0x2146, 0x2146, 0x2967, 0x2146, 0x2146, 0x2146, 0x2166, 0x2967, 0x2126, 0x2146,
  0x2946, 0x2146, 0x2146, 0x2146, 0x2146, 0x2146, 0x2146, 0x2125, 0x2126, 0x2146, 0x2146, 0x2126,
  0x2126, 0x2126, 0x2146, 0x2125, 0x2126, 0x2146, 0x2105, 0x2146, 0x2146, 0x2125, 0x2126, 0x2125,
  0x2146, 0x2125, 0x2146, 0x2145, 0x2126, 0x2146, 0x2146, 0x2125, 0x2146, 0x2146, 0x2125, 0x2146,
  0x2126, 0x2125, 0x1905, 0x2125, 0x2125, 0x2126, 0x2125, 0x2146, 0x2146, 0x2146, 0x2125, 0x2125,
  0x2126, 0x2126, 0x1905, 0x2125, 0x1905, 0x1905, 0x18E4, 0x18E4, 0x18E4, 0x10C4, 0x18E4, 0x0021,
  0x4A6A, 0x4AAC, 0x10A4, 0x1905, 0x10C4, 0x10E4, 0x1965, 0x1965, 0x1965, 0x1965, 0x1965, 0x1965,
  0x1965, 0x1985, 0x1985, 0x1985, 0x1985, 0x1986, 0x1986, 0x1986, 0x1986, 0x1986, 0x1986, 0x1986,
  0x1985, 0x1985, 0x1985, 0x1986, 0x1986, 0x1986, 0x1986, 0x1986, 0x1986, 0x1986, 0x1986, 0x1986,
  0x1986, 0x1986, 0x1985, 0x1965, 0x1965, 0x1965, 0x1945, 0x1904, 0x2126, 0x2126, 0x18E5, 0x4A6B,
  0x31A7, 0x0862, 0x18E4, 0x18E4, 0x18E4, 0x18E4, 0x1905, 0x1905, 0x2125, 0x2126, 0x2146, 0x2966,
  0x2146, 0x2966, 0x2146, 0x2146, 0x2146, 0x2967, 0x2966, 0x2966, 0x2146, 0x2146, 0x2966, 0x2987,
  0x2146, 0x2966, 0x2146, 0x2146, 0x2146, 0x2966, 0x2146, 0x2946, 0x2146, 0x2966, 0x2966, 0x2967,
  0x2966, 0x2967, 0x2987, 0x2146, 0x2146, 0x2967, 0x2146, 0x2146, 0x2966, 0x2166, 0x2966, 0x2987,
  0x2966, 0x2966, 0x2987, 0x2146, 0x2966, 0x2967, 0x2146, 0x2966, 0x2146, 0x2967, 0x2966, 0x2146,
  0x2146, 0x2966, 0x2966, 0x2146, 0x2966, 0x2966, 0x2966, 0x2967, 0x2987, 0x2146, 0x2966, 0x2146,
  0x2125, 0x2966, 0x2966, 0x2967, 0x2966, 0x2967, 0x2987, 0x2966, 0x2966, 0x2967, 0x29A7, 0x2967,
  0x2987, 0x2967, 0x2966, 0x2987, 0x2987, 0x2966, 0x2967, 0x2146, 0x2146, 0x2146, 0x2146, 0x2166,
  0x2966, 0x2967, 0x2967, 0x2966, 0x2146, 0x2966, 0x2146, 0x2146, 0x2146, 0x2146, 0x2146, 0x2146,
  0x2146, 0x2146, 0x2967, 0x2966, 0x2966, 0x2146, 0x2966, 0x2146, 0x2146, 0x2967, 0x2146, 0x2146,
  0x2967, 0x2966, 0x2146, 0x2967, 0x2967, 0x2146, 0x2146, 0x2146, 0x2146, 0x2146, 0x2146, 0x2146,
  0x2126, 0x2146, 0x2146, 0x2146, 0x2146, 0x2146, 0x2146, 0x2125, 0x2146, 0x2146, 0x2146, 0x2146,
  0x2146, 0x2146, 0x2146, 0x2125, 0x2126, 0x2146, 0x2146, 0x2145, 0x2125, 0x2126, 0x2125, 0x2146,
  0x2146, 0x2166, 0x1925, 0x2125, 0x2146, 0x2146, 0x2146, 0x2146, 0x2146, 0x2125, 0x2146, 0x2125,
  0x2126, 0x2126, 0x2125, 0x2125, 0x2125, 0x1905, 0x2125, 0x2146, 0x2125, 0x2146, 0x2125, 0x2125,
  0x2146, 0x1905, 0x1905, 0x1905, 0x1905, 0x18E4, 0x18E4, 0x18E4, 0x18E4, 0x18E4, 0x0862, 0x2945,
  0x6B6F, 0x10C4, 0x18E5, 0x18E5, 0x10C4, 0x1945, 0x1985, 0x1965, 0x1965, 0x1965, 0x1965, 0x1965,
  0x1985, 0x1985, 0x1985, 0x1986, 0x1986, 0x1986, 0x1986, 0x1986, 0x1986, 0x1986, 0x1986, 0x1986,
  0x1985, 0x1985, 0x1985, 0x1985, 0x1986, 0x1986, 0x1986, 0x1986, 0x1986, 0x1986, 0x21A6, 0x21A6,
  0x1986, 0x1985, 0x1985, 0x1965, 0x1965, 0x1965, 0x1965, 0x1124, 0x1905, 0x2126, 0x2125, 0x2146,
  0x4A8B, 0x18E4, 0x10A3, 0x18E4, 0x18E4, 0x18E4, 0x18E4, 0x1905, 0x1905, 0x2125, 0x1905, 0x2125,
  0x2966, 0x2966, 0x2966, 0x2967, 0x2146, 0x2966, 0x2967, 0x2966, 0x2967, 0x2146, 0x2146, 0x2146,
  0x2146, 0x2966, 0x2126, 0x2146, 0x2146, 0x2146, 0x2966, 0x2946, 0x2966, 0x2966, 0x2967, 0x2146,
  0x2146, 0x2146, 0x2967, 0x2966, 0x2146, 0x2146, 0x2987, 0x2967, 0x2967, 0x2966, 0x2146, 0x2966,
  0x2966, 0x2966, 0x2987, 0x2966, 0x2125, 0x2146, 0x2966, 0x2967, 0x2967, 0x2966, 0x2146, 0x2966,
  0x2987, 0x2146, 0x2966, 0x2146, 0x2146, 0x2966, 0x2126, 0x2125, 0x2146, 0x2966, 0x2966, 0x2146,
  0x2146, 0x2146, 0x2166, 0x2966, 0x2967, 0x2987, 0x2987, 0x2966, 0x2987, 0x2967, 0x2146, 0x2966,
  0x2146, 0x2146, 0x2966, 0x2146, 0x2146, 0x2966, 0x2146, 0x2146, 0x2967, 0x2987, 0x2987, 0x2966,
  0x2146, 0x2966, 0x2987, 0x2966, 0x2966, 0x2166, 0x2146, 0x2146, 0x2146, 0x2146, 0x2146, 0x2946,
  0x2146, 0x2146, 0x2966, 0x2146, 0x2146, 0x2966, 0x2146, 0x2126, 0x2967, 0x2126, 0x2126, 0x2146,
  0x2966, 0x2146, 0x2146, 0x2146, 0x2146, 0x2126, 0x2146, 0x2966, 0x2146, 0x2146, 0x2146, 0x2146,
  0x2146, 0x2125, 0x2125, 0x2126, 0x2126, 0x2126, 0x2146, 0x2126, 0x2146, 0x2146, 0x2146, 0x2126,
  0x2146, 0x2146, 0x2126, 0x2125, 0x2125, 0x2146, 0x2146, 0x2125, 0x2146, 0x2146, 0x2146, 0x2125,
  0x2146, 0x2125, 0x1905, 0x2146, 0x2146, 0x2125, 0x2126, 0x2126, 0x1925, 0x2126, 0x2125, 0x1905,
  0x2125, 0x2125, 0x2125, 0x2125, 0x2125, 0x2125, 0x2125, 0x2126, 0x2125, 0x2125, 0x1905, 0x2126,
  0x2146, 0x1905, 0x1905, 0x1905, 0x18E4, 0x18E4, 0x18E4, 0x18C4, 0x10C4, 0x10A3, 0x0882, 0x6B6E,
  0x2987, 0x10C4, 0x18E4, 0x10C4, 0x1124, 0x1986, 0x1965, 0x1965, 0x1965, 0x1965, 0x1965, 0x1986,
  0x1985, 0x1986, 0x1986, 0x1986, 0x1986, 0x1986, 0x1986, 0x1986, 0x1986, 0x1986, 0x1986, 0x1986,
  0x1985, 0x1985, 0x1985, 0x1985, 0x1986, 0x1986, 0x1986, 0x1986, 0x1986, 0x21A6, 0x21A6, 0x21A6,
  0x1986, 0x1986, 0x1985, 0x1965, 0x1965, 0x1965, 0x1965, 0x1965, 0x1904, 0x1905, 0x2125, 0x1905,
  0x29A7, 0x4A6B, 0x0882, 0x10C4, 0x18E4, 0x18E4, 0x1905, 0x2125, 0x1905, 0x1905, 0x2125, 0x2126,
  0x2126, 0x2126, 0x2125, 0x2146, 0x2966, 0x2966, 0x2966, 0x2966, 0x2967, 0x2946, 0x2946, 0x2146,
  0x2146, 0x2126, 0x2146, 0x2966, 0x2966, 0x2966, 0x2146, 0x2146, 0x2146, 0x2126, 0x2146, 0x2966,
  0x2146, 0x2146, 0x2146, 0x2146, 0x2967, 0x2967, 0x2146, 0x2166, 0x2966, 0x2146, 0x2146, 0x2966,
  0x2966, 0x2966, 0x2966, 0x2967, 0x2987, 0x2967, 0x2166, 0x2966, 0x2146, 0x2146, 0x2966, 0x2966,
  0x2146, 0x2967, 0x2146, 0x2146, 0x2146, 0x2125, 0x2146, 0x2146, 0x2146, 0x2146, 0x2146, 0x2126,
  0x2166, 0x2146, 0x2146, 0x2966, 0x2146, 0x2146, 0x2146, 0x2987, 0x2146, 0x2966, 0x2987, 0x2987,
  0x2966, 0x2966, 0x2146, 0x2967, 0x2966, 0x2966, 0x2146, 0x2967, 0x2146, 0x2146, 0x2125, 0x2146,
  0x2146, 0x2146, 0x2146, 0x2126, 0x2146, 0x2966, 0x2146, 0x2146, 0x2126, 0x2146, 0x2987, 0x2946,
  0x2146, 0x2146, 0x2146, 0x2146, 0x2146, 0x2967, 0x2146, 0x2146, 0x2125, 0x2125, 0x2966, 0x2146,
  0x2146, 0x2146, 0x2146, 0x2126, 0x2126, 0x2146, 0x2146, 0x2126, 0x2146, 0x2166, 0x2126, 0x2966,
  0x2125, 0x1925, 0x2126, 0x2126, 0x2125, 0x2125, 0x2125, 0x2146, 0x2146, 0x2126, 0x2125, 0x2146,
  0x2146, 0x2126, 0x2125, 0x2146, 0x2146, 0x2166, 0x2146, 0x2146, 0x2146, 0x2125, 0x2966, 0x2126,
  0x2146, 0x2125, 0x2125, 0x2125, 0x2146, 0x2125, 0x2125, 0x2126, 0x2126, 0x1925, 0x2125, 0x2126,
  0x2125, 0x2125, 0x2125, 0x2125, 0x2146, 0x2125, 0x2126, 0x1905, 0x2125, 0x2125, 0x2146, 0x2125,
  0x18E4, 0x1905, 0x1905, 0x18E4, 0x10E4, 0x10C4, 0x18E4, 0x10C4, 0x18E4, 0x0041, 0x52CC, 0x424A,
  0x10C4, 0x1905, 0x10C4, 0x10E4, 0x1965, 0x1965, 0x1965, 0x1965, 0x1965, 0x1965, 0x1986, 0x1986,
  0x1986, 0x1986, 0x1986, 0x1986, 0x1986, 0x1986, 0x1986, 0x1986, 0x1986, 0x1986, 0x1986, 0x1986,
  0x1985, 0x1985, 0x1985, 0x1986, 0x1986, 0x1986, 0x1986, 0x1986, 0x2186, 0x2186, 0x2186, 0x2186,
  0x1986, 0x1986, 0x1965, 0x1965, 0x1965, 0x1965, 0x1965, 0x1965, 0x1945, 0x1904, 0x1905, 0x2125,
  0x1905, 0x3A09, 0x39C8, 0x0862, 0x18E4, 0x18E4, 0x18E4, 0x1905, 0x1905, 0x1905, 0x2125, 0x2125,
  0x2125, 0x2146, 0x2966, 0x2146, 0x2946, 0x2146, 0x2146, 0x2146, 0x2146, 0x2966, 0x2146, 0x2966,
  0x2966, 0x2966, 0x2146, 0x1905, 0x2146, 0x2966, 0x2146, 0x2126, 0x2146, 0x2146, 0x2146, 0x2146,
  0x2966, 0x2967, 0x2967, 0x2966, 0x2146, 0x2146, 0x2146, 0x2146, 0x2146, 0x2126, 0x2946, 0x2146,
  0x2146, 0x2966, 0x2966, 0x2966, 0x2146, 0x2146, 0x2966, 0x2146, 0x2966, 0x2146, 0x2967, 0x2967,
  0x2967, 0x2967, 0x2967, 0x2146, 0x2146, 0x2146, 0x2966, 0x2166, 0x2967, 0x2146, 0x2146, 0x2146,
  0x2966, 0x2987, 0x2966, 0x2966, 0x2146, 0x2987, 0x2987, 0x2966, 0x2966, 0x2967, 0x2146, 0x2967,
  0x2967, 0x2146, 0x2966, 0x2126, 0x2966, 0x2966, 0x2146, 0x2146, 0x2146, 0x2946, 0x2146, 0x2146,
  0x2146, 0x2146, 0x2146, 0x2146, 0x2966, 0x2146, 0x2146, 0x2146, 0x2125, 0x2146, 0x2146, 0x2146,
  0x2146, 0x2146, 0x2146, 0x1925, 0x2146, 0x2966, 0x2966, 0x2146, 0x2146, 0x2966, 0x2146, 0x2126,
  0x2126, 0x2146, 0x2125, 0x2146, 0x2126, 0x2125, 0x2126, 0x2146, 0x2146, 0x2125, 0x2146, 0x2126,
  0x1905, 0x2146, 0x2126, 0x1925, 0x2125, 0x2125, 0x2146, 0x2146, 0x2126, 0x2126, 0x2146, 0x2125,
  0x2125, 0x2125, 0x2126, 0x2146, 0x2146, 0x2146, 0x2146, 0x2146, 0x2146, 0x2125, 0x2125, 0x2125,
  0x2146, 0x2126, 0x2126, 0x1905, 0x1925, 0x2126, 0x2125, 0x2125, 0x2146, 0x2125, 0x2125, 0x2126,
  0x1905, 0x2146, 0x2125, 0x2126, 0x2125, 0x2126, 0x2125, 0x1905, 0x2125, 0x2126, 0x2125, 0x1905,
  0x1905, 0x1905, 0x18E4, 0x18E4, 0x18E4, 0x10C4, 0x10C4, 0x18E4, 0x0041, 0x39C8, 0x5AED, 0x10C4,
  0x1905, 0x18E4, 0x10C4, 0x1945, 0x1985, 0x1965, 0x1965, 0x1965, 0x1965, 0x1985, 0x1985, 0x1985,
  0x1986, 0x1986, 0x1986, 0x1986, 0x1986, 0x1986, 0x1986, 0x1986, 0x1986, 0x1986, 0x1986, 0x1986,
  0x1985, 0x1985, 0x1985, 0x1986, 0x1986, 0x1986, 0x1986, 0x1986, 0x2186, 0x2186, 0x2186, 0x2186,
  0x1985, 0x1985, 0x1965, 0x1965, 0x1965, 0x1965, 0x1965, 0x1965, 0x1965, 0x1945, 0x1905, 0x2126,
  0x2146, 0x1905, 0x424A, 0x2146, 0x0883, 0x18E4, 0x18E4, 0x18E4, 0x18E4, 0x1905, 0x18E4, 0x1905,
  0x2125, 0x2125, 0x2126, 0x2946, 0x2125, 0x2146, 0x2946, 0x2967, 0x2146, 0x2146, 0x2946, 0x2126,
  0x2146, 0x2125, 0x2146, 0x2146, 0x2146, 0x2946, 0x2946, 0x2966, 0x2146, 0x2146, 0x2146, 0x2146,
  0x2146, 0x2146, 0x2967, 0x2966, 0x2967, 0x2966, 0x2146, 0x2167, 0x2146, 0x2146, 0x2966, 0x2146,
  0x2146, 0x2967, 0x2146, 0x2966, 0x2967, 0x2146, 0x2146, 0x2966, 0x2146, 0x2146, 0x2966, 0x2966,
  0x2966, 0x2966, 0x2146, 0x2146, 0x2146, 0x2146, 0x2146, 0x2125, 0x2125, 0x2146, 0x2966, 0x2967,
  0x2146, 0x2146, 0x2126, 0x2146, 0x2966, 0x2966, 0x2966, 0x2966, 0x2966, 0x2146, 0x2146, 0x2146,
  0x2126, 0x2146, 0x2146, 0x2146, 0x2146, 0x2126, 0x2967, 0x2146, 0x2126, 0x2966, 0x2126, 0x2126,
  0x2146, 0x2146, 0x2146, 0x2146, 0x2146, 0x2126, 0x2146, 0x2966, 0x2146, 0x2146, 0x2146, 0x2146,
  0x1925, 0x2146, 0x2146, 0x2146, 0x2146, 0x2966, 0x2125, 0x2146, 0x2146, 0x2146, 0x2126, 0x2125,
  0x1905, 0x2125, 0x2126, 0x2146, 0x2125, 0x1905, 0x1925, 0x2146, 0x2125, 0x2126, 0x2126, 0x2126,
  0x2146, 0x2125, 0x2126, 0x2126, 0x2126, 0x2126, 0x2126, 0x2126, 0x2126, 0x2126, 0x2146, 0x2146,
  0x2125, 0x2125, 0x2126, 0x2146, 0x2125, 0x2146, 0x2146, 0x2146, 0x2125, 0x2146, 0x2125, 0x2146,
  0x2125, 0x2125, 0x2125, 0x1925, 0x2146, 0x1905, 0x2125, 0x2125, 0x1905, 0x2126, 0x2146, 0x1925,
  0x2146, 0x2146, 0x2125, 0x2146, 0x2126, 0x2146, 0x2146, 0x2126, 0x2126, 0x2125, 0x1905, 0x1905,
  0x1905, 0x18E4, 0x18E4, 0x18E4, 0x10E4, 0x10C4, 0x18E4, 0x0882, 0x1904, 0x6B8F, 0x1905, 0x18E5,
  0x1905, 0x18C4, 0x1124, 0x1985, 0x1965, 0x1985, 0x1965, 0x1965, 0x1985, 0x1985, 0x1985, 0x1986,
  0x1986, 0x1986, 0x1986, 0x1986, 0x1986, 0x1986, 0x1986, 0x1986, 0x1986, 0x1986, 0x1986, 0x1986,
  0x1985, 0x1985, 0x1985, 0x1986, 0x1986, 0x1986, 0x1986, 0x1986, 0x2186, 0x1986, 0x1986, 0x1985,
  0x1985, 0x1985, 0x1985, 0x1965, 0x1965, 0x1965, 0x1965, 0x1965, 0x1965, 0x1965, 0x1925, 0x1905,
  0x1925, 0x2125, 0x2146, 0x4A6B, 0x18E4, 0x10A3, 0x18E4, 0x18E4, 0x18E4, 0x18E4, 0x1905, 0x1905,
  0x1905, 0x2125, 0x2145, 0x2146, 0x2966, 0x2146, 0x2966, 0x2146, 0x2966, 0x2146, 0x2146, 0x2146,
  0x2125, 0x2126, 0x2146, 0x2966, 0x2146, 0x2966, 0x2146, 0x1905, 0x2146, 0x2146, 0x2146, 0x2946,
  0x2966, 0x2966, 0x2126, 0x2146, 0x2146, 0x2146, 0x2146, 0x2146, 0x2146, 0x2126, 0x2146, 0x2126,
  0x2146, 0x2126, 0x2146, 0x2146, 0x2966, 0x2966, 0x2987, 0x2146, 0x2146, 0x2146, 0x2146, 0x2146,
  0x2967, 0x2146, 0x2126, 0x2146, 0x2146, 0x2146, 0x2146, 0x2146, 0x2146, 0x2146, 0x2125, 0x2166,
  0x2146, 0x2146, 0x2966, 0x2146, 0x2146, 0x2125, 0x2966, 0x2146, 0x2146, 0x2146, 0x2967, 0x2126,
  0x2146, 0x2146, 0x2125, 0x2125, 0x2146, 0x2967, 0x2146, 0x2126, 0x2146, 0x2126, 0x2146, 0x2146,
  0x2166, 0x2146, 0x2126, 0x2125, 0x2126, 0x2125, 0x2146, 0x2126, 0x2966, 0x2146, 0x2146, 0x2125,
  0x2125, 0x2126, 0x2126, 0x2146, 0x2146, 0x2146, 0x2146, 0x2146, 0x2146, 0x2146, 0x2146, 0x2126,
  0x2126, 0x2125, 0x2146, 0x2146, 0x2126, 0x2125, 0x2126, 0x2146, 0x2126, 0x2146, 0x2125, 0x1925,
  0x2126, 0x2146, 0x2126, 0x2126, 0x2126, 0x2125, 0x2146, 0x2126, 0x2125, 0x2146, 0x2125, 0x2125,
  0x2125, 0x2125, 0x2125, 0x2145, 0x2146, 0x2146, 0x1905, 0x2966, 0x2125, 0x1905, 0x2146, 0x2125,
  0x2126, 0x2146, 0x2125, 0x2125, 0x2125, 0x2125, 0x2125, 0x2125, 0x2126, 0x1905, 0x1905, 0x2125,
  0x2125, 0x1905, 0x2146, 0x2126, 0x2126, 0x2146, 0x2126, 0x2125, 0x1905, 0x1905, 0x18E4, 0x18E4,
  0x18E4, 0x10C4, 0x18E4, 0x18E4, 0x10C4, 0x10C4, 0x10C3, 0x0882, 0x634E, 0x2987, 0x10C4, 0x1905,
  0x18E4, 0x1104, 0x1986, 0x1965, 0x1985, 0x1985, 0x1985, 0x1985, 0x1985, 0x1985, 0x1986, 0x1986,
  0x1986, 0x1986, 0x1986, 0x1986, 0x1986, 0x1986, 0x1986, 0x1986, 0x1986, 0x1986, 0x1986, 0x1986,
  0x1985, 0x1985, 0x1986, 0x1986, 0x1986, 0x1986, 0x1986, 0x1986, 0x1986, 0x1986, 0x1986, 0x1986,
  0x1985, 0x1985, 0x1985, 0x1985, 0x1965, 0x1965, 0x1965, 0x1965, 0x1965, 0x1965, 0x1965, 0x1904,
  0x1905, 0x2125, 0x1905, 0x2987, 0x4A4B, 0x0883, 0x10C4, 0x18E4, 0x18E4, 0x18E4, 0x18E5, 0x1905,
  0x1905, 0x2125, 0x2146, 0x2146, 0x2146, 0x2146, 0x2146, 0x2146, 0x2146, 0x2146, 0x2946, 0x2146,
  0x2126, 0x2146, 0x2126, 0x2146, 0x2126, 0x2146, 0x2146, 0x2946, 0x2146, 0x2146, 0x2966, 0x2146,
  0x2146, 0x2966, 0x2966, 0x2146, 0x2126, 0x2146, 0x2146, 0x2146, 0x2126, 0x2126, 0x2126, 0x2125,
  0x2146, 0x2146, 0x2146, 0x2966, 0x2966, 0x2146, 0x2146, 0x2146, 0x2146, 0x2125, 0x2146, 0x2146,
  0x2126, 0x2126, 0x2146, 0x2146, 0x2146, 0x2146, 0x2146, 0x2146, 0x2146, 0x2966, 0x2966, 0x2146,
  0x2966, 0x2966, 0x2126, 0x2126, 0x2146, 0x2966, 0x2146, 0x2966, 0x2146, 0x2146, 0x2146, 0x2146,
  0x2146, 0x2126, 0x2146, 0x2146, 0x2146, 0x2125, 0x2125, 0x2146, 0x2125, 0x2146, 0x2146, 0x2966,
  0x2146, 0x2146, 0x2126, 0x2126, 0x2146, 0x2146, 0x2146, 0x2146, 0x2146, 0x2146, 0x2126, 0x2146,
  0x2145, 0x2125, 0x2146, 0x2146, 0x2146, 0x2126, 0x2146, 0x2146, 0x1925, 0x2126, 0x2126, 0x2125,
  0x2125, 0x2126, 0x2125, 0x1905, 0x2146, 0x2125, 0x2146, 0x2146, 0x2146, 0x2126, 0x2126, 0x2146,
  0x2125, 0x1905, 0x2146, 0x2146, 0x2126, 0x2126, 0x2146, 0x2126, 0x2125, 0x2146, 0x2146, 0x2125,
  0x2125, 0x2125, 0x2125, 0x2146, 0x2125, 0x2125, 0x2125, 0x2125, 0x2125, 0x2125, 0x2126, 0x2125,
  0x2125, 0x2125, 0x2125, 0x2125, 0x1905, 0x2125, 0x2126, 0x2125, 0x1905, 0x2125, 0x2126, 0x2125,
  0x2125, 0x2126, 0x2125, 0x2146, 0x2126, 0x2126, 0x2126, 0x2125, 0x1905, 0x1905, 0x1905, 0x10C4,
  0x18E4, 0x18E4, 0x18E4, 0x10C3, 0x10C4, 0x18E4, 0x0021, 0x5AEC, 0x424A, 0x10A3, 0x18E5, 0x18E4,
  0x10E4, 0x1965, 0x1986, 0x1986, 0x1986, 0x1986, 0x1986, 0x1985, 0x1986, 0x1986, 0x1986, 0x1986,
  0x1986, 0x1986, 0x1986, 0x1986, 0x1986, 0x1986, 0x1986, 0x1986, 0x1986, 0x1986, 0x1986, 0x1986,
  0x1985, 0x1986, 0x1985, 0x1986, 0x1986, 0x1986, 0x1986, 0x1986, 0x1986, 0x1986, 0x1986, 0x1986,
  0x1986, 0x1986, 0x1985, 0x1985, 0x1985, 0x1965, 0x1965, 0x1965, 0x1965, 0x1965, 0x1965, 0x1945,
  0x1905, 0x2125, 0x1925, 0x1905, 0x31C8, 0x39E9, 0x0882, 0x18E4, 0x10C4, 0x10E4, 0x18E4, 0x18E4,
  0x1905, 0x1905, 0x2125, 0x2146, 0x2146, 0x2125, 0x2146, 0x2146, 0x2966, 0x2146, 0x2146, 0x2146,
  0x2146, 0x2125, 0x2125, 0x2125, 0x2126, 0x2125, 0x2126, 0x2146, 0x2146, 0x2146, 0x2146, 0x2126,
  0x2146, 0x2146, 0x2146, 0x2966, 0x2146, 0x2146, 0x2146, 0x2146, 0x2146, 0x2146, 0x2966, 0x2146,
  0x2125, 0x2146, 0x2146, 0x2146, 0x2146, 0x2146, 0x2146, 0x2966, 0x2966, 0x2146, 0x2125, 0x2125,
  0x2146, 0x2146, 0x2146, 0x2126, 0x2146, 0x2146, 0x2126, 0x2146, 0x2126, 0x2146, 0x2146, 0x2125,
  0x2146, 0x2125, 0x2125, 0x2146, 0x2146, 0x2125, 0x2125, 0x2966, 0x2146, 0x2146, 0x2146, 0x2146,
  0x2126, 0x2146, 0x2146, 0x2126, 0x2126, 0x2126, 0x2125, 0x1905, 0x2125, 0x2146, 0x2146, 0x2126,
  0x2146, 0x2125, 0x2146, 0x2146, 0x2126, 0x2146, 0x2125, 0x2146, 0x2146, 0x2125, 0x2125, 0x2125,
  0x2125, 0x2146, 0x2146, 0x2146, 0x2125, 0x2146, 0x2125, 0x2146, 0x2126, 0x2126, 0x2125, 0x2146,
  0x2966, 0x2146, 0x2146, 0x2146, 0x2125, 0x2126, 0x2125, 0x2126, 0x1905, 0x1925, 0x2126, 0x2146,
  0x2146, 0x2126, 0x1925, 0x2146, 0x2146, 0x2125, 0x2146, 0x2125, 0x2125, 0x2146, 0x2125, 0x2125,
  0x2125, 0x2125, 0x2146, 0x2125, 0x2125, 0x2146, 0x2126, 0x2125, 0x2125, 0x1905, 0x1905, 0x2125,
  0x1905, 0x2125, 0x1925, 0x2125, 0x2125, 0x2125, 0x2125, 0x2125, 0x2126, 0x1905, 0x1905, 0x1905,
  0x2125, 0x2146, 0x2987, 0x2126, 0x2125, 0x2126, 0x2125, 0x1905, 0x18E5, 0x1905, 0x18E4, 0x18E4,
  0x18E4, 0x18E4, 0x10C4, 0x10C4, 0x18E4, 0x0041, 0x4229, 0x5ACC, 0x10C4, 0x1905, 0x18E4, 0x10C4,
  0x1945, 0x1986, 0x1985, 0x1985, 0x1986, 0x1986, 0x1986, 0x1986, 0x1986, 0x1986, 0x1986, 0x1986,
  0x1986, 0x1986, 0x1986, 0x1986, 0x1986, 0x1986, 0x1986, 0x1986, 0x1986, 0x1986, 0x1986, 0x1986,
  0x1986, 0x1986, 0x1986, 0x1986, 0x1986, 0x1986, 0x1986, 0x1986, 0x1986, 0x1986, 0x1986, 0x1985,
  0x1985, 0x1985, 0x1985, 0x1985, 0x1985, 0x1985, 0x1965, 0x1965, 0x1965, 0x1965, 0x1965, 0x1965,
  0x1945, 0x1905, 0x2125, 0x2126, 0x1905, 0x3A0A, 0x31C8, 0x0882, 0x18E4, 0x10E4, 0x18E4, 0x18E4,
  0x18E4, 0x1905, 0x1905, 0x1905, 0x1905, 0x1905, 0x2146, 0x2126, 0x2146, 0x2946, 0x2146, 0x2146,
  0x2966, 0x2966, 0x2125, 0x2126, 0x2125, 0x2125, 0x2125, 0x2146, 0x2146, 0x2126, 0x2125, 0x2146,
  0x2966, 0x2146, 0x2125, 0x2126, 0x2146, 0x2146, 0x2146, 0x2146, 0x2166, 0x2146, 0x2146, 0x2146,
  0x2146, 0x2146, 0x2146, 0x2146, 0x2146, 0x2146, 0x2146, 0x2966, 0x2966, 0x2967, 0x2966, 0x2126,
  0x1925, 0x2126, 0x2126, 0x2146, 0x2146, 0x2126, 0x2146, 0x2146, 0x2146, 0x2126, 0x2125, 0x2126,
  0x2125, 0x2146, 0x2126, 0x2125, 0x2126, 0x2146, 0x2966, 0x2146, 0x2126, 0x2146, 0x2146, 0x2146,
  0x2126, 0x2126, 0x2126, 0x1905, 0x2126, 0x2125, 0x2125, 0x2126, 0x2126, 0x2146, 0x2146, 0x2126,
  0x2146, 0x2126, 0x2146, 0x2146, 0x2125, 0x2126, 0x2126, 0x2146, 0x2126, 0x2146, 0x2146, 0x2125,
  0x2125, 0x2125, 0x2146, 0x2125, 0x2126, 0x2126, 0x2125, 0x2125, 0x2126, 0x2146, 0x2125, 0x2146,
  0x2126, 0x2126, 0x2146, 0x2146, 0x2126, 0x2125, 0x2146, 0x2126, 0x1925, 0x2146, 0x2126, 0x2125,
  0x2126, 0x2146, 0x2146, 0x2146, 0x2126, 0x2146, 0x2126, 0x2125, 0x2125, 0x2126, 0x2125, 0x2125,
  0x2146, 0x2125, 0x2125, 0x2145, 0x2146, 0x2125, 0x2146, 0x1925, 0x2125, 0x1905, 0x1905, 0x1905,
  0x1905, 0x1905, 0x2125, 0x1925, 0x1905, 0x1905, 0x2105, 0x2125, 0x2125, 0x1905, 0x2125, 0x2125,
  0x2125, 0x2125, 0x2125, 0x2125, 0x1905, 0x1905, 0x1905, 0x1905, 0x1905, 0x1905, 0x18E4, 0x10E4,
  0x10C4, 0x10C4, 0x10C4, 0x18E4, 0x0862, 0x3186, 0x632E, 0x10E4, 0x18E5, 0x18E4, 0x10C4, 0x1124,
  0x1986, 0x1965, 0x1986, 0x1985, 0x1986, 0x1986, 0x1986, 0x1986, 0x1985, 0x1986, 0x1986, 0x1986,
  0x1986, 0x1986, 0x1986, 0x1986, 0x1986, 0x1986, 0x1986, 0x1986, 0x1986, 0x1986, 0x1986, 0x1986,
  0x1986, 0x1986, 0x1986, 0x1986, 0x1986, 0x1986, 0x1986, 0x1986, 0x1986, 0x1986, 0x1985, 0x1986,
  0x1985, 0x1985, 0x1985, 0x1985, 0x1985, 0x1965, 0x1985, 0x1985, 0x1965, 0x1965, 0x1965, 0x1965,
  0x1965, 0x1925, 0x1905, 0x2125, 0x2125, 0x2125, 0x424B, 0x2946, 0x0882, 0x18E4, 0x18E4, 0x18E4,
  0x18E4, 0x18E4, 0x18E4, 0x1905, 0x2125, 0x2125, 0x1905, 0x2125, 0x2146, 0x2146, 0x2146, 0x2146,
  0x2146, 0x2146, 0x2146, 0x2146, 0x2146, 0x2125, 0x2146, 0x2125, 0x2125, 0x2126, 0x2146, 0x2146,
  0x2125, 0x2146, 0x2146, 0x2146, 0x2146, 0x2146, 0x2146, 0x2125, 0x2966, 0x2146, 0x2146, 0x2146,
  0x2146, 0x2126, 0x2126, 0x2126, 0x2966, 0x2166, 0x2146, 0x2146, 0x2125, 0x2146, 0x2146, 0x2146,
  0x2146, 0x2146, 0x2146, 0x2146, 0x2146, 0x2966, 0x2146, 0x2146, 0x2146, 0x2125, 0x2146, 0x2125,
  0x2146, 0x2146, 0x2146, 0x2146, 0x2146, 0x2966, 0x2146, 0x2146, 0x2146, 0x2146, 0x2125, 0x2125,
  0x2125, 0x2146, 0x2126, 0x2125, 0x2125, 0x2125, 0x2126, 0x2125, 0x2125, 0x2146, 0x2146, 0x2126,
  0x2125, 0x2125, 0x2146, 0x2126, 0x2125, 0x2146, 0x2146, 0x2146, 0x2125, 0x2126, 0x2125, 0x2125,
  0x2146, 0x2146, 0x2146, 0x2125, 0x2125, 0x2125, 0x2146, 0x2146, 0x2146, 0x2125, 0x2125, 0x2125,
  0x2146, 0x2126, 0x2146, 0x2146, 0x2126, 0x2125, 0x2125, 0x1905, 0x2126, 0x2146, 0x2125, 0x2125,
  0x2146, 0x2146, 0x2126, 0x2125, 0x2126, 0x2125, 0x2125, 0x1925, 0x2126, 0x2125, 0x2125, 0x2146,
  0x2125, 0x2125, 0x2125, 0x2125, 0x2125, 0x2146, 0x2125, 0x2126, 0x1905, 0x2125, 0x1905, 0x1905,
  0x2125, 0x2125, 0x2125, 0x2125, 0x2125, 0x2125, 0x2125, 0x2125, 0x1905, 0x1905, 0x2125, 0x2125,
  0x1905, 0x2125, 0x2125, 0x1905, 0x2125, 0x1905, 0x2105, 0x1904, 0x18E4, 0x18E4, 0x18E4, 0x10C4,
  0x10C4, 0x10C4, 0x18E4, 0x0862, 0x1904, 0x634E, 0x1905, 0x10E4, 0x18E4, 0x10C4, 0x1104, 0x1985,
  0x1965, 0x1985, 0x1985, 0x1986, 0x1986, 0x1986, 0x1986, 0x1986, 0x1986, 0x1986, 0x1985, 0x1986,
  0x1986, 0x1986, 0x1986, 0x21A6, 0x21A6, 0x1986, 0x1986, 0x1986, 0x1986, 0x1986, 0x1986, 0x1986,
  0x1986, 0x1986, 0x1986, 0x1986, 0x1986, 0x1986, 0x1986, 0x1986, 0x1986, 0x1986, 0x1985, 0x1985,
  0x1985, 0x1985, 0x1965, 0x1965, 0x1985, 0x1985, 0x1985, 0x1965, 0x1965, 0x1965, 0x1965, 0x1965,
  0x1965, 0x1965, 0x1925, 0x1905, 0x2125, 0x2125, 0x2125, 0x4A8C, 0x2125, 0x1083, 0x18E4, 0x18E4,
  0x18E4, 0x18E4, 0x18E4, 0x18E4, 0x18E4, 0x2105, 0x2125, 0x2126, 0x2146, 0x2146, 0x2966, 0x2146,
  0x2146, 0x2146, 0x2146, 0x2125, 0x2146, 0x2146, 0x2125, 0x2146, 0x2146, 0x2146, 0x2966, 0x2966,
  0x2146, 0x2966, 0x2966, 0x2146, 0x2146, 0x2125, 0x2967, 0x2966, 0x2146, 0x2966, 0x2967, 0x2166,
  0x2125, 0x2126, 0x2125, 0x2126, 0x2146, 0x2146, 0x2146, 0x2146, 0x2126, 0x2146, 0x2146, 0x2146,
  0x2146, 0x2166, 0x2126, 0x2146, 0x2125, 0x2146, 0x2966, 0x2946, 0x2125, 0x2125, 0x2146, 0x2146,
  0x2126, 0x2125, 0x2146, 0x2146, 0x2125, 0x2146, 0x2146, 0x2125, 0x1905, 0x2125, 0x2125, 0x2966,
  0x2146, 0x1905, 0x2125, 0x2125, 0x2125, 0x2125, 0x2125, 0x2146, 0x2125, 0x2125, 0x2126, 0x2146,
  0x2146, 0x2125, 0x2125, 0x2126, 0x2126, 0x2146, 0x2146, 0x2146, 0x2126, 0x1905, 0x2125, 0x2146,
  0x2146, 0x2126, 0x2126, 0x2125, 0x2126, 0x2125, 0x2146, 0x2146, 0x2146, 0x2146, 0x2146, 0x2146,
  0x2125, 0x1905, 0x2126, 0x2125, 0x2125, 0x2125, 0x1925, 0x2125, 0x2125, 0x2126, 0x2125, 0x2146,
  0x2146, 0x1905, 0x1905, 0x2126, 0x2125, 0x1905, 0x2125, 0x2125, 0x1905, 0x1905, 0x2146, 0x2146,
  0x2145, 0x2125, 0x2146, 0x2125, 0x2146, 0x2146, 0x2125, 0x1925, 0x1905, 0x2125, 0x1905, 0x2125,
  0x1925, 0x2126, 0x2126, 0x2125, 0x1905, 0x2126, 0x2126, 0x1905, 0x1905, 0x2125, 0x2125, 0x1905,
  0x2125, 0x2146, 0x2105, 0x2105, 0x1905, 0x1905, 0x1905, 0x18E4, 0x18E4, 0x10C4, 0x10C4, 0x10C4,
  0x10C4, 0x18E4, 0x1083, 0x10A3, 0x632E, 0x2966, 0x10C4, 0x1905, 0x10C4, 0x10E4, 0x1965, 0x1965,
  0x1965, 0x1966, 0x1986, 0x1986, 0x1986, 0x1986, 0x1986, 0x1985, 0x1986, 0x1986, 0x1986, 0x1986,
  0x1986, 0x1986, 0x1986, 0x1986, 0x19A6, 0x1986, 0x1986, 0x1986, 0x1986, 0x1986, 0x1986, 0x1986,
  0x1986, 0x1985, 0x1985, 0x1986, 0x1986, 0x1986, 0x1985, 0x1986, 0x1986, 0x1985, 0x1985, 0x1985,
  0x1985, 0x1985, 0x1985, 0x1985, 0x1985, 0x1985, 0x1985, 0x1965, 0x1965, 0x1965, 0x1965, 0x1965,
  0x1965, 0x1965, 0x1945, 0x1925, 0x2125, 0x2125, 0x2125, 0x2966, 0x4AAC, 0x18E4, 0x10A3, 0x18E4,
  0x18E4, 0x18E4, 0x18E4, 0x18E4, 0x1905, 0x1905, 0x1905, 0x1905, 0x2126, 0x2146, 0x2146, 0x2146,
  0x2146, 0x2146, 0x2146, 0x2966, 0x2146, 0x2146, 0x2125, 0x2125, 0x2105, 0x2125, 0x2146, 0x2966,
  0x2146, 0x2146, 0x2966, 0x2966, 0x2966, 0x2146, 0x1925, 0x1905, 0x2126, 0x2146, 0x2146, 0x2946,
  0x2966, 0x2146, 0x2146, 0x2146, 0x2146, 0x2125, 0x2146, 0x2966, 0x2966, 0x2146, 0x2966, 0x2146,
  0x2146, 0x2146, 0x2146, 0x2126, 0x2146, 0x2146, 0x2146, 0x2146, 0x2967, 0x2966, 0x2125, 0x2146,
  0x2125, 0x2146, 0x2125, 0x2146, 0x2966, 0x2146, 0x2966, 0x2146, 0x2146, 0x2966, 0x2146, 0x2126,
  0x2125, 0x2146, 0x2146, 0x2125, 0x1905, 0x2125, 0x2126, 0x2125, 0x2146, 0x2966, 0x2126, 0x2125,
  0x2126, 0x2146, 0x1905, 0x2126, 0x2126, 0x2125, 0x1925, 0x2126, 0x2126, 0x2146, 0x2146, 0x2126,
  0x2125, 0x2125, 0x2126, 0x2146, 0x2966, 0x2146, 0x2126, 0x2125, 0x1925, 0x1925, 0x2126, 0x2126,
  0x2126, 0x1925, 0x2125, 0x1905, 0x2125, 0x2125, 0x2126, 0x2125, 0x1905, 0x2126, 0x2125, 0x2125,
  0x2125, 0x1905, 0x2125, 0x2125, 0x1905, 0x1905, 0x2146, 0x2125, 0x1905, 0x2126, 0x2125, 0x2146,
  0x2146, 0x2125, 0x2125, 0x2125, 0x2166, 0x1905, 0x2125, 0x2125, 0x2125, 0x1905, 0x2125, 0x2125,
  0x1905, 0x2125, 0x2125, 0x2125, 0x2125, 0x2125, 0x1905, 0x1905, 0x2126, 0x2125, 0x2125, 0x2146,
  0x2125, 0x1905, 0x1905, 0x1905, 0x2105, 0x1905, 0x1905, 0x1905, 0x18E4, 0x10C4, 0x10C4, 0x10C4,
  0x10C4, 0x10A3, 0x0862, 0x632D, 0x31C8, 0x10A4, 0x1905, 0x18E4, 0x10E4, 0x1965, 0x1965, 0x1965,
  0x1965, 0x1985, 0x1986, 0x1986, 0x1986, 0x1986, 0x1986, 0x1986, 0x1986, 0x1986, 0x1986, 0x1986,
  0x1986, 0x1986, 0x1986, 0x1986, 0x1986, 0x1986, 0x1986, 0x1986, 0x1986, 0x1986, 0x1986, 0x1986,
  0x1986, 0x1986, 0x1986, 0x1986, 0x1986, 0x1986, 0x1986, 0x1986, 0x1986, 0x1986, 0x1985, 0x1985,
  0x1985, 0x1985, 0x1985, 0x1985, 0x1985, 0x1985, 0x1965, 0x1965, 0x1965, 0x1965, 0x1965, 0x1965,
  0x1965, 0x1965, 0x1965, 0x1945, 0x1925, 0x2125, 0x2126, 0x2125, 0x2967, 0x4A8B, 0x10A3, 0x10A3,
  0x18E4, 0x18E4, 0x18E4, 0x18E4, 0x18E4, 0x18E4, 0x1905, 0x1905, 0x18E4, 0x2125, 0x2146, 0x2146,
  0x2146, 0x2146, 0x2966, 0x2146, 0x2126, 0x2146, 0x2146, 0x2125, 0x2946, 0x2146, 0x2966, 0x2966,
  0x2146, 0x2146, 0x2146, 0x2146, 0x2146, 0x2146, 0x2146, 0x2146, 0x2146, 0x2146, 0x2146, 0x2146,
  0x2966, 0x2146, 0x2146, 0x2146, 0x2126, 0x2146, 0x2126, 0x2146, 0x2126, 0x2125, 0x2146, 0x2967,
  0x2146, 0x2125, 0x2146, 0x2146, 0x2146, 0x2146, 0x2146, 0x2966, 0x2146, 0x2146, 0x2146, 0x2146,
  0x2125, 0x2146, 0x2125, 0x2146, 0x2126, 0x2146, 0x2146, 0x2146, 0x2966, 0x2966, 0x2146, 0x2146,
  0x2125, 0x2146, 0x2125, 0x2125, 0x2125, 0x2125, 0x2146, 0x2146, 0x2126, 0x2126, 0x2146, 0x2126,
  0x2126, 0x2126, 0x2146, 0x2125, 0x2125, 0x2146, 0x2125, 0x2125, 0x2125, 0x2146, 0x2125, 0x2125,
  0x1905, 0x2146, 0x2146, 0x2126, 0x2126, 0x2146, 0x2146, 0x2126, 0x2146, 0x2126, 0x2125, 0x2125,
  0x2125, 0x1905, 0x2125, 0x1905, 0x1905, 0x2125, 0x2125, 0x2125, 0x2146, 0x2126, 0x2125, 0x2125,
  0x2125, 0x1905, 0x2125, 0x1905, 0x1905, 0x2125, 0x1905, 0x2125, 0x2126, 0x1905, 0x2145, 0x2125,
  0x2125, 0x2146, 0x2125, 0x2146, 0x2125, 0x1905, 0x1925, 0x2125, 0x2125, 0x1905, 0x1925, 0x2125,
  0x2125, 0x1905, 0x1905, 0x2125, 0x2125, 0x2125, 0x1925, 0x2146, 0x2125, 0x2125, 0x2125, 0x2125,
  0x18E4, 0x1925, 0x1905, 0x18E4, 0x1905, 0x18E5, 0x18E4, 0x10C4, 0x10C4, 0x10A4, 0x10C4, 0x10C4,
  0x10A3, 0x0841, 0x5B0D, 0x3A09, 0x10A4, 0x1905, 0x18E5, 0x10C4, 0x1945, 0x1965, 0x1965, 0x1965,
  0x1965, 0x1986, 0x1986, 0x1986, 0x1986, 0x1986, 0x1985, 0x1986, 0x1986, 0x1986, 0x1986, 0x1986,
  0x1986, 0x1986, 0x1986, 0x1986, 0x1986, 0x1986, 0x1986, 0x1986, 0x1986, 0x1986, 0x1986, 0x1986,
  0x1986, 0x1985, 0x1985, 0x1985, 0x1986, 0x1986, 0x1985, 0x1986, 0x1986, 0x1985, 0x1985, 0x1985,
  0x1985, 0x1985, 0x1985, 0x1985, 0x1965, 0x1985, 0x1965, 0x1965, 0x1965, 0x1965, 0x1965, 0x1965,
  0x1965, 0x1965, 0x1965, 0x1965, 0x1945, 0x1905, 0x1925, 0x2125, 0x1905, 0x2987, 0x4A6B, 0x10A3,
  0x10C3, 0x18E4, 0x18E4, 0x18E4, 0x18E4, 0x18C4, 0x18E4, 0x18E4, 0x1905, 0x1905, 0x2125, 0x2125,
  0x2966, 0x2146, 0x2146, 0x2125, 0x2125, 0x2146, 0x2146, 0x2966, 0x2146, 0x2146, 0x2126, 0x2146,
  0x2146, 0x2125, 0x2125, 0x2125, 0x2125, 0x2146, 0x2146, 0x2146, 0x2146, 0x2125, 0x2966, 0x2146,
  0x2146, 0x2146, 0x2125, 0x2125, 0x2125, 0x2146, 0x2146, 0x2146, 0x2145, 0x2146, 0x2125, 0x2126,
  0x2125, 0x2125, 0x2126, 0x2146, 0x2126, 0x2146, 0x2126, 0x2125, 0x2146, 0x2146, 0x2146, 0x2146,
  0x2125, 0x2126, 0x2125, 0x1905, 0x2125, 0x2146, 0x2146, 0x2146, 0x2125, 0x2125, 0x2125, 0x2146,
  0x2146, 0x2146, 0x2946, 0x2146, 0x2146, 0x2125, 0x2125, 0x2146, 0x2146, 0x2146, 0x2125, 0x2125,
  0x2125, 0x1925, 0x1905, 0x2126, 0x2125, 0x2125, 0x2146, 0x2125, 0x2125, 0x2146, 0x2126, 0x2125,
  0x2146, 0x2126, 0x2125, 0x2125, 0x2146, 0x2125, 0x2125, 0x2146, 0x2125, 0x2125, 0x2146, 0x2125,
  0x2125, 0x2125, 0x1905, 0x1905, 0x2125, 0x1905, 0x2125, 0x2125, 0x2125, 0x2125, 0x2125, 0x2125,
  0x1905, 0x2125, 0x2125, 0x2126, 0x2125, 0x2125, 0x2125, 0x2125, 0x1905, 0x2146, 0x2146, 0x2146,
  0x2966, 0x2145, 0x2125, 0x2146, 0x1905, 0x2125, 0x2125, 0x1925, 0x2125, 0x2125, 0x2125, 0x2125,
  0x1905, 0x1905, 0x2125, 0x1925, 0x2125, 0x2145, 0x2125, 0x2125, 0x2146, 0x1905, 0x1925, 0x1905,
  0x1905, 0x1905, 0x1905, 0x18E4, 0x18E4, 0x18E4, 0x10C4, 0x10C4, 0x10C4, 0x10C4, 0x10C4, 0x10A3,
  0x0021, 0x52CC, 0x424A, 0x10A3, 0x1905, 0x18E4, 0x10C4, 0x1925, 0x1965, 0x1965, 0x1965, 0x1965,
  0x1985, 0x1985, 0x1985, 0x1985, 0x1986, 0x1986, 0x1985, 0x1985, 0x1986, 0x1986, 0x1986, 0x1986,
  0x1986, 0x1986, 0x1986, 0x1986, 0x1986, 0x1986, 0x1986, 0x1986, 0x1986, 0x1986, 0x1986, 0x1986,
  0x1985, 0x1985, 0x1985, 0x1985, 0x1986, 0x1986, 0x1986, 0x1986, 0x1986, 0x1986, 0x1985, 0x1985,
  0x1985, 0x1985, 0x1985, 0x1965, 0x1965, 0x1965, 0x1965, 0x1965, 0x1985, 0x1965, 0x1965, 0x1965,
  0x1965, 0x1965, 0x1965, 0x1965, 0x1965, 0x1945, 0x1905, 0x2125, 0x2146, 0x1905, 0x31C8, 0x4A8B,
  0x10A3, 0x10C4, 0x18E4, 0x18C4, 0x18E4, 0x18E4, 0x18E4, 0x18E4, 0x1905, 0x1905, 0x1905, 0x1905,
  0x2125, 0x2146, 0x2146, 0x2146, 0x2125, 0x2146, 0x2146, 0x2125, 0x2125, 0x1905, 0x1905, 0x2126,
  0x2125, 0x2146, 0x2126, 0x2125, 0x2126, 0x2126, 0x2126, 0x2125, 0x2146, 0x2146, 0x2966, 0x2146,
  0x2146, 0x2125, 0x2125, 0x2125, 0x2146, 0x2125, 0x2146, 0x2146, 0x2146, 0x2125, 0x2125, 0x2146,
  0x2125, 0x2126, 0x2146, 0x1905, 0x2146, 0x2966, 0x2146, 0x2966, 0x2146, 0x2146, 0x2125, 0x2146,
  0x2145, 0x2126, 0x2125, 0x2125, 0x2125, 0x2125, 0x2125, 0x2125, 0x2146, 0x2125, 0x1905, 0x2125,
  0x2125, 0x2125, 0x2146, 0x2146, 0x2125, 0x2125, 0x2125, 0x2125, 0x2125, 0x2125, 0x2125, 0x2125,
  0x2125, 0x1925, 0x1905, 0x2126, 0x2146, 0x1925, 0x1925, 0x2126, 0x2146, 0x2126, 0x2126, 0x2145,
  0x2125, 0x2146, 0x2146, 0x2146, 0x2125, 0x2125, 0x2125, 0x2125, 0x1925, 0x1905, 0x2125, 0x2146,
  0x2125, 0x2146, 0x2125, 0x2125, 0x2125, 0x2126, 0x2126, 0x1905, 0x2125, 0x2146, 0x2125, 0x2125,
  0x2126, 0x2125, 0x2125, 0x2125, 0x2125, 0x1925, 0x2125, 0x2125, 0x2125, 0x2146, 0x2125, 0x2145,
  0x2146, 0x2125, 0x1905, 0x2125, 0x2125, 0x2125, 0x1905, 0x2126, 0x2125, 0x2146, 0x1905, 0x1905,
  0x18E4, 0x2146, 0x2125, 0x2125, 0x2125, 0x2125, 0x2125, 0x2125, 0x2146, 0x2125, 0x2125, 0x2125,
  0x2125, 0x1905, 0x1905, 0x18E4, 0x18E4, 0x10C3, 0x10C4, 0x10C4, 0x10C4, 0x10C4, 0x10C4, 0x0021,
  0x52AB, 0x4A8B, 0x10A3, 0x1905, 0x18E5, 0x10C4, 0x1124, 0x1985, 0x1965, 0x1965, 0x1965, 0x1985,
  0x1985, 0x1985, 0x1966, 0x1985, 0x1985, 0x1986, 0x1986, 0x1986, 0x1986, 0x1986, 0x1986, 0x1986,
  0x1986, 0x1986, 0x1986, 0x1986, 0x1986, 0x1986, 0x1986, 0x1986, 0x1986, 0x1986, 0x1986, 0x1986,
  0x1986, 0x1985, 0x1985, 0x1985, 0x1986, 0x1986, 0x1986, 0x1986, 0x1985, 0x1985, 0x1985, 0x1985,
  0x1985, 0x1985, 0x1985, 0x1965, 0x1965, 0x1965, 0x1965, 0x1965, 0x1965, 0x1965, 0x1965, 0x1965,
  0x1965, 0x1965, 0x1965, 0x1965, 0x1965, 0x1965, 0x1945, 0x1925, 0x2126, 0x2146, 0x1905, 0x31A8,
  0x424A, 0x1082, 0x10C4, 0x18E4, 0x18E4, 0x18E4, 0x18E4, 0x1904, 0x18E4, 0x18E4, 0x1905, 0x18E4,
  0x1905, 0x1905, 0x2125, 0x2125, 0x1905, 0x2125, 0x2125, 0x2125, 0x2125, 0x2125, 0x2126, 0x1905,
  0x2125, 0x2146, 0x1905, 0x1925, 0x2146, 0x2146, 0x2146, 0x2146, 0x2146, 0x2146, 0x2146, 0x2125,
  0x2125, 0x2125, 0x2125, 0x2125, 0x2125, 0x2125, 0x2145, 0x2146, 0x2146, 0x2146, 0x2146, 0x2146,
  0x2125, 0x2146, 0x2125, 0x2126, 0x2146, 0x2146, 0x2125, 0x2125, 0x2125, 0x2146, 0x2146, 0x2146,
  0x2125, 0x2125, 0x2125, 0x2146, 0x2125, 0x2125, 0x2145, 0x2125, 0x2125, 0x2125, 0x2126, 0x2126,
  0x2125, 0x2146, 0x2125, 0x2125, 0x2146, 0x2125, 0x2125, 0x1905, 0x2125, 0x2125, 0x2125, 0x2125,
  0x2125, 0x2125, 0x2126, 0x2146, 0x2125, 0x2125, 0x2125, 0x2125, 0x2125, 0x2126, 0x2146, 0x2126,
  0x2146, 0x2146, 0x2125, 0x2125, 0x2125, 0x1925, 0x2125, 0x2125, 0x1905, 0x2125, 0x1905, 0x2125,
  0x2146, 0x2125, 0x1905, 0x2125, 0x2125, 0x2125, 0x2125, 0x2146, 0x2125, 0x2125, 0x2125, 0x2146,
  0x2125, 0x1925, 0x2125, 0x2125, 0x1905, 0x2125, 0x2125, 0x1905, 0x2125, 0x2125, 0x1905, 0x2125,
  0x2125, 0x2125, 0x2125, 0x2125, 0x1905, 0x1905, 0x2125, 0x2125, 0x2125, 0x1905, 0x1905, 0x2125,
  0x2125, 0x2125, 0x2125, 0x2125, 0x2125, 0x1905, 0x1905, 0x2125, 0x2146, 0x2126, 0x1905, 0x1905,
  0x1905, 0x18E4, 0x18E4, 0x18E4, 0x10E4, 0x10C4, 0x10C3, 0x10C4, 0x10C4, 0x10C4, 0x0021, 0x52CB,
  0x52AC, 0x10A3, 0x18E5, 0x18E4, 0x10C4, 0x1124, 0x1985, 0x1965, 0x1965, 0x1965, 0x1965, 0x1985,
  0x1985, 0x1985, 0x1985, 0x1985, 0x1985, 0x1986, 0x1986, 0x1986, 0x1986, 0x1986, 0x1986, 0x1986,
  0x1986, 0x1986, 0x1986, 0x1986, 0x1986, 0x1986, 0x1986, 0x1986, 0x1986, 0x1986, 0x1986, 0x1986,
  0x1985, 0x1985, 0x1985, 0x1985, 0x1986, 0x1986, 0x1986, 0x1986, 0x1986, 0x1985, 0x1985, 0x1965,
  0x1985, 0x1985, 0x1965, 0x1965, 0x1965, 0x1965, 0x1965, 0x1985, 0x1965, 0x1965, 0x1965, 0x1965,
  0x1965, 0x1965, 0x1965, 0x1965, 0x1965, 0x1965, 0x1965, 0x1945, 0x1905, 0x1925, 0x2146, 0x1905,
  0x31A8, 0x422A, 0x10A3, 0x10C4, 0x18E4, 0x10C4, 0x10E4, 0x18E4, 0x18E4, 0x1905, 0x18E4, 0x1904,
  0x2125, 0x2125, 0x1905, 0x1905, 0x2125, 0x2125, 0x1905, 0x2125, 0x2126, 0x2125, 0x1905, 0x2125,
  0x2125, 0x2146, 0x2125, 0x2126, 0x2966, 0x2146, 0x2966, 0x2146, 0x2146, 0x2146, 0x2146, 0x2146,
  0x2146, 0x2146, 0x2126, 0x2146, 0x2125, 0x2125, 0x2146, 0x2146, 0x2146, 0x2966, 0x2125, 0x2146,
  0x2146, 0x2126, 0x2146, 0x2125, 0x1905, 0x1905, 0x1905, 0x2126, 0x2146, 0x2145, 0x2146, 0x2146,
  0x2146, 0x2125, 0x2125, 0x2126, 0x2126, 0x2125, 0x2125, 0x2125, 0x2126, 0x2125, 0x2125, 0x2146,
  0x1905, 0x1905, 0x2125, 0x2126, 0x2125, 0x2125, 0x2125, 0x1925, 0x2125, 0x2125, 0x2125, 0x2125,
  0x2125, 0x2125, 0x2125, 0x2125, 0x1925, 0x2125, 0x2146, 0x2146, 0x2125, 0x2125, 0x2125, 0x2146,
  0x2125, 0x1905, 0x2125, 0x2125, 0x2125, 0x1925, 0x2125, 0x1905, 0x2125, 0x1905, 0x1905, 0x2146,
  0x2146, 0x2126, 0x1905, 0x2125, 0x2125, 0x2126, 0x2146, 0x2125, 0x1905, 0x2146, 0x1905, 0x2126,
  0x2146, 0x2146, 0x2146, 0x2125, 0x2126, 0x2146, 0x2125, 0x1905, 0x2125, 0x2125, 0x1905, 0x2125,
  0x1905, 0x1905, 0x1905, 0x2105, 0x2126, 0x1905, 0x2125, 0x1905, 0x2126, 0x2125, 0x2125, 0x2146,
  0x1905, 0x2125, 0x1905, 0x18E4, 0x1905, 0x1925, 0x2125, 0x1905, 0x1905, 0x1905, 0x18E4, 0x1905,
  0x18E4, 0x10E4, 0x18E4, 0x18E4, 0x10C4, 0x10C4, 0x10C4, 0x10C4, 0x10C3, 0x0021, 0x52AB, 0x4A8B,
  0x10A4, 0x1905, 0x18E5, 0x10C4, 0x1104, 0x1985, 0x1965, 0x1965, 0x1965, 0x1965, 0x1965, 0x1965,
  0x1966, 0x1985, 0x1965, 0x1985, 0x1986, 0x1986, 0x1986, 0x1986, 0x1986, 0x1986, 0x1986, 0x1986,
  0x1986, 0x1986, 0x1986, 0x1986, 0x1986, 0x1986, 0x1986, 0x1986, 0x1986, 0x1986, 0x1986, 0x1986,
  0x1985, 0x1985, 0x1985, 0x1986, 0x1986, 0x1986, 0x1986, 0x1986, 0x1986, 0x1985, 0x1986, 0x1965,
  0x1985, 0x1985, 0x1965, 0x1965, 0x1965, 0x1985, 0x1965, 0x1965, 0x1985, 0x1965, 0x1965, 0x1965,
  0x1965, 0x1965, 0x1965, 0x1965, 0x1965, 0x1965, 0x1965, 0x1965, 0x1945, 0x1925, 0x1925, 0x2146,
  0x1905, 0x31A8, 0x3A09, 0x1082, 0x10C3, 0x18E4, 0x10C4, 0x10C4, 0x18E4, 0x18E4, 0x18E4, 0x1905,
  0x18E4, 0x1904, 0x2125, 0x2125, 0x2125, 0x2126, 0x2125, 0x2146, 0x2125, 0x2125, 0x2146, 0x2146,
  0x2126, 0x2146, 0x2125, 0x2125, 0x2125, 0x2125, 0x2146, 0x2146, 0x2146, 0x2146, 0x2145, 0x2146,
  0x2146, 0x2125, 0x2125, 0x2125, 0x2146, 0x2125, 0x2146, 0x2125, 0x2145, 0x2126, 0x2146, 0x2125,
  0x2125, 0x2146, 0x2125, 0x2146, 0x2146, 0x2125, 0x2125, 0x2125, 0x2125, 0x2146, 0x2125, 0x2125,
  0x2125, 0x2125, 0x2125, 0x2125, 0x1905, 0x2125, 0x1905, 0x1905, 0x1905, 0x2125, 0x1905, 0x1905,
  0x2125, 0x2146, 0x2125, 0x1925, 0x2125, 0x2125, 0x2125, 0x2126, 0x2125, 0x2125, 0x2125, 0x2125,
  0x2125, 0x2125, 0x2125, 0x2125, 0x2125, 0x2125, 0x2125, 0x2125, 0x2125, 0x1905, 0x2125, 0x2125,
  0x1925, 0x2125, 0x2125, 0x1905, 0x1905, 0x2125, 0x1905, 0x2125, 0x1905, 0x1905, 0x2125, 0x2125,
  0x2126, 0x2125, 0x2146, 0x1925, 0x2125, 0x1905, 0x1905, 0x1905, 0x2126, 0x1925, 0x2146, 0x2146,
  0x2146, 0x2125, 0x2125, 0x2125, 0x2125, 0x1905, 0x1925, 0x2125, 0x2146, 0x1925, 0x1905, 0x1905,
  0x1905, 0x1905, 0x2125, 0x1905, 0x2125, 0x2125, 0x1905, 0x1905, 0x2125, 0x2125, 0x1925, 0x1905,
  0x18E4, 0x1905, 0x1905, 0x1905, 0x2146, 0x1905, 0x1905, 0x1905, 0x1905, 0x1905, 0x1905, 0x1904,
  0x18E4, 0x18E4, 0x18E4, 0x10C4, 0x10C4, 0x10C3, 0x10C4, 0x10A3, 0x0041, 0x5AEC, 0x52AC, 0x10A3,
  0x1905, 0x18E5, 0x10C4, 0x1104, 0x1986, 0x1965, 0x1965, 0x1965, 0x1965, 0x1965, 0x1965, 0x1965,
  0x1965, 0x1965, 0x1965, 0x1965, 0x1965, 0x1985, 0x1985, 0x1986, 0x1985, 0x1986, 0x1986, 0x1986,
  0x1986, 0x1986, 0x1986, 0x1986, 0x1986, 0x19A6, 0x1986, 0x1986, 0x1986, 0x1986, 0x1986, 0x1986,
  0x1985, 0x1985, 0x1986, 0x1986, 0x1986, 0x1986, 0x1986, 0x1986, 0x1986, 0x1986, 0x1985, 0x1985,
  0x1965, 0x1965, 0x1965, 0x1965, 0x1965, 0x1965, 0x1965, 0x1965, 0x1965, 0x1965, 0x1965, 0x1965,
  0x1965, 0x1965, 0x1965, 0x1965, 0x1965, 0x1965, 0x1965, 0x1965, 0x1965, 0x1945, 0x1925, 0x1925,
  0x2146, 0x1905, 0x2987, 0x422A, 0x10A3, 0x10A3, 0x18E4, 0x10C4, 0x10C4, 0x18E4, 0x18E4, 0x18E4,
  0x18E4, 0x1905, 0x1905, 0x1925, 0x2125, 0x2125, 0x2125, 0x2125, 0x2125, 0x2125, 0x2126, 0x2125,
  0x2125, 0x2146, 0x2125, 0x2125, 0x2146, 0x2146, 0x2146, 0x2146, 0x2146, 0x2146, 0x2146, 0x2125,
  0x2146, 0x2146, 0x2145, 0x2125, 0x2125, 0x2146, 0x2125, 0x2125, 0x2125, 0x2146, 0x2125, 0x2125,
  0x2125, 0x2125, 0x2145, 0x2125, 0x2125, 0x2125, 0x2126, 0x2125, 0x2105, 0x2125, 0x2125, 0x2125,
  0x2125, 0x2125, 0x2125, 0x2125, 0x2126, 0x1925, 0x2125, 0x2125, 0x2125, 0x1905, 0x2105, 0x1905,
  0x2125, 0x2125, 0x2125, 0x1905, 0x2125, 0x2126, 0x1905, 0x2125, 0x2146, 0x2125, 0x2125, 0x2125,
  0x2125, 0x2125, 0x2125, 0x2125, 0x2125, 0x1925, 0x1925, 0x1905, 0x1905, 0x1925, 0x1925, 0x1905,
  0x1925, 0x2125, 0x1905, 0x2125, 0x2125, 0x1905, 0x2125, 0x2125, 0x2125, 0x2146, 0x2125, 0x2146,
  0x2125, 0x2125, 0x2125, 0x2126, 0x2125, 0x1905, 0x1905, 0x1905, 0x18E5, 0x2125, 0x2125, 0x2125,
  0x2125, 0x2125, 0x2125, 0x2125, 0x1925, 0x2125, 0x2125, 0x2125, 0x2125, 0x1905, 0x2125, 0x2146,
  0x1905, 0x1905, 0x1905, 0x1905, 0x1905, 0x1905, 0x1905, 0x2125, 0x2125, 0x1905, 0x2125, 0x1905,
  0x2125, 0x2125, 0x1905, 0x1905, 0x2125, 0x1905, 0x2126, 0x1904, 0x18E4, 0x1905, 0x1905, 0x18E4,
  0x18E4, 0x18E4, 0x10C4, 0x10C4, 0x10C3, 0x10C3, 0x10A3, 0x0021, 0x5ACC, 0x52CC, 0x10A3, 0x18E5,
  0x18E5, 0x18E4, 0x1124, 0x1986, 0x1985, 0x1965, 0x1965, 0x1965, 0x1965, 0x1965, 0x1965, 0x1965,
  0x1965, 0x1965, 0x1965, 0x1965, 0x1965, 0x1965, 0x1985, 0x1985, 0x1986, 0x1986, 0x1986, 0x1986,
  0x1986, 0x1986, 0x1986, 0x1986, 0x1986, 0x19A6, 0x19A6, 0x19A6, 0x19A6, 0x1986, 0x1986, 0x1986,
  0x1985, 0x1985, 0x1986, 0x1985, 0x1986, 0x1986, 0x1986, 0x1986, 0x1985, 0x1986, 0x1986, 0x1985,
  0x1985, 0x1965, 0x1965, 0x1965, 0x1965, 0x1965, 0x1965, 0x1965, 0x1965, 0x1965, 0x1965, 0x1965,
  0x1965, 0x1965, 0x1965, 0x1965, 0x1965, 0x1965, 0x1965, 0x1965, 0x1965, 0x1965, 0x1924, 0x1905,
  0x2125, 0x2126, 0x2105, 0x31A8, 0x4A6B, 0x18E4, 0x10A3, 0x18E4, 0x10C4, 0x10C4, 0x10C4, 0x18E4,
  0x18E4, 0x18E4, 0x1905, 0x1905, 0x1905, 0x2125, 0x2125, 0x2125, 0x2125, 0x2126, 0x1905, 0x2125,
  0x2146, 0x2126, 0x2125, 0x2126, 0x2125, 0x2146, 0x2126, 0x2946, 0x2125, 0x2125, 0x2146, 0x2146,
  0x2125, 0x2146, 0x2125, 0x2146, 0x2126, 0x2125, 0x2125, 0x2146, 0x2146, 0x2126, 0x2125, 0x2125,
  0x2125, 0x2125, 0x2125, 0x2125, 0x2125, 0x2125, 0x2125, 0x2125, 0x2125, 0x2125, 0x2125, 0x2125,
  0x1905, 0x2105, 0x2126, 0x2125, 0x2125, 0x2125, 0x2125, 0x1905, 0x2125, 0x1905, 0x1905, 0x1905,
  0x2125, 0x2125, 0x2125, 0x2125, 0x2125, 0x1905, 0x2125, 0x2125, 0x2126, 0x2125, 0x1905, 0x2125,
  0x2146, 0x2125, 0x2125, 0x2125, 0x1905, 0x1905, 0x2125, 0x2125, 0x1905, 0x1905, 0x1905, 0x1905,
  0x1905, 0x2125, 0x2125, 0x1905, 0x2125, 0x1905, 0x2126, 0x1905, 0x2125, 0x2146, 0x2146, 0x2125,
  0x2125, 0x1905, 0x2125, 0x2126, 0x2125, 0x1905, 0x1905, 0x1905, 0x1925, 0x2125, 0x1905, 0x1905,
  0x1905, 0x2125, 0x2126, 0x1905, 0x1905, 0x2125, 0x2125, 0x2146, 0x2125, 0x2105, 0x2126, 0x1905,
  0x1905, 0x1905, 0x18E4, 0x2125, 0x2125, 0x2125, 0x2125, 0x2125, 0x2125, 0x2146, 0x1905, 0x2125,
  0x1905, 0x1905, 0x1925, 0x2125, 0x1905, 0x1905, 0x1905, 0x18E4, 0x1904, 0x1905, 0x18E4, 0x18E4,
  0x18C4, 0x18C4, 0x10C4, 0x10C3, 0x10C4, 0x0883, 0x0862, 0x5B0D, 0x4A6B, 0x10A3, 0x1905, 0x18E4,
  0x10C4, 0x1924, 0x1985, 0x1965, 0x1965, 0x1965, 0x1965, 0x1965, 0x1965, 0x1965, 0x1965, 0x1965,
  0x1965, 0x1965, 0x1965, 0x1985, 0x1965, 0x1985, 0x1985, 0x1985, 0x1985, 0x1986, 0x1986, 0x1986,
  0x1986, 0x1986, 0x1986, 0x1986, 0x1986, 0x1986, 0x19A6, 0x19A6, 0x1986, 0x1986, 0x1986, 0x1986,
  0x1985, 0x1986, 0x1985, 0x1985, 0x1986, 0x1986, 0x1986, 0x1986, 0x1986, 0x1986, 0x1985, 0x1986,
  0x1985, 0x1965, 0x1965, 0x1985, 0x1965, 0x1965, 0x1965, 0x1985, 0x1965, 0x1965, 0x1965, 0x1965,
  0x1965, 0x1965, 0x1965, 0x1965, 0x1965, 0x1965, 0x1965, 0x1965, 0x1965, 0x1965, 0x1965, 0x1924,
  0x1905, 0x2125, 0x2126, 0x1905, 0x2987, 0x4A6B, 0x18E4, 0x0882, 0x18E4, 0x18C4, 0x10C4, 0x18E4,
  0x18E4, 0x18E4, 0x1904, 0x1905, 0x2125, 0x2125, 0x1905, 0x2125, 0x2125, 0x2125, 0x2146, 0x2125,
  0x2125, 0x2125, 0x2125, 0x2125, 0x2146, 0x2145, 0x2146, 0x2125, 0x2125, 0x2146, 0x2146, 0x2146,
  0x2146, 0x1905, 0x2126, 0x2125, 0x2146, 0x2146, 0x2966, 0x2146, 0x2146, 0x2126, 0x2126, 0x2146,
  0x2125, 0x2125, 0x2125, 0x2125, 0x2145, 0x2146, 0x2146, 0x2125, 0x2125, 0x2125, 0x1925, 0x2125,
  0x2125, 0x1905, 0x2125, 0x2125, 0x2125, 0x1905, 0x2125, 0x1905, 0x1905, 0x1905, 0x1905, 0x1905,
  0x2105, 0x2125, 0x2125, 0x2125, 0x2125, 0x1905, 0x2125, 0x2125, 0x2125, 0x1905, 0x1925, 0x1905,
  0x2125, 0x2125, 0x2125, 0x1905, 0x1905, 0x1905, 0x2125, 0x1905, 0x1905, 0x1905, 0x1905, 0x1905,
  0x2125, 0x2125, 0x1905, 0x1905, 0x2125, 0x2125, 0x1905, 0x2125, 0x2125, 0x2125, 0x2125, 0x2126,
  0x1925, 0x2125, 0x2146, 0x2125, 0x2125, 0x1905, 0x1905, 0x2125, 0x1925, 0x2125, 0x2125, 0x1905,
  0x18E4, 0x1925, 0x1925, 0x1905, 0x1905, 0x2146, 0x2146, 0x2125, 0x2126, 0x1905, 0x1905, 0x1905,
  0x1905, 0x1905, 0x2125, 0x2125, 0x1905, 0x2146, 0x1905, 0x2125, 0x2125, 0x1905, 0x1905, 0x1905,
  0x1905, 0x1905, 0x2125, 0x18E4, 0x2126, 0x1905, 0x18E4, 0x1905, 0x18E4, 0x18E4, 0x18E4, 0x18E4,
  0x18E4, 0x18E4, 0x10C3, 0x10C4, 0x0882, 0x1082, 0x6B6E, 0x424A, 0x10A4, 0x1905, 0x18E4, 0x10C4,
  0x1924, 0x1986, 0x1965, 0x1965, 0x1965, 0x1965, 0x1965, 0x1965, 0x1965, 0x1965, 0x1965, 0x1965,
  0x1985, 0x1985, 0x1985, 0x1985, 0x1965, 0x1965, 0x1965, 0x1985, 0x1985, 0x1985, 0x1985, 0x1986,
  0x1986, 0x1986, 0x1986, 0x1986, 0x1986, 0x1986, 0x19A6, 0x19A6, 0x19A6, 0x1986, 0x1986, 0x1986,
  0x1986, 0x1986, 0x1985, 0x1985, 0x1986, 0x1986, 0x1986, 0x1986, 0x1986, 0x1985, 0x1986, 0x1986,
  0x1986, 0x1985, 0x1965, 0x1965, 0x1965, 0x1965, 0x1965, 0x1985, 0x1965, 0x1965, 0x1965, 0x1965,
  0x1965, 0x1965, 0x1965, 0x1965, 0x1965, 0x1965, 0x1965, 0x1965, 0x1965, 0x1965, 0x1965, 0x1965,
  0x1925, 0x1925, 0x2125, 0x2125, 0x1905, 0x2166, 0x4A8C, 0x2125, 0x0862, 0x18E4, 0x10C4, 0x10C4,
  0x10C4, 0x18E4, 0x18E4, 0x1905, 0x1905, 0x1905, 0x1905, 0x1905, 0x1905, 0x2125, 0x2126, 0x2125,
  0x2125, 0x2125, 0x2125, 0x2146, 0x2146, 0x2125, 0x2125, 0x1905, 0x2146, 0x2146, 0x2126, 0x2125,
  0x2146, 0x2146, 0x2125, 0x2126, 0x2125, 0x2146, 0x2125, 0x1905, 0x2125, 0x2125, 0x2125, 0x2125,
  0x2125, 0x2125, 0x2125, 0x2125, 0x2125, 0x2146, 0x2146, 0x2125, 0x2125, 0x2125, 0x2125, 0x1905,
  0x2125, 0x2125, 0x2146, 0x2125, 0x2125, 0x2125, 0x2125, 0x2125, 0x1905, 0x1905, 0x1905, 0x1905,
  0x2125, 0x1905, 0x1905, 0x2125, 0x1925, 0x2125, 0x2125, 0x2126, 0x1905, 0x1905, 0x1905, 0x1905,
  0x2125, 0x2125, 0x2125, 0x2125, 0x2125, 0x1905, 0x2125, 0x2125, 0x2125, 0x2125, 0x1905, 0x1905,
  0x2125, 0x1905, 0x1905, 0x2125, 0x2125, 0x2125, 0x2125, 0x2125, 0x1905, 0x1925, 0x2125, 0x1905,
  0x2125, 0x1905, 0x1905, 0x1905, 0x1905, 0x1905, 0x1905, 0x2125, 0x1905, 0x18E4, 0x1905, 0x1905,
  0x1905, 0x2125, 0x2125, 0x1905, 0x2125, 0x2125, 0x1905, 0x2125, 0x1905, 0x1905, 0x2125, 0x1905,
  0x1905, 0x1905, 0x2125, 0x1905, 0x1905, 0x1905, 0x1905, 0x2125, 0x1905, 0x2125, 0x2125, 0x1905,
  0x1905, 0x1905, 0x18E4, 0x1905, 0x2125, 0x18E4, 0x18E4, 0x18E4, 0x18E4, 0x10C4, 0x10C4, 0x10C4,
  0x10C4, 0x10C3, 0x18E4, 0x0862, 0x10C3, 0x6B8F, 0x3A09, 0x10A4, 0x1905, 0x18E4, 0x10E4, 0x1124,
  0x1986, 0x1985, 0x1965, 0x1965, 0x1965, 0x1965, 0x1965, 0x1965, 0x1965, 0x1965, 0x1985, 0x1985,
  0x1985, 0x1986, 0x1985, 0x1985, 0x1985, 0x1965, 0x1985, 0x1985, 0x1985, 0x1985, 0x1985, 0x1986,
  0x1986, 0x1986, 0x1986, 0x1986, 0x1986, 0x1986, 0x1986, 0x19A6, 0x19A6, 0x1986, 0x1986, 0x1986,
  0x1985, 0x1985, 0x1985, 0x1985, 0x1986, 0x1986, 0x1986, 0x1986, 0x1985, 0x1986, 0x1985, 0x1985,
  0x1966, 0x1965, 0x1965, 0x1965, 0x1965, 0x1965, 0x1965, 0x1985, 0x1985, 0x1965, 0x1965, 0x1965,
  0x1965, 0x1965, 0x1965, 0x1965, 0x1985, 0x1965, 0x1965, 0x1965, 0x1965, 0x1965, 0x1965, 0x1965,
  0x1965, 0x1945, 0x1925, 0x1905, 0x2125, 0x1905, 0x2126, 0x4A8B, 0x31A7, 0x0862, 0x18E4, 0x10C4,
  0x10C3, 0x10C4, 0x18E4, 0x18E4, 0x18E4, 0x18E4, 0x18E4, 0x18E4, 0x1904, 0x2125, 0x1905, 0x2105,
  0x2125, 0x2125, 0x1905, 0x1905, 0x2125, 0x2125, 0x2125, 0x2125, 0x2105, 0x2146, 0x2146, 0x2146,
  0x1925, 0x2125, 0x2126, 0x2125, 0x1905, 0x1905, 0x2125, 0x2146, 0x2125, 0x2125, 0x1905, 0x1905,
  0x1905, 0x1905, 0x2125, 0x1905, 0x2125, 0x2146, 0x2125, 0x2146, 0x2146, 0x2125, 0x2146, 0x2145,
  0x2105, 0x2125, 0x1904, 0x2125, 0x2125, 0x2105, 0x1905, 0x2125, 0x2125, 0x1905, 0x1905, 0x1905,
  0x1905, 0x2125, 0x1905, 0x1905, 0x1905, 0x1905, 0x2125, 0x2125, 0x1905, 0x1905, 0x1905, 0x1905,
  0x1905, 0x1905, 0x2125, 0x2125, 0x1905, 0x2125, 0x1905, 0x1905, 0x1905, 0x1905, 0x1905, 0x1905,
  0x1905, 0x2125, 0x2145, 0x2125, 0x2125, 0x2125, 0x2125, 0x2125, 0x1905, 0x2125, 0x1905, 0x2125,
  0x2125, 0x1905, 0x1905, 0x1905, 0x1905, 0x2125, 0x2125, 0x1905, 0x1905, 0x1905, 0x1905, 0x1905,
  0x1905, 0x1905, 0x1905, 0x2105, 0x1905, 0x2125, 0x2125, 0x1904, 0x1905, 0x2125, 0x1904, 0x1905,
  0x2125, 0x1905, 0x2125, 0x1905, 0x1905, 0x1905, 0x2125, 0x2125, 0x1905, 0x1905, 0x1905, 0x1904,
  0x1904, 0x1905, 0x1925, 0x1904, 0x18E4, 0x1904, 0x1904, 0x18E4, 0x10C4, 0x10C3, 0x10C4, 0x10C3,
  0x10C3, 0x10C4, 0x0041, 0x2945, 0x738F, 0x2987, 0x10A4, 0x1905, 0x18E4, 0x10C4, 0x1924, 0x1985,
  0x1965, 0x1985, 0x1965, 0x1965, 0x1965, 0x1965, 0x1965, 0x1965, 0x1965, 0x1965, 0x1985, 0x1985,
  0x1985, 0x1985, 0x1985, 0x1985, 0x1985, 0x1985, 0x1985, 0x1965, 0x1965, 0x1965, 0x1985, 0x1985,
  0x1986, 0x1986, 0x1986, 0x1986, 0x1986, 0x1986, 0x1986, 0x1986, 0x1986, 0x19A6, 0x1986, 0x1986,
  0x1985, 0x1986, 0x1986, 0x1986, 0x1986, 0x1986, 0x1986, 0x1986, 0x1986, 0x1986, 0x1985, 0x1986,
  0x1965, 0x1965, 0x1965, 0x1965, 0x1965, 0x1965, 0x1965, 0x1965, 0x1965, 0x1965, 0x1965, 0x1965,
  0x1965, 0x1965, 0x1965, 0x1965, 0x1965, 0x1965, 0x1965, 0x1965, 0x1965, 0x1965, 0x1965, 0x1965,
  0x1965, 0x1965, 0x1945, 0x1925, 0x1925, 0x2125, 0x2125, 0x1905, 0x426B, 0x31C8, 0x0862, 0x10C4,
  0x18E4, 0x10C4, 0x10C4, 0x18E4, 0x18E4, 0x18E4, 0x18E4, 0x1905, 0x1905, 0x1905, 0x1905, 0x2125,
  0x2125, 0x1905, 0x1905, 0x1905, 0x18E4, 0x1905, 0x2125, 0x2125, 0x2125, 0x2125, 0x2146, 0x2146,
  0x2146, 0x1925, 0x2126, 0x2125, 0x2125, 0x2146, 0x2125, 0x2125, 0x2125, 0x2126, 0x2146, 0x2125,
  0x2125, 0x2125, 0x2125, 0x2125, 0x2146, 0x2146, 0x2146, 0x2125, 0x2126, 0x2145, 0x1904, 0x2125,
  0x2125, 0x2125, 0x2125, 0x1905, 0x2105, 0x2125, 0x2125, 0x1905, 0x1905, 0x2105, 0x2125, 0x1905,
  0x2125, 0x2125, 0x1905, 0x1925, 0x2125, 0x1905, 0x1904, 0x1905, 0x1905, 0x1905, 0x1905, 0x1905,
  0x1905, 0x1925, 0x1905, 0x1905, 0x1905, 0x1905, 0x1904, 0x1905, 0x18E4, 0x1905, 0x1905, 0x1905,
  0x1905, 0x2125, 0x1905, 0x1905, 0x1925, 0x2125, 0x2125, 0x1905, 0x1905, 0x2125, 0x2125, 0x2125,
  0x1905, 0x1905, 0x1905, 0x1905, 0x1905, 0x1905, 0x1905, 0x1905, 0x1905, 0x2125, 0x1905, 0x1905,
  0x1905, 0x2125, 0x2125, 0x1905, 0x1905, 0x1905, 0x1904, 0x1905, 0x1904, 0x1905, 0x1905, 0x1905,
  0x18E4, 0x1905, 0x1905, 0x1905, 0x1905, 0x1905, 0x1905, 0x1905, 0x1905, 0x1905, 0x18E4, 0x18E4,
  0x1905, 0x18E4, 0x1904, 0x18E4, 0x1904, 0x18E4, 0x18E4, 0x10C4, 0x10C4, 0x10C3, 0x10C3, 0x10C4,
  0x10C3, 0x0021, 0x39E8, 0x6B8F, 0x2146, 0x10C4, 0x1905, 0x18E4, 0x10C4, 0x1924, 0x1985, 0x1965,
  0x1965, 0x1965, 0x1965, 0x1965, 0x1965, 0x1965, 0x1965, 0x1965, 0x1965, 0x1965, 0x1985, 0x1985,
  0x1985, 0x1985, 0x1986, 0x1986, 0x1985, 0x1985, 0x1985, 0x1985, 0x1965, 0x1985, 0x1985, 0x1985,
  0x1985, 0x1986, 0x1986, 0x1986, 0x1986, 0x1986, 0x1986, 0x1986, 0x1986, 0x1986, 0x1986, 0x1986,
  0x1986, 0x1985, 0x1985, 0x1986, 0x1986, 0x1986, 0x1986, 0x1986, 0x1986, 0x1985, 0x1986, 0x1986,
  0x1986, 0x1965, 0x1965, 0x1965, 0x1965, 0x1965, 0x1965, 0x1965, 0x1965, 0x1965, 0x1965, 0x1965,
  0x1965, 0x1965, 0x1965, 0x1965, 0x1965, 0x1965, 0x1965, 0x1965, 0x1965, 0x1965, 0x1965, 0x1965,
  0x1965, 0x1965, 0x1965, 0x1945, 0x1925, 0x1925, 0x2125, 0x2126, 0x18E5, 0x3A09, 0x3A29, 0x10A3,
  0x10A3, 0x10E4, 0x10C4, 0x10C4, 0x18E4, 0x18E4, 0x18E4, 0x18E4, 0x18E4, 0x1904, 0x2125, 0x1905,
  0x1905, 0x1905, 0x1905, 0x2125, 0x1905, 0x2146, 0x2126, 0x1905, 0x2125, 0x2146, 0x2125, 0x2146,
  0x2126, 0x2125, 0x2125, 0x1905, 0x2125, 0x2146, 0x2125, 0x2125, 0x2125, 0x2125, 0x2146, 0x2125,
  0x1925, 0x2125, 0x1905, 0x2125, 0x2125, 0x2125, 0x2125, 0x2125, 0x2125, 0x1905, 0x2125, 0x2125,
  0x2125, 0x1905, 0x1905, 0x1905, 0x2125, 0x2125, 0x2125, 0x1905, 0x1905, 0x1905, 0x18E4, 0x1905,
  0x1905, 0x1905, 0x1905, 0x2125, 0x1905, 0x18E4, 0x1905, 0x1905, 0x1905, 0x1905, 0x2125, 0x1905,
  0x1905, 0x1905, 0x1905, 0x1905, 0x2125, 0x1905, 0x1905, 0x1905, 0x2125, 0x1905, 0x1905, 0x1905,
  0x1925, 0x1905, 0x1905, 0x1905, 0x1905, 0x1905, 0x2125, 0x2125, 0x1905, 0x2125, 0x1905, 0x2125,
  0x2125, 0x2125, 0x2125, 0x2125, 0x2125, 0x2125, 0x2125, 0x1925, 0x2125, 0x1905, 0x2125, 0x1905,
  0x2105, 0x1905, 0x2125, 0x1905, 0x1905, 0x1905, 0x1905, 0x1905, 0x1905, 0x1905, 0x1904, 0x1904,
  0x1904, 0x1905, 0x18E4, 0x1904, 0x1904, 0x1905, 0x18E4, 0x1905, 0x1905, 0x18E4, 0x1904, 0x2125,
  0x18E4, 0x1904, 0x1904, 0x18E4, 0x18E4, 0x18E4, 0x10C4, 0x10C4, 0x10C4, 0x10A3, 0x10C4, 0x10A3,
  0x0041, 0x4A8B, 0x634E, 0x18E5, 0x10C4, 0x18E5, 0x18E4, 0x10C4, 0x1925, 0x1985, 0x1965, 0x1965,
  0x1965, 0x1965, 0x1965, 0x1965, 0x1965, 0x1965, 0x1965, 0x1965, 0x1965, 0x1965, 0x1985, 0x1985,
  0x1985, 0x1985, 0x1985, 0x1985, 0x1985, 0x1985, 0x1985, 0x1985, 0x1985, 0x1985, 0x1986, 0x1986,
  0x1985, 0x1985, 0x1986, 0x1986, 0x1986, 0x1986, 0x1986, 0x1986, 0x1986, 0x1986, 0x1986, 0x1986,
  0x1985, 0x1985, 0x1985, 0x1985, 0x1986, 0x1986, 0x1986, 0x1986, 0x1986, 0x1986, 0x1986, 0x1985,
  0x1965, 0x1965, 0x1965, 0x1965, 0x1965, 0x1965, 0x1965, 0x1965, 0x1965, 0x1965, 0x1965, 0x1965,
  0x1965, 0x1965, 0x1965, 0x1965, 0x1965, 0x1965, 0x1965, 0x1965, 0x1965, 0x1965, 0x1965, 0x1965,
  0x1965, 0x1965, 0x1965, 0x1965, 0x1945, 0x1925, 0x1905, 0x2125, 0x2125, 0x1905, 0x31A8, 0x426A,
  0x1904, 0x0882, 0x18E4, 0x10C4, 0x10C4, 0x18E4, 0x10C4, 0x18E4, 0x18E4, 0x1904, 0x1905, 0x1905,
  0x2125, 0x1905, 0x1904, 0x1905, 0x2105, 0x2125, 0x2125, 0x2105, 0x2125, 0x2146, 0x2125, 0x2125,
  0x2125, 0x2125, 0x2125, 0x2125, 0x2146, 0x1904, 0x2125, 0x2125, 0x2125, 0x2125, 0x2125, 0x1905,
  0x2125, 0x2125, 0x2125, 0x2125, 0x2146, 0x1905, 0x2125, 0x2125, 0x1905, 0x2125, 0x2125, 0x2125,
  0x2105, 0x1905, 0x2125, 0x2125, 0x1905, 0x2105, 0x2125, 0x1905, 0x2125, 0x1905, 0x1905, 0x2125,
  0x1905, 0x18E4, 0x1905, 0x1905, 0x1905, 0x1905, 0x1905, 0x1905, 0x18E5, 0x2125, 0x1905, 0x1905,
  0x1905, 0x1905, 0x1925, 0x2125, 0x1905, 0x1905, 0x2125, 0x1905, 0x2125, 0x1905, 0x1905, 0x1905,
  0x1905, 0x1905, 0x1905, 0x1905, 0x2125, 0x2125, 0x1905, 0x1905, 0x1905, 0x1905, 0x1905, 0x2125,
  0x2125, 0x2125, 0x2126, 0x2125, 0x2125, 0x2125, 0x1905, 0x1905, 0x1905, 0x1905, 0x1905, 0x1905,
  0x1905, 0x2125, 0x1905, 0x1905, 0x18E5, 0x1905, 0x1905, 0x2125, 0x1905, 0x18E4, 0x1905, 0x1905,
  0x1905, 0x1905, 0x18E4, 0x18E4, 0x1905, 0x18E4, 0x18E4, 0x18E4, 0x18E4, 0x1905, 0x1905, 0x18E4,
  0x18E4, 0x1904, 0x10C4, 0x18E4, 0x10C4, 0x18E4, 0x10C4, 0x10C3, 0x10C4, 0x10C4, 0x0862, 0x1082,
  0x632D, 0x52CC, 0x10C4, 0x18E5, 0x18E5, 0x10C4, 0x10E4, 0x1945, 0x1965, 0x1965, 0x1965, 0x1965,
  0x1965, 0x1965, 0x1965, 0x1965, 0x1965, 0x1965, 0x1965, 0x1965, 0x1965, 0x1965, 0x1985, 0x1985,
  0x1986, 0x1985, 0x1986, 0x1965, 0x1966, 0x1985, 0x1985, 0x1986, 0x1985, 0x1985, 0x1985, 0x1986,
  0x1986, 0x1986, 0x1986, 0x1986, 0x1986, 0x1986, 0x1986, 0x1986, 0x1986, 0x1986, 0x1986, 0x1986,
  0x1965, 0x1965, 0x1986, 0x1986, 0x1986, 0x1986, 0x1986, 0x1986, 0x1986, 0x1986, 0x1986, 0x1986,
  0x1965, 0x1965, 0x1965, 0x1965, 0x1965, 0x1965, 0x1965, 0x1965, 0x1965, 0x1965, 0x1965, 0x1985,
  0x1965, 0x1965, 0x1965, 0x1965, 0x1965, 0x1965, 0x1965, 0x1965, 0x1965, 0x1965, 0x1965, 0x1965,
  0x1965, 0x1965, 0x1965, 0x1965, 0x1965, 0x1945, 0x1925, 0x1905, 0x2125, 0x2125, 0x1905, 0x2146,
  0x426A, 0x2966, 0x0882, 0x10C4, 0x18E4, 0x10C4, 0x18C4, 0x18E4, 0x18E4, 0x18E4, 0x18E4, 0x18E4,
  0x18E4, 0x1905, 0x2125, 0x1905, 0x18E4, 0x2105, 0x2125, 0x2125, 0x1905, 0x1905, 0x2125, 0x2146,
  0x2125, 0x2125, 0x2125, 0x2125, 0x2146, 0x2125, 0x2125, 0x2146, 0x2125, 0x2146, 0x2125, 0x2125,
  0x2125, 0x2125, 0x2125, 0x2125, 0x2125, 0x2125, 0x2125, 0x2125, 0x1905, 0x2125, 0x2125, 0x1925,
  0x2125, 0x2125, 0x2125, 0x2125, 0x2125, 0x2125, 0x2125, 0x1905, 0x1905, 0x2105, 0x2105, 0x1905,
  0x1904, 0x1925, 0x1905, 0x1905, 0x2105, 0x2125, 0x2125, 0x1905, 0x2125, 0x1905, 0x1905, 0x1905,
  0x1905, 0x1925, 0x1905, 0x1905, 0x1905, 0x1905, 0x1905, 0x1905, 0x1905, 0x1905, 0x1905, 0x1904,
  0x1905, 0x1905, 0x1905, 0x1925, 0x2125, 0x1905, 0x1925, 0x1905, 0x1905, 0x2125, 0x1905, 0x1905,
  0x2125, 0x1905, 0x18E4, 0x1905, 0x1905, 0x18E4, 0x1905, 0x1905, 0x18E4, 0x1905, 0x1905, 0x1905,
  0x1905, 0x1905, 0x1905, 0x18E4, 0x1905, 0x1905, 0x1905, 0x1905, 0x2105, 0x2125, 0x1905, 0x18E4,
  0x1905, 0x1905, 0x1905, 0x1904, 0x1905, 0x18E4, 0x2125, 0x1905, 0x1904, 0x18E4, 0x18E4, 0x1904,
  0x18E4, 0x18E4, 0x18E4, 0x10C4, 0x10C4, 0x10C4, 0x10C3, 0x10C3, 0x10C4, 0x0041, 0x2945, 0x73AF,
  0x422A, 0x10A3, 0x1905, 0x1905, 0x18E4, 0x10E4, 0x1965, 0x1965, 0x1965, 0x1965, 0x1965, 0x1965,
  0x1965, 0x1965, 0x1965, 0x1965, 0x1965, 0x1965, 0x1965, 0x1965, 0x1965, 0x1965, 0x1965, 0x1965,
  0x1985, 0x1965, 0x1985, 0x1965, 0x1965, 0x1965, 0x1965, 0x1966, 0x1985, 0x1985, 0x1985, 0x1985,
  0x1985, 0x1986, 0x1985, 0x1986, 0x1986, 0x1986, 0x1986, 0x1986, 0x1986, 0x1986, 0x1986, 0x1986,
  0x1965, 0x1965, 0x1985, 0x1985, 0x1986, 0x1986, 0x1986, 0x1986, 0x1986, 0x1986, 0x1986, 0x1985,
  0x1965, 0x1965, 0x1965, 0x1965, 0x1965, 0x1965, 0x1965, 0x1965, 0x1965, 0x1965, 0x1965, 0x1985,
  0x1965, 0x1965, 0x1965, 0x1965, 0x1965, 0x1965, 0x1965, 0x1965, 0x1965, 0x1965, 0x1965, 0x1965,
  0x1965, 0x1965, 0x1965, 0x1965, 0x1965, 0x1965, 0x1965, 0x1925, 0x1905, 0x1905, 0x2126, 0x1905,
  0x1905, 0x422A, 0x3A09, 0x1082, 0x10A3, 0x18E4, 0x10C4, 0x10C4, 0x10C4, 0x18E4, 0x18E4, 0x18E4,
  0x18E4, 0x1905, 0x1904, 0x1905, 0x18E4, 0x18E4, 0x1905, 0x2125, 0x2105, 0x1905, 0x2125, 0x1905,
  0x2105, 0x2125, 0x2146, 0x2125, 0x2125, 0x2125, 0x2125, 0x1905, 0x1905, 0x1905, 0x1905, 0x2125,
  0x2125, 0x1904, 0x1905, 0x1905, 0x1905, 0x2125, 0x1905, 0x1905, 0x2125, 0x2105, 0x1905, 0x2125,
  0x2125, 0x1905, 0x2125, 0x2105, 0x2126, 0x2125, 0x1905, 0x2125, 0x2125, 0x1905, 0x1905, 0x2125,
  0x1905, 0x18E4, 0x1905, 0x1905, 0x1905, 0x1905, 0x1905, 0x2125, 0x1905, 0x18E4, 0x1905, 0x1905,
  0x1905, 0x1905, 0x1904, 0x1905, 0x1905, 0x1905, 0x1905, 0x2125, 0x1905, 0x1905, 0x18E4, 0x18E4,
  0x1905, 0x1905, 0x1905, 0x1905, 0x1905, 0x1905, 0x2125, 0x2125, 0x2125, 0x1905, 0x2125, 0x1905,
  0x1905, 0x1905, 0x1905, 0x18E4, 0x1905, 0x1905, 0x1905, 0x18E4, 0x1904, 0x1904, 0x1905, 0x1905,
  0x1905, 0x1905, 0x1905, 0x1905, 0x1905, 0x18E4, 0x1905, 0x1925, 0x1905, 0x1905, 0x2105, 0x1905,
  0x1905, 0x18E4, 0x18E4, 0x1905, 0x1905, 0x1905, 0x18E4, 0x18E4, 0x18E4, 0x18E4, 0x18E4, 0x18E4,
  0x18E4, 0x18E4, 0x10C4, 0x10C4, 0x10C4, 0x10A3, 0x10C4, 0x1083, 0x0021, 0x4209, 0x6B8F, 0x2987,
  0x10C4, 0x1905, 0x18E4, 0x10C4, 0x1104, 0x1965, 0x1965, 0x1965, 0x1965, 0x1965, 0x1965, 0x1965,
  0x1965, 0x1965, 0x1985, 0x1966, 0x1965, 0x1965, 0x1965, 0x1965, 0x1965, 0x1965, 0x1965, 0x1985,
  0x1985, 0x1966, 0x1965, 0x1965, 0x1965, 0x1965, 0x1965, 0x1965, 0x1985, 0x1986, 0x1986, 0x1986,
  0x1986, 0x1986, 0x1986, 0x1986, 0x1986, 0x1986, 0x1986, 0x1986, 0x1986, 0x1986, 0x1986, 0x1986,
  0x1965, 0x1965, 0x1965, 0x1985, 0x1986, 0x1986, 0x1986, 0x1986, 0x1986, 0x1986, 0x1985, 0x1985,
  0x1985, 0x1965, 0x1965, 0x1965, 0x1965, 0x1965, 0x1965, 0x1965, 0x1965, 0x1965, 0x1965, 0x1965,
  0x1965, 0x1965, 0x1965, 0x1965, 0x1965, 0x1965, 0x1965, 0x1965, 0x1965, 0x1965, 0x1965, 0x1965,
  0x1965, 0x1965, 0x1965, 0x1965, 0x1965, 0x1965, 0x1965, 0x1965, 0x1945, 0x1905, 0x1905, 0x1905,
  0x2125, 0x1905, 0x31A8, 0x4A8B, 0x2105, 0x0862, 0x10C4, 0x10C4, 0x10C4, 0x10C4, 0x18E4, 0x18E4,
  0x18E4, 0x18E4, 0x18E4, 0x18E4, 0x18E4, 0x1904, 0x18E4, 0x1904, 0x1905, 0x2125, 0x2105, 0x1904,
  0x2125, 0x2125, 0x2125, 0x2125, 0x1905, 0x1905, 0x2125, 0x2146, 0x2125, 0x2125, 0x2125, 0x2125,
  0x1925, 0x1905, 0x1905, 0x2125, 0x2125, 0x2125, 0x2125, 0x2125, 0x2125, 0x2145, 0x2125, 0x1904,
  0x1905, 0x2125, 0x2125, 0x2125, 0x1905, 0x1905, 0x2125, 0x18E4, 0x1905, 0x1905, 0x2125, 0x2125,
  0x1905, 0x1904, 0x1905, 0x2125, 0x1905, 0x1905, 0x1904, 0x1904, 0x18E4, 0x1905, 0x1905, 0x1905,
  0x1905, 0x1905, 0x1905, 0x1905, 0x1905, 0x1905, 0x1905, 0x1905, 0x18E4, 0x1905, 0x18E4, 0x1905,
  0x1905, 0x18E4, 0x1905, 0x1905, 0x1905, 0x2125, 0x1905, 0x1905, 0x1905, 0x1925, 0x1905, 0x18E4,
  0x1904, 0x1905, 0x1905, 0x1905, 0x1905, 0x1905, 0x1925, 0x2125, 0x1905, 0x2125, 0x1905, 0x1904,
  0x1905, 0x1905, 0x18E5, 0x18E4, 0x18E4, 0x1905, 0x1905, 0x2125, 0x1905, 0x1905, 0x1905, 0x18E4,
  0x1905, 0x1905, 0x18E4, 0x18E4, 0x1904, 0x18E4, 0x18E4, 0x1905, 0x1904, 0x18E4, 0x18E4, 0x18E4,
  0x18E4, 0x10C4, 0x10C4, 0x10C3, 0x10C3, 0x10C4, 0x0842, 0x10A3, 0x630D, 0x5B0D, 0x18E4, 0x18E4,
  0x1905, 0x18E4, 0x10C4, 0x1104, 0x1965, 0x1965, 0x1965, 0x1965, 0x1965, 0x1965, 0x1965, 0x1965,
  0x1965, 0x1965, 0x1985, 0x1965, 0x1965, 0x1965, 0x1965, 0x1965, 0x1965, 0x1965, 0x1965, 0x1965,
  0x1965, 0x1985, 0x1965, 0x1965, 0x1965, 0x1965, 0x1965, 0x1965, 0x1985, 0x1985, 0x1986, 0x1985,
  0x1986, 0x1986, 0x1986, 0x1986, 0x1986, 0x1986, 0x1986, 0x1986, 0x1986, 0x1986, 0x1986, 0x1985,
  0x1965, 0x1965, 0x1985, 0x1986, 0x1985, 0x1985, 0x1986, 0x1986, 0x1986, 0x1986, 0x1986, 0x1986,
  0x1985, 0x1965, 0x1965, 0x1965, 0x1965, 0x1985, 0x1965, 0x1965, 0x1965, 0x1965, 0x1965, 0x1965,
  0x1965, 0x1965, 0x1965, 0x1965, 0x1965, 0x1965, 0x1965, 0x1965, 0x1965, 0x1965, 0x1965, 0x1965,
  0x1965, 0x1965, 0x1965, 0x1965, 0x1965, 0x1965, 0x1965, 0x1965, 0x1965, 0x1965, 0x1925, 0x1905,
  0x2125, 0x2146, 0x1905, 0x2967, 0x4A8C, 0x39C8, 0x0882, 0x10A3, 0x18E4, 0x10C4, 0x10C4, 0x18C4,
  0x10C4, 0x10E4, 0x18E4, 0x18E4, 0x18E4, 0x18E4, 0x1904, 0x18E4, 0x18E4, 0x1904, 0x1905, 0x1905,
  0x1905, 0x1905, 0x2125, 0x2125, 0x2125, 0x1905, 0x2125, 0x2125, 0x2125, 0x2125, 0x1905, 0x1905,
  0x1905, 0x2125, 0x2125, 0x2125, 0x2125, 0x1905, 0x1905, 0x1905, 0x1905, 0x1905, 0x2105, 0x2125,
  0x1905, 0x2125, 0x2125, 0x1905, 0x1905, 0x1905, 0x1905, 0x1905, 0x18E4, 0x18E4, 0x1904, 0x1905,
  0x1905, 0x1905, 0x2125, 0x1905, 0x1904, 0x1905, 0x1904, 0x1905, 0x1905, 0x18E4, 0x18E4, 0x18E4,
  0x1905, 0x1905, 0x1905, 0x1905, 0x1904, 0x1905, 0x1905, 0x18E4, 0x1905, 0x1905, 0x18E4, 0x18E5,
  0x1905, 0x18E4, 0x1904, 0x1905, 0x1905, 0x1905, 0x1905, 0x1905, 0x1905, 0x1905, 0x18E4, 0x1904,
  0x1905, 0x1905, 0x1905, 0x2125, 0x1905, 0x18E4, 0x2125, 0x1905, 0x1905, 0x1905, 0x2105, 0x1904,
  0x1905, 0x1904, 0x1905, 0x2125, 0x1905, 0x1905, 0x1905, 0x2125, 0x1925, 0x1904, 0x1905, 0x1905,
  0x1905, 0x18E4, 0x1925, 0x1905, 0x18E4, 0x18E4, 0x1905, 0x18E4, 0x18E4, 0x18E4, 0x18E4, 0x10C4,
  0x10C4, 0x10C4, 0x10C4, 0x10C4, 0x10A3, 0x0021, 0x2986, 0x73AF, 0x424A, 0x10C4, 0x1905, 0x1905,
  0x18E4, 0x10E4, 0x1125, 0x1965, 0x1965, 0x1965, 0x1965, 0x1965, 0x1965, 0x1965, 0x1985, 0x1985,
  0x1965, 0x1965, 0x1965, 0x1965, 0x1965, 0x1965, 0x1965, 0x1965, 0x1965, 0x1965, 0x1965, 0x1965,
  0x1965, 0x1985, 0x1965, 0x1965, 0x1965, 0x1965, 0x1965, 0x1965, 0x1985, 0x1985, 0x1985, 0x1985,
  0x1986, 0x1985, 0x1986, 0x1986, 0x1986, 0x1986, 0x1986, 0x1986, 0x1986, 0x1986, 0x1986, 0x1986,
  0x1965, 0x1965, 0x1965, 0x1985, 0x1985, 0x1985, 0x1985, 0x1986, 0x1986, 0x1986, 0x1986, 0x1986,
  0x1985, 0x1965, 0x1965, 0x1965, 0x1965, 0x1965, 0x1965, 0x1965, 0x1965, 0x1965, 0x1965, 0x1965,
  0x1965, 0x1965, 0x1965, 0x1965, 0x1965, 0x1965, 0x1965, 0x1965, 0x1965, 0x1965, 0x1965, 0x1965,
  0x1965, 0x1965, 0x1965, 0x1965, 0x1965, 0x1965, 0x1965, 0x1965, 0x1965, 0x1965, 0x1965, 0x1945,
  0x1925, 0x2125, 0x2146, 0x1925, 0x1905, 0x422A, 0x4A6B, 0x18E4, 0x0862, 0x10C4, 0x10C4, 0x10C4,
  0x10C4, 0x10C4, 0x10C4, 0x10C4, 0x10C4, 0x18E4, 0x18E4, 0x1904, 0x18E4, 0x1904, 0x1904, 0x1905,
  0x2125, 0x2125, 0x2125, 0x1905, 0x2125, 0x1905, 0x2125, 0x1905, 0x1905, 0x1905, 0x1905, 0x1905,
  0x1905, 0x1905, 0x1905, 0x1905, 0x1905, 0x1925, 0x1905, 0x1905, 0x1905, 0x2105, 0x1905, 0x2125,
  0x2125, 0x2125, 0x2125, 0x2125, 0x2125, 0x2125, 0x1905, 0x18E4, 0x18E5, 0x18E5, 0x1905, 0x2125,
  0x1905, 0x1904, 0x1905, 0x1905, 0x1905, 0x1905, 0x1905, 0x1904, 0x18E4, 0x1905, 0x1905, 0x1905,
  0x1905, 0x1905, 0x1905, 0x1905, 0x1905, 0x1905, 0x1905, 0x1905, 0x18E4, 0x1905, 0x1905, 0x1905,
  0x18E4, 0x1905, 0x1905, 0x2125, 0x1905, 0x1905, 0x1905, 0x1905, 0x1905, 0x1904, 0x1904, 0x1905,
  0x2125, 0x1905, 0x1905, 0x1904, 0x1905, 0x1904, 0x18E4, 0x1905, 0x1905, 0x2125, 0x1905, 0x1905,
  0x1905, 0x1905, 0x1905, 0x1905, 0x1904, 0x2105, 0x1905, 0x18E4, 0x1905, 0x2125, 0x1905, 0x1904,
  0x1904, 0x18E4, 0x1904, 0x18E4, 0x1905, 0x1904, 0x18E4, 0x18E4, 0x10E4, 0x10C4, 0x10C4, 0x10C4,
  0x10C4, 0x10C4, 0x10C4, 0x0862, 0x1082, 0x52AB, 0x632E, 0x2146, 0x10C4, 0x2125, 0x1905, 0x18E4,
  0x1104, 0x1965, 0x1985, 0x1965, 0x1965, 0x1965, 0x1965, 0x1965, 0x1965, 0x1985, 0x1985, 0x1985,
  0x1965, 0x1965, 0x1965, 0x1965, 0x1965, 0x1965, 0x1965, 0x1965, 0x1965, 0x1965, 0x1965, 0x1965,
  0x1965, 0x1965, 0x1965, 0x1965, 0x1965, 0x1965, 0x1965, 0x1965, 0x1965, 0x1985, 0x1985, 0x1985,
  0x1986, 0x1985, 0x1985, 0x1985, 0x1986, 0x1986, 0x1986, 0x1986, 0x1986, 0x1986, 0x1986, 0x1986,
  0x1965, 0x1965, 0x1965, 0x1965, 0x1985, 0x1985, 0x1985, 0x1986, 0x1986, 0x1986, 0x1986, 0x1986,
  0x1986, 0x1965, 0x1965, 0x1965, 0x1965, 0x1965, 0x1965, 0x1965, 0x1965, 0x1965, 0x1965, 0x1965,
  0x1965, 0x1965, 0x1965, 0x1965, 0x1965, 0x1965, 0x1965, 0x1965, 0x1965, 0x1965, 0x1965, 0x1965,
  0x1965, 0x1985, 0x1985, 0x1986, 0x1985, 0x1985, 0x1965, 0x1965, 0x1965, 0x1965, 0x1965, 0x1965,
  0x1945, 0x1925, 0x2125, 0x2125, 0x2126, 0x1905, 0x2967, 0x4A6B, 0x31C8, 0x0882, 0x10A3, 0x10C4,
  0x10C3, 0x10C3, 0x10C4, 0x10C4, 0x10C4, 0x10C4, 0x18E4, 0x18E4, 0x1904, 0x18E4, 0x18E4, 0x18E4,
  0x1905, 0x1905, 0x1905, 0x1905, 0x1905, 0x1905, 0x1905, 0x1905, 0x1905, 0x1905, 0x1905, 0x2125,
  0x1905, 0x1905, 0x1905, 0x18E5, 0x18E4, 0x1905, 0x1905, 0x1905, 0x1905, 0x1905, 0x1904, 0x2105,
  0x1905, 0x1905, 0x2125, 0x2125, 0x1905, 0x1905, 0x1905, 0x1905, 0x2105, 0x1905, 0x1905, 0x1905,
  0x1905, 0x1905, 0x1905, 0x1905, 0x1904, 0x1904, 0x1905, 0x1905, 0x1905, 0x1905, 0x1905, 0x2125,
  0x2125, 0x2125, 0x1905, 0x2125, 0x1905, 0x1904, 0x1905, 0x1905, 0x1904, 0x1905, 0x1905, 0x1905,
  0x1905, 0x2105, 0x2105, 0x1925, 0x1905, 0x1905, 0x18E4, 0x1905, 0x1905, 0x1904, 0x1904, 0x1905,
  0x1905, 0x1905, 0x18E4, 0x18E4, 0x1905, 0x1904, 0x1904, 0x1904, 0x1905, 0x1905, 0x1905, 0x1905,
  0x1905, 0x1905, 0x1905, 0x1904, 0x1905, 0x1905, 0x1904, 0x2125, 0x2125, 0x1905, 0x1905, 0x1904,
  0x18E4, 0x1905, 0x1904, 0x1905, 0x1905, 0x18E4, 0x18E4, 0x18E4, 0x10C4, 0x10C4, 0x10C4, 0x10A3,
  0x10C4, 0x0883, 0x0041, 0x31A7, 0x6B6E, 0x4A8B, 0x10C4, 0x18E5, 0x1905, 0x18E4, 0x10E4, 0x1925,
  0x1965, 0x1965, 0x1965, 0x1965, 0x1965, 0x1965, 0x1965, 0x1965, 0x1965, 0x1965, 0x1985, 0x1965,
  0x1965, 0x1965, 0x1965, 0x1965, 0x1965, 0x1965, 0x1965, 0x1965, 0x1965, 0x1965, 0x1965, 0x1965,
  0x1965, 0x1965, 0x1965, 0x1965, 0x1965, 0x1965, 0x1965, 0x1965, 0x1965, 0x1985, 0x1986, 0x1985,
  0x1986, 0x1985, 0x1985, 0x1985, 0x1985, 0x1986, 0x1986, 0x1986, 0x1986, 0x1986, 0x1986, 0x1986,
  0x1965, 0x1985, 0x1985, 0x1985, 0x1985, 0x1985, 0x1986, 0x1986, 0x1986, 0x1986, 0x1986, 0x1986,
  0x1985, 0x1985, 0x1965, 0x1965, 0x1965, 0x1965, 0x1965, 0x1965, 0x1965, 0x1965, 0x1965, 0x1965,
  0x1965, 0x1965, 0x1965, 0x1965, 0x1965, 0x1965, 0x1965, 0x1985, 0x1965, 0x1965, 0x1965, 0x1985,
  0x1965, 0x1985, 0x1966, 0x1985, 0x1985, 0x1985, 0x1965, 0x1965, 0x1965, 0x1965, 0x1965, 0x1965,
  0x1965, 0x1945, 0x1925, 0x1925, 0x2125, 0x2125, 0x1905, 0x1905, 0x3A2A, 0x4A8B, 0x1905, 0x0862,
  0x10A3, 0x10C4, 0x10C4, 0x10C4, 0x10C4, 0x10E4, 0x18E4, 0x18E4, 0x18E4, 0x18E4, 0x1905, 0x18E4,
  0x18E4, 0x18E4, 0x1905, 0x1905, 0x1905, 0x1905, 0x1905, 0x1905, 0x1905, 0x1905, 0x1905, 0x1905,
  0x1905, 0x1905, 0x1905, 0x1905, 0x1905, 0x1905, 0x1905, 0x1905, 0x1905, 0x1905, 0x18E4, 0x1905,
  0x1905, 0x1905, 0x1905, 0x1905, 0x1905, 0x1905, 0x1905, 0x1905, 0x1905, 0x1905, 0x1905, 0x1905,
  0x18E4, 0x1905, 0x1904, 0x1905, 0x1905, 0x1904, 0x1905, 0x1905, 0x1905, 0x1905, 0x1905, 0x1904,
  0x18E4, 0x1905, 0x1904, 0x1904, 0x1905, 0x1905, 0x18E4, 0x1905, 0x1905, 0x1905, 0x18E4, 0x1904,
  0x1904, 0x1905, 0x1905, 0x1905, 0x1905, 0x1905, 0x1905, 0x1905, 0x1905, 0x1905, 0x1904, 0x1905,
  0x2125, 0x1905, 0x1905, 0x2125, 0x1905, 0x1905, 0x1904, 0x18E4, 0x1905, 0x1905, 0x1904, 0x1905,
  0x1904, 0x1905, 0x1905, 0x1905, 0x18E4, 0x2125, 0x2125, 0x10C4, 0x18E4, 0x2125, 0x18E4, 0x1904,
  0x1905, 0x18E5, 0x1905, 0x18E4, 0x10E4, 0x18E4, 0x10C4, 0x10C4, 0x10C4, 0x10C4, 0x10C4, 0x10C3,
  0x0041, 0x10A3, 0x5ACC, 0x6B6F, 0x2967, 0x10A4, 0x1905, 0x1905, 0x18E4, 0x10E4, 0x1945, 0x1986,
  0x1965, 0x1965, 0x1965, 0x1965, 0x1965, 0x1965, 0x1965, 0x1965, 0x1965, 0x1965, 0x1965, 0x1965,
  0x1965, 0x1965, 0x1965, 0x1965, 0x1965, 0x1965, 0x1965, 0x1965, 0x1965, 0x1965, 0x1965, 0x1965,
  0x1965, 0x1965, 0x1965, 0x1965, 0x1965, 0x1965, 0x1965, 0x1985, 0x1985, 0x1985, 0x1985, 0x1985,
  0x1985, 0x1985, 0x1985, 0x1985, 0x1985, 0x1986, 0x1986, 0x1986, 0x1986, 0x1986, 0x1986, 0x1986,
  0x1985, 0x1985, 0x1985, 0x1985, 0x1985, 0x1985, 0x1985, 0x1985, 0x1986, 0x1986, 0x1986, 0x1985,
  0x1965, 0x1965, 0x1965, 0x1965, 0x1965, 0x1965, 0x1965, 0x1965, 0x1965, 0x1965, 0x1965, 0x1965,
  0x1965, 0x1965, 0x1965, 0x1965, 0x1965, 0x1965, 0x1965, 0x1965, 0x1965, 0x1965, 0x1965, 0x1965,
  0x1966, 0x1985, 0x1986, 0x1985, 0x1986, 0x1985, 0x1985, 0x1985, 0x1965, 0x1965, 0x1965, 0x1965,
  0x1965, 0x1965, 0x1945, 0x1925, 0x2125, 0x2125, 0x2125, 0x2125, 0x18E4, 0x2166, 0x424B, 0x3A09,
  0x10A3, 0x0862, 0x10C4, 0x10C4, 0x10C4, 0x10C4, 0x18E4, 0x18E4, 0x18E4, 0x18E4, 0x18E4, 0x1905,
  0x1905, 0x18E5, 0x18E4, 0x1904, 0x2125, 0x1904, 0x18E4, 0x1905, 0x1905, 0x1905, 0x1905, 0x18E4,
  0x18E4, 0x18E4, 0x1905, 0x18E4, 0x1905, 0x1905, 0x1904, 0x1904, 0x1904, 0x1905, 0x1905, 0x1925,
  0x1905, 0x1905, 0x1904, 0x1905, 0x1905, 0x1905, 0x1905, 0x18E4, 0x1905, 0x1905, 0x1905, 0x18E4,
  0x2105, 0x1905, 0x1905, 0x1904, 0x18E4, 0x1904, 0x1905, 0x18E5, 0x18E5, 0x1905, 0x1905, 0x1905,
  0x1905, 0x1905, 0x1905, 0x1905, 0x1905, 0x1905, 0x1905, 0x1905, 0x1904, 0x1904, 0x1904, 0x1904,
  0x1904, 0x18E4, 0x1905, 0x1905, 0x1905, 0x1905, 0x1905, 0x1905, 0x1905, 0x1904, 0x1904, 0x1904,
  0x1905, 0x1905, 0x1905, 0x2125, 0x1905, 0x1905, 0x1905, 0x1905, 0x1905, 0x1905, 0x1905, 0x18E4,
  0x1905, 0x1905, 0x1905, 0x18E4, 0x1905, 0x1905, 0x10E4, 0x18E4, 0x18E4, 0x18E4, 0x1904, 0x1905,
  0x18E4, 0x18E4, 0x18E5, 0x18E4, 0x10E4, 0x10C4, 0x10C4, 0x10C4, 0x10C4, 0x10C4, 0x0862, 0x0041,
  0x39E8, 0x6B6E, 0x422A, 0x10C4, 0x18E5, 0x1905, 0x18E5, 0x10E4, 0x1104, 0x1965, 0x1986, 0x1965,
  0x1965, 0x1965, 0x1965, 0x1986, 0x1986, 0x1965, 0x1965, 0x1965, 0x1965, 0x1965, 0x1965, 0x1965,
  0x1965, 0x1965, 0x1965, 0x1965, 0x1965, 0x1965, 0x1965, 0x1985, 0x1985, 0x1985, 0x1985, 0x1965,
  0x1965, 0x1965, 0x1965, 0x1965, 0x1965, 0x1965, 0x1965, 0x1965, 0x1985, 0x1986, 0x1986, 0x1985,
  0x1985, 0x1985, 0x1985, 0x1985, 0x1985, 0x1985, 0x1985, 0x1986, 0x1986, 0x1985, 0x1986, 0x1986,
  0x1985, 0x1985, 0x1985, 0x1985, 0x1985, 0x1985, 0x1985, 0x1985, 0x1985, 0x1985, 0x1986, 0x1986,
  0x1965, 0x1965, 0x1965, 0x1965, 0x1965, 0x1965, 0x1965, 0x1965, 0x1965, 0x1965, 0x1965, 0x1965,
  0x1965, 0x1965, 0x1965, 0x1965, 0x1965, 0x1965, 0x1965, 0x1965, 0x1965, 0x1965, 0x1965, 0x1965,
  0x1965, 0x1965, 0x1965, 0x1985, 0x1986, 0x1986, 0x1985, 0x1986, 0x1985, 0x1965, 0x1965, 0x1965,
  0x1965, 0x1965, 0x1965, 0x1965, 0x1945, 0x1925, 0x2125, 0x2125, 0x1925, 0x1905, 0x18E5, 0x31C8,
  0x4A8B, 0x2987, 0x0882, 0x0883, 0x10C4, 0x10C4, 0x10C4, 0x10C4, 0x10C4, 0x18E4, 0x18E4, 0x18E4,
  0x18E4, 0x18E4, 0x1904, 0x1904, 0x1904, 0x1905, 0x1904, 0x18E4, 0x18E4, 0x18E4, 0x18E4, 0x1905,
  0x1905, 0x1905, 0x18E4, 0x1905, 0x1904, 0x2125, 0x2125, 0x1905, 0x18E4, 0x18E4, 0x1905, 0x1904,
  0x18E4, 0x1905, 0x1905, 0x1905, 0x1905, 0x1905, 0x1905, 0x1905, 0x2105, 0x1904, 0x1904, 0x1905,
  0x1904, 0x18E4, 0x18E4, 0x1905, 0x1905, 0x18E4, 0x18E4, 0x18E4, 0x1905, 0x1905, 0x18E4, 0x18E4,
  0x1904, 0x1905, 0x1905, 0x1905, 0x1905, 0x1904, 0x1905, 0x1905, 0x18E4, 0x18E4, 0x1904, 0x1904,
  0x1905, 0x1904, 0x1905, 0x1904, 0x1904, 0x2125, 0x1905, 0x2125, 0x1905, 0x1904, 0x1905, 0x1904,
  0x2125, 0x2125, 0x1905, 0x1905, 0x1905, 0x18E4, 0x1905, 0x1905, 0x1905, 0x1905, 0x1905, 0x1905,
  0x18E4, 0x1905, 0x1905, 0x1904, 0x18E4, 0x10C4, 0x1905, 0x1904, 0x18E4, 0x18E4, 0x1904, 0x18E4,
  0x18E4, 0x18E4, 0x10C4, 0x18E4, 0x10C4, 0x10C3, 0x10C3, 0x10C4, 0x0883, 0x0041, 0x2966, 0x634D,
  0x5ACC, 0x1925, 0x10C4, 0x1905, 0x1905, 0x18E4, 0x10E4, 0x1925, 0x1986, 0x1985, 0x1965, 0x1965,
  0x1965, 0x1965, 0x1985, 0x1985, 0x1985, 0x1965, 0x1965, 0x1965, 0x1965, 0x1965, 0x1965, 0x1965,
  0x1965, 0x1965, 0x1965, 0x1965, 0x1965, 0x1965, 0x1965, 0x1985, 0x1985, 0x1986, 0x1985, 0x1965,
  0x1965, 0x1965, 0x1965, 0x1965, 0x1965, 0x1965, 0x1965, 0x1965, 0x1985, 0x1985, 0x1985, 0x1985,
  0x1985, 0x1985, 0x1985, 0x1985, 0x1985, 0x1985, 0x1986, 0x1986, 0x1986, 0x1986, 0x1986, 0x1986,
  0x1985, 0x1965, 0x1965, 0x1985, 0x1985, 0x1985, 0x1985, 0x1986, 0x1986, 0x1986, 0x1985, 0x1986,
  0x1985, 0x1965, 0x1965, 0x1965, 0x1965, 0x1965, 0x1965, 0x1965, 0x1965, 0x1965, 0x1965, 0x1965,
  0x1965, 0x1965, 0x1965, 0x1965, 0x1965, 0x1965, 0x1965, 0x1965, 0x1965, 0x1965, 0x1965, 0x1965,
  0x1985, 0x1985, 0x1965, 0x1985, 0x1985, 0x1986, 0x1986, 0x1985, 0x1985, 0x1985, 0x1965, 0x1965,
  0x1965, 0x1965, 0x1965, 0x1965, 0x1965, 0x1945, 0x1925, 0x1925, 0x2125, 0x1925, 0x1905, 0x18E5,
  0x2126, 0x424B, 0x4A8B, 0x2125, 0x0862, 0x10A3, 0x10C4, 0x10C4, 0x10C4, 0x10C4, 0x10C4, 0x10E4,
  0x10C4, 0x18E4, 0x18E4, 0x18E4, 0x1904, 0x18E4, 0x18E4, 0x18E4, 0x18E4, 0x18E4, 0x18E4, 0x18E4,
  0x18E4, 0x18E4, 0x18E4, 0x1905, 0x1905, 0x1904, 0x1905, 0x1904, 0x18E4, 0x18E4, 0x1905, 0x1905,
  0x1904, 0x1904, 0x18E4, 0x18E4, 0x18E4, 0x18E4, 0x1905, 0x1905, 0x1905, 0x1905, 0x1905, 0x1904,
  0x18E4, 0x1905, 0x1905, 0x18E4, 0x1905, 0x1905, 0x18E4, 0x18E4, 0x1905, 0x1904, 0x18E4, 0x1905,
  0x1905, 0x1904, 0x1905, 0x18E4, 0x1905, 0x1905, 0x1905, 0x1905, 0x1905, 0x1904, 0x18E4, 0x18E4,
  0x18E4, 0x18E4, 0x1904, 0x1904, 0x1905, 0x1925, 0x2125, 0x18E4, 0x1905, 0x1905, 0x1904, 0x1905,
  0x2125, 0x1905, 0x18E5, 0x1904, 0x1905, 0x1905, 0x1905, 0x1904, 0x1905, 0x1905, 0x1905, 0x18E4,
  0x18E4, 0x1904, 0x18E4, 0x18E4, 0x18E4, 0x18E4, 0x18E4, 0x18E4, 0x1904, 0x18E4, 0x10E4, 0x10E4,
  0x18E4, 0x10C4, 0x10C4, 0x10C4, 0x10C3, 0x10C4, 0x10A3, 0x0021, 0x18C3, 0x52CB, 0x6B4E, 0x29A7,
  0x10A3, 0x1905, 0x1905, 0x18E5, 0x10E4, 0x1104, 0x1965, 0x1986, 0x1965, 0x1965, 0x1965, 0x1965,
  0x1965, 0x1965, 0x1985, 0x1985, 0x1985, 0x1965, 0x1965, 0x1965, 0x1965, 0x1965, 0x1965, 0x1965,
  0x1965, 0x1965, 0x1985, 0x1985, 0x1985, 0x1985, 0x1985, 0x1985, 0x1985, 0x1986, 0x1986, 0x1985,
  0x1965, 0x1965, 0x1965, 0x1965, 0x1965, 0x1965, 0x1965, 0x1965, 0x1965, 0x1965, 0x1985, 0x1985,
  0x1985, 0x1985, 0x1985, 0x1985, 0x1986, 0x1985, 0x1986, 0x1986, 0x1986, 0x1986, 0x1986, 0x1986,
  0x1985, 0x1965, 0x1965, 0x1965, 0x1985, 0x1985, 0x1986, 0x1986, 0x1986, 0x1986, 0x1986, 0x1985,
  0x1986, 0x1965, 0x1965, 0x1965, 0x1965, 0x1965, 0x1965, 0x1965, 0x1965, 0x1965, 0x1965, 0x1965,
  0x1965, 0x1965, 0x1965, 0x1965, 0x1965, 0x1965, 0x1965, 0x1965, 0x1965, 0x1965, 0x1965, 0x1965,
  0x1986, 0x1986, 0x1985, 0x1985, 0x1965, 0x1985, 0x1985, 0x1985, 0x1985, 0x1986, 0x1965, 0x1965,
  0x1965, 0x1965, 0x1965, 0x1965, 0x1965, 0x1965, 0x1965, 0x1145, 0x1925, 0x1905, 0x1905, 0x1905,
  0x1905, 0x18E4, 0x2967, 0x426B, 0x3A09, 0x1905, 0x0862, 0x10A3, 0x10C4, 0x10C4, 0x10C4, 0x10C4,
  0x10C4, 0x10C4, 0x18E4, 0x18E4, 0x10E4, 0x18E4, 0x18E4, 0x18E4, 0x18E4, 0x18E4, 0x18E4, 0x18E4,
  0x18E4, 0x18E4, 0x1905, 0x18E4, 0x1905, 0x1904, 0x1905, 0x1904, 0x1904, 0x1905, 0x1905, 0x18E4,
  0x18E4, 0x18E4, 0x18E4, 0x18E4, 0x1905, 0x1905, 0x1905, 0x1905, 0x1905, 0x1905, 0x1905, 0x18E4,
  0x1905, 0x1905, 0x1904, 0x1905, 0x1904, 0x18E4, 0x1905, 0x18E5, 0x18E4, 0x1905, 0x1905, 0x1905,
  0x1905, 0x1904, 0x18E4, 0x1905, 0x1905, 0x18E5, 0x1905, 0x1905, 0x18E5, 0x1905, 0x18E5, 0x18E4,
  0x18E4, 0x18E4, 0x1905, 0x1905, 0x1905, 0x1905, 0x1905, 0x18E4, 0x18E4, 0x18E5, 0x1905, 0x1905,
  0x1905, 0x1905, 0x18E4, 0x18E5, 0x18E4, 0x18E4, 0x1905, 0x1905, 0x1904, 0x1904, 0x1905, 0x18E4,
  0x1905, 0x18E4, 0x18E4, 0x18E4, 0x1905, 0x18E4, 0x18E4, 0x1904, 0x18E4, 0x18E4, 0x18E4, 0x10C4,
  0x10C4, 0x10C4, 0x10C3, 0x10C4, 0x10A3, 0x0041, 0x10A3, 0x4A4A, 0x632E, 0x3A09, 0x10C4, 0x10C4,
  0x1905, 0x18E5, 0x18E4, 0x10E4, 0x1125, 0x1985, 0x1986, 0x1965, 0x1965, 0x1965, 0x1965, 0x1965,
  0x1965, 0x1965, 0x1985, 0x1985, 0x1985, 0x1965, 0x1965, 0x1965, 0x1965, 0x1965, 0x1965, 0x1985,
  0x1985, 0x1985, 0x1985, 0x1986, 0x1986, 0x1985, 0x1985, 0x1965, 0x1965, 0x1985, 0x1986, 0x1985,
  0x1965, 0x1965, 0x1965, 0x1965, 0x1965, 0x1965, 0x1985, 0x1985, 0x1985, 0x1965, 0x1985, 0x1986,
  0x1986, 0x1985, 0x1985, 0x1985, 0x1985, 0x1985, 0x1985, 0x1986, 0x1986, 0x1986, 0x1986, 0x1986,
  0x1985, 0x1985, 0x1965, 0x1965, 0x1965, 0x1985, 0x1986, 0x1986, 0x1986, 0x1986, 0x1986, 0x1986,
  0x1986, 0x1985, 0x1965, 0x1965, 0x1965, 0x1965, 0x1965, 0x1965, 0x1965, 0x1965, 0x1965, 0x1965,
  0x1965, 0x1965, 0x1965, 0x1965, 0x1965, 0x1965, 0x1965, 0x1965, 0x1965, 0x1965, 0x1965, 0x1965,
  0x1986, 0x1985, 0x1985, 0x1985, 0x1985, 0x1985, 0x1985, 0x1985, 0x1985, 0x1985, 0x1985, 0x1965,
  0x1965, 0x1965, 0x1965, 0x1965, 0x1965, 0x1965, 0x1965, 0x1965, 0x1945, 0x1925, 0x1925, 0x1905,
  0x1905, 0x1925, 0x18E5, 0x18E5, 0x2987, 0x426A, 0x4229, 0x18E4, 0x0862, 0x10A3, 0x10C4, 0x10C4,
  0x10C4, 0x10C4, 0x10C4, 0x10C4, 0x18E4, 0x10E4, 0x10C4, 0x18E4, 0x18E4, 0x18E4, 0x18E4, 0x18E4,
  0x18E4, 0x1904, 0x18E4, 0x1905, 0x2125, 0x2125, 0x2125, 0x1904, 0x18E4, 0x1905, 0x1905, 0x1905,
  0x18E4, 0x18E4, 0x1904, 0x18E4, 0x1904, 0x1904, 0x1904, 0x1905, 0x1905, 0x1904, 0x1905, 0x1905,
  0x18E4, 0x1905, 0x18E4, 0x1904, 0x1905, 0x1905, 0x18E4, 0x18E4, 0x1905, 0x1905, 0x1905, 0x1905,
  0x1905, 0x1905, 0x1905, 0x1905, 0x18E5, 0x1905, 0x1905, 0x1905, 0x18E4, 0x1905, 0x1905, 0x1905,
  0x18E4, 0x1904, 0x18E4, 0x18E4, 0x1905, 0x18E4, 0x18E4, 0x1905, 0x1905, 0x18E4, 0x1904, 0x18E4,
  0x18E4, 0x18E4, 0x18E4, 0x18E4, 0x1904, 0x18E4, 0x1905, 0x1905, 0x1905, 0x18E4, 0x1905, 0x1904,
  0x18E4, 0x10C4, 0x1905, 0x18E4, 0x18E4, 0x18E4, 0x18E4, 0x10C4, 0x18E4, 0x18E4, 0x10C4, 0x10C3,
  0x10C4, 0x10C3, 0x10A3, 0x0041, 0x10A3, 0x424A, 0x634E, 0x4A6B, 0x1905, 0x10C4, 0x1905, 0x18E5,
  0x18C4, 0x10C4, 0x1104, 0x1965, 0x1985, 0x1965, 0x1965, 0x1965, 0x1965, 0x1965, 0x1965, 0x1965,
  0x1965, 0x1965, 0x1965, 0x1965, 0x1965, 0x1965, 0x1965, 0x1965, 0x1965, 0x1965, 0x1965, 0x1985,
  0x1985, 0x1985, 0x1985, 0x1985, 0x1965, 0x1965, 0x1965, 0x1965, 0x1965, 0x1985, 0x1985, 0x1985,
  0x1965, 0x1965, 0x1965, 0x1965, 0x1965, 0x1965, 0x1965, 0x1985, 0x1985, 0x1965, 0x1985, 0x1985,
  0x1985, 0x1985, 0x1985, 0x1985, 0x1986, 0x1986, 0x1986, 0x1986, 0x1986, 0x1986, 0x1986, 0x1986,
  0x1985, 0x1965, 0x1965, 0x1985, 0x1985, 0x1986, 0x1986, 0x1986, 0x1986, 0x1986, 0x1986, 0x1986,
  0x1985, 0x1985, 0x1965, 0x1965, 0x1965, 0x1965, 0x1965, 0x1965, 0x1965, 0x1965, 0x1965, 0x1965,
  0x1965, 0x1965, 0x1965, 0x1965, 0x1965, 0x1965, 0x1965, 0x1965, 0x1965, 0x1965, 0x1965, 0x1965,
  0x1986, 0x1966, 0x1985, 0x1985, 0x1985, 0x1985, 0x1985, 0x1985, 0x1986, 0x1986, 0x1985, 0x1965,
  0x1965, 0x1965, 0x1965, 0x1965, 0x1965, 0x1965, 0x1965, 0x1965, 0x1965, 0x1965, 0x1145, 0x1925,
  0x1905, 0x1905, 0x1905, 0x1905, 0x18E4, 0x18E4, 0x31A8, 0x4A6B, 0x3A09, 0x18E4, 0x0862, 0x10A3,
  0x10C4, 0x10C4, 0x10C3, 0x10C4, 0x10C4, 0x10C4, 0x10C4, 0x10C4, 0x10C4, 0x18E4, 0x18E4, 0x18E4,
  0x18E4, 0x18E4, 0x18E4, 0x1904, 0x1905, 0x1904, 0x1904, 0x1905, 0x1905, 0x18E4, 0x18E4, 0x18E4,
  0x18E4, 0x18E4, 0x18E4, 0x18E4, 0x18E4, 0x18E4, 0x1905, 0x18E4, 0x1905, 0x1905, 0x18E4, 0x18E4,
  0x1905, 0x18E4, 0x1905, 0x18E4, 0x18E4, 0x18E4, 0x18E4, 0x18E4, 0x18E4, 0x18E4, 0x18E4, 0x1905,
  0x18E4, 0x1904, 0x1905, 0x1905, 0x1905, 0x18E4, 0x18E4, 0x18E4, 0x1905, 0x1905, 0x18E4, 0x18E4,
  0x1905, 0x1905, 0x18E4, 0x18E4, 0x1905, 0x1905, 0x18E4, 0x18E4, 0x18E4, 0x18E4, 0x18E4, 0x1905,
  0x18E4, 0x18E4, 0x18E4, 0x18E5, 0x18E4, 0x1905, 0x1905, 0x1905, 0x18E4, 0x18E4, 0x18E4, 0x18E4,
  0x18E4, 0x1904, 0x18E4, 0x18E4, 0x10E4, 0x18E4, 0x10C4, 0x10C4, 0x10C4, 0x10C4, 0x10C4, 0x10C4,
  0x0883, 0x0041, 0x1082, 0x4229, 0x6B8F, 0x4A8B, 0x1905, 0x10C4, 0x18E5, 0x1905, 0x18E5, 0x10C4,
  0x10E4, 0x1945, 0x1985, 0x1965, 0x1965, 0x1965, 0x1965, 0x1965, 0x1965, 0x1965, 0x1965, 0x1965,
  0x1965, 0x1965, 0x1965, 0x1965, 0x1965, 0x1965, 0x1985, 0x1965, 0x1965, 0x1965, 0x1985, 0x1986,
  0x1985, 0x1985, 0x1986, 0x1986, 0x1965, 0x1965, 0x1965, 0x1965, 0x1965, 0x1965, 0x1965, 0x1965,
  0x1965, 0x1965, 0x1965, 0x1965, 0x1965, 0x1985, 0x1965, 0x1985, 0x1985, 0x1985, 0x1985, 0x1985,
  0x1985, 0x1985, 0x1986, 0x1986, 0x1986, 0x1986, 0x1986, 0x1986, 0x1986, 0x1986, 0x1986, 0x1986,
  0x1985, 0x1965, 0x1965, 0x1985, 0x1986, 0x1986, 0x1986, 0x1986, 0x1986, 0x1986, 0x1986, 0x1985,
  0x1985, 0x1985, 0x1965, 0x1965, 0x1965, 0x1965, 0x1965, 0x1965, 0x1965, 0x1965, 0x1965, 0x1965,
  0x1965, 0x1965, 0x1965, 0x1965, 0x1965, 0x1965, 0x1965, 0x1965, 0x1965, 0x1965, 0x1965, 0x1985,
  0x1986, 0x1985, 0x1985, 0x1986, 0x1985, 0x1985, 0x1985, 0x1985, 0x1985, 0x1985, 0x1986, 0x1985,
  0x1985, 0x1965, 0x1965, 0x1965, 0x1965, 0x1965, 0x1965, 0x1965, 0x1965, 0x1965, 0x1965, 0x1965,
  0x1945, 0x1104, 0x18E4, 0x18E5, 0x1905, 0x2125, 0x18E4, 0x1905, 0x31A7, 0x424A, 0x3A09, 0x1905,
  0x0862, 0x0882, 0x10C3, 0x10C3, 0x10C3, 0x10C3, 0x10C3, 0x10C3, 0x10C4, 0x10C4, 0x10C4, 0x10E4,
  0x18E4, 0x18E4, 0x18E4, 0x18E4, 0x18E4, 0x1904, 0x1904, 0x1904, 0x18E4, 0x1904, 0x1905, 0x1905,
  0x18E4, 0x18E4, 0x18E4, 0x18E4, 0x18E4, 0x1905, 0x1904, 0x1905, 0x18E4, 0x18E4, 0x18E4, 0x18E4,
  0x18E4, 0x1905, 0x18E4, 0x18E4, 0x10C4, 0x18E4, 0x18E4, 0x18E4, 0x18E4, 0x1904, 0x18E4, 0x18E4,
  0x18E4, 0x10C4, 0x18E4, 0x18E4, 0x18E4, 0x18E4, 0x18E4, 0x1905, 0x18E4, 0x1905, 0x18E4, 0x18E4,
  0x1904, 0x18E4, 0x18E4, 0x18E4, 0x1904, 0x18E4, 0x18E4, 0x18E4, 0x18E4, 0x10E4, 0x1905, 0x1904,
  0x18E4, 0x1904, 0x18E4, 0x18E4, 0x18E4, 0x18E4, 0x1904, 0x18E4, 0x18E4, 0x1905, 0x18E4, 0x18E4,
  0x18E4, 0x10C4, 0x10E4, 0x10C4, 0x10C3, 0x10C4, 0x10C3, 0x10C3, 0x10C3, 0x10C4, 0x0883, 0x0041,
  0x10C3, 0x4229, 0x630D, 0x4A8B, 0x2125, 0x10C4, 0x1905, 0x1905, 0x18E5, 0x10C4, 0x10E4, 0x1124,
  0x1965, 0x1985, 0x1965, 0x1965, 0x1965, 0x1965, 0x1965, 0x1965, 0x1965, 0x1965, 0x1965, 0x1965,
  0x1965, 0x1965, 0x1965, 0x1965, 0x1965, 0x1965, 0x1965, 0x1985, 0x1965, 0x1985, 0x1985, 0x1985,
  0x1986, 0x1986, 0x1985, 0x1985, 0x1965, 0x1965, 0x1965, 0x1965, 0x1965, 0x1965, 0x1965, 0x1965,
  0x1965, 0x1965, 0x1965, 0x1965, 0x1965, 0x1985, 0x1985, 0x1965, 0x1985, 0x1986, 0x1985, 0x1985,
  0x1985, 0x1985, 0x1985, 0x1986, 0x1986, 0x1986, 0x1986, 0x1986, 0x1986, 0x1986, 0x1986, 0x1986,
  0x1985, 0x1965, 0x1985, 0x1985, 0x1986, 0x1986, 0x1986, 0x1986, 0x1985, 0x1965, 0x1985, 0x1985,
  0x1985, 0x1985, 0x1965, 0x1965, 0x1965, 0x1965, 0x1965, 0x1965, 0x1965, 0x1965, 0x1965, 0x1965,
  0x1965, 0x1965, 0x1965, 0x1965, 0x1965, 0x1965, 0x1965, 0x1965, 0x1965, 0x1985, 0x1965, 0x1985,
  0x1986, 0x1986, 0x1985, 0x1986, 0x1985, 0x1985, 0x1965, 0x1985, 0x1985, 0x1986, 0x1986, 0x1985,
  0x1985, 0x1985, 0x1965, 0x1965, 0x1965, 0x1965, 0x1965, 0x1965, 0x1965, 0x1965, 0x1965, 0x1965,
  0x1965, 0x1965, 0x1125, 0x1904, 0x1905, 0x1905, 0x2125, 0x2125, 0x1904, 0x18E5, 0x31A8, 0x4A6B,
  0x422A, 0x2125, 0x0882, 0x0882, 0x10A3, 0x10C3, 0x10C3, 0x10C3, 0x10C3, 0x10C3, 0x10C3, 0x10C3,
  0x10C4, 0x10C4, 0x18E4, 0x18E4, 0x18E4, 0x18C4, 0x18E4, 0x18E4, 0x18E4, 0x18E4, 0x18E4, 0x18E4,
  0x18E4, 0x18E4, 0x18E4, 0x18E4, 0x18E4, 0x18E4, 0x1904, 0x1905, 0x18E4, 0x18E4, 0x18E4, 0x18E5,
  0x18E4, 0x18E4, 0x18E4, 0x18E4, 0x18E4, 0x18E4, 0x18E4, 0x18E4, 0x1905, 0x1905, 0x18E4, 0x18E4,
  0x18E4, 0x18E4, 0x18E4, 0x18C4, 0x18E4, 0x18E4, 0x1905, 0x18E4, 0x1905, 0x1904, 0x18E4, 0x1905,
  0x1904, 0x18E4, 0x18E4, 0x18E4, 0x18E4, 0x18E4, 0x18E4, 0x1904, 0x18E4, 0x18E4, 0x1904, 0x18E4,
  0x1904, 0x10C4, 0x10C4, 0x18E4, 0x18C4, 0x10C4, 0x18E4, 0x18E4, 0x18E4, 0x18E4, 0x18E4, 0x10E4,
  0x10C4, 0x10C4, 0x10C4, 0x10C3, 0x10A3, 0x10C3, 0x10C3, 0x10A3, 0x0862, 0x0041, 0x1904, 0x4A6A,
  0x632E, 0x424A, 0x2126, 0x10A4, 0x18E5, 0x1905, 0x18E4, 0x18E4, 0x10E4, 0x1124, 0x1965, 0x1985,
  0x1965, 0x1965, 0x1965, 0x1965, 0x1965, 0x1965, 0x1965, 0x1965, 0x1965, 0x1965, 0x1965, 0x1965,
  0x1965, 0x1965, 0x1965, 0x1965, 0x1965, 0x1965, 0x1965, 0x1965, 0x1965, 0x1965, 0x1965, 0x1985,
  0x1985, 0x1985, 0x1965, 0x1965, 0x1965, 0x1965, 0x1965, 0x1965, 0x1965, 0x1965, 0x1965, 0x1965,
  0x1965, 0x1965, 0x1965, 0x1965, 0x1965, 0x1965, 0x1965, 0x1965, 0x1965, 0x1985, 0x1965, 0x1965,
  0x1965, 0x1985, 0x1985, 0x1986, 0x1986, 0x1986, 0x1986, 0x1986, 0x1986, 0x1986, 0x1986, 0x1986,
  0x1986, 0x1985, 0x1985, 0x1986, 0x1986, 0x1986, 0x1986, 0x1986, 0x1986, 0x1985, 0x1965, 0x1965,
  0x1985, 0x1985, 0x1985, 0x1965, 0x1965, 0x1965, 0x1965, 0x1965, 0x1965, 0x1965, 0x1965, 0x1965,
  0x1965, 0x1985, 0x1965, 0x1965, 0x1965, 0x1965, 0x1965, 0x1965, 0x1965, 0x1985, 0x1965, 0x1985,
  0x1985, 0x1985, 0x1965, 0x1985, 0x1965, 0x1985, 0x1965, 0x1986, 0x1986, 0x1985, 0x1985, 0x1985,
  0x1985, 0x1985, 0x1985, 0x1985, 0x1965, 0x1965, 0x1965, 0x1965, 0x1965, 0x1965, 0x1965, 0x1965,
  0x1965, 0x1965, 0x1965, 0x1165, 0x1945, 0x1925, 0x1905, 0x1905, 0x2125, 0x1925, 0x18E4, 0x18E4,
  0x2967, 0x422A, 0x422A, 0x2966, 0x10A3, 0x0862, 0x1082, 0x10C3, 0x10C3, 0x10C3, 0x10C3, 0x10C3,
  0x10C4, 0x10C4, 0x10C4, 0x18C4, 0x18C4, 0x18C4, 0x18C4, 0x18E4, 0x18E4, 0x18E4, 0x18E4, 0x10C4,
  0x18E4, 0x18E4, 0x18E4, 0x18E4, 0x18E4, 0x1904, 0x1904, 0x18E4, 0x18E4, 0x18E4, 0x18E4, 0x10C4,
  0x18E4, 0x18E4, 0x18E4, 0x18E4, 0x18E4, 0x18E4, 0x18C4, 0x18E4, 0x18E4, 0x1905, 0x1904, 0x1904,
  0x18E4, 0x18E4, 0x18E4, 0x18E4, 0x18E4, 0x18E4, 0x18E4, 0x18E4, 0x1905, 0x18E4, 0x1904, 0x1904,
  0x10C4, 0x10C4, 0x18E4, 0x18E4, 0x18E4, 0x18E4, 0x18E4, 0x18E4, 0x18E4, 0x1904, 0x18E4, 0x18E4,
  0x10C3, 0x18C4, 0x18E4, 0x10C4, 0x18E4, 0x18E4, 0x10E4, 0x18E4, 0x10C4, 0x10C4, 0x10C4, 0x10C4,
  0x10C4, 0x10C4, 0x10C4, 0x10C4, 0x10C3, 0x0883, 0x0041, 0x0862, 0x2125, 0x528B, 0x634E, 0x422A,
  0x1905, 0x10A3, 0x18E4, 0x1905, 0x1905, 0x18E4, 0x10E4, 0x1124, 0x1965, 0x1985, 0x1965, 0x1965,
  0x1965, 0x1965, 0x1965, 0x1965, 0x1965, 0x1965, 0x1965, 0x1965, 0x1965, 0x1965, 0x1965, 0x1965,
  0x1965, 0x1965, 0x1965, 0x1965, 0x1965, 0x1965, 0x1965, 0x1965, 0x1965, 0x1965, 0x1965, 0x1985,
  0x1965, 0x1965, 0x1965, 0x1965, 0x1965, 0x1965, 0x1965, 0x1965, 0x1965, 0x1965, 0x1965, 0x1965,
  0x1965, 0x1965, 0x1965, 0x1965, 0x1965, 0x1965, 0x1965, 0x1965, 0x1965, 0x1965, 0x1965, 0x1965,
  0x1965, 0x1985, 0x1985, 0x1985, 0x1986, 0x1986, 0x1986, 0x1986, 0x1986, 0x1986, 0x1986, 0x1986,
  0x1986, 0x1985, 0x1985, 0x1986, 0x1986, 0x1986, 0x1986, 0x1986, 0x1986, 0x1986, 0x1986, 0x1985,
  0x1985, 0x1985, 0x1985, 0x1965, 0x1965, 0x1965, 0x1965, 0x1965, 0x1965, 0x1965, 0x1965, 0x1965,
  0x1985, 0x1985, 0x1986, 0x1965, 0x1985, 0x1965, 0x1965, 0x1965, 0x1985, 0x1985, 0x1965, 0x1965,
  0x1965, 0x1965, 0x1965, 0x1965, 0x1965, 0x1966, 0x1985, 0x1965, 0x1965, 0x1965, 0x1965, 0x1965,
  0x1986, 0x1986, 0x1985, 0x1986, 0x1985, 0x1985, 0x1965, 0x1965, 0x1965, 0x1965, 0x1965, 0x1965,
  0x1965, 0x1965, 0x1965, 0x1965, 0x1965, 0x1965, 0x1945, 0x1905, 0x1905, 0x1905, 0x1905, 0x1905,
  0x18E4, 0x18E4, 0x2146, 0x39E9, 0x424A, 0x31C8, 0x1904, 0x0862, 0x0862, 0x1083, 0x10C3, 0x10C4,
  0x10C3, 0x10C4, 0x10C4, 0x10C4, 0x10C4, 0x10C4, 0x10C4, 0x10C4, 0x10C4, 0x10C4, 0x10C4, 0x10C4,
  0x10C4, 0x18E4, 0x18E4, 0x18E4, 0x18E4, 0x18E4, 0x18E4, 0x18E4, 0x10E4, 0x18E4, 0x18E4, 0x18E4,
  0x18E4, 0x18E4, 0x18E4, 0x18E4, 0x18E4, 0x18E4, 0x18E4, 0x18E4, 0x18E4, 0x18E4, 0x18E4, 0x18E4,
  0x18E4, 0x18E4, 0x18E4, 0x18E4, 0x18E4, 0x18E4, 0x18E4, 0x18E4, 0x18E4, 0x18E4, 0x18E4, 0x18E4,
  0x18E4, 0x18C4, 0x18E4, 0x10C4, 0x18E4, 0x18E4, 0x18E4, 0x10E4, 0x18E4, 0x18E4, 0x18C4, 0x18C4,
  0x10C4, 0x18E4, 0x18E4, 0x18E4, 0x18E4, 0x10C4, 0x10C4, 0x10C3, 0x10C4, 0x10C3, 0x10C4, 0x10A3,
  0x10C4, 0x10C4, 0x10A3, 0x0862, 0x0021, 0x10A3, 0x39C8, 0x5AEC, 0x52CC, 0x39E8, 0x18E4, 0x10C4,
  0x18E5, 0x1905, 0x1905, 0x18E4, 0x10E4, 0x1124, 0x1965, 0x1965, 0x1965, 0x1965, 0x1965, 0x1965,
  0x1965, 0x1965, 0x1965, 0x1965, 0x1965, 0x1965, 0x1965, 0x1965, 0x1965, 0x1965, 0x1965, 0x1965,
  0x1965, 0x1965, 0x1965, 0x1965, 0x1965, 0x1965, 0x1986, 0x1985, 0x1965, 0x1965, 0x1965, 0x1965,
  0x1985, 0x1985, 0x1985, 0x1965, 0x1965, 0x1965, 0x1965, 0x1965, 0x1965, 0x1965, 0x1965, 0x1965,
  0x1965, 0x1965, 0x1965, 0x1965, 0x1965, 0x1965, 0x1965, 0x1965, 0x1965, 0x1965, 0x1965, 0x1965,
  0x1985, 0x1985, 0x1985, 0x1985, 0x1985, 0x1986, 0x1986, 0x1986, 0x1986, 0x1986, 0x1986, 0x1986,
  0x1986, 0x1985, 0x1985, 0x1986, 0x1986, 0x1986, 0x1986, 0x1986, 0x1985, 0x1985, 0x1986, 0x1986,
  0x1985, 0x1985, 0x1985, 0x1985, 0x1965, 0x1965, 0x1965, 0x1965, 0x1965, 0x1965, 0x1965, 0x1965,
  0x1965, 0x1985, 0x1985, 0x1985, 0x1985, 0x1965, 0x1965, 0x1965, 0x1965, 0x1965, 0x1965, 0x1965,
  0x1965, 0x1965, 0x1965, 0x1985, 0x1965, 0x1966, 0x1985, 0x1985, 0x1985, 0x1965, 0x1985, 0x1965,
  0x1985, 0x1985, 0x1985, 0x1985, 0x1985, 0x1985, 0x1985, 0x1965, 0x1965, 0x1965, 0x1965, 0x1965,
  0x1965, 0x1965, 0x1965, 0x1965, 0x1965, 0x1965, 0x1965, 0x1965, 0x1945, 0x1905, 0x1904, 0x1905,
  0x1905, 0x1925, 0x1905, 0x18E4, 0x2125, 0x31C8, 0x4A6B, 0x424A, 0x2987, 0x10C3, 0x0862, 0x0882,
  0x10A3, 0x10C3, 0x10C3, 0x10C3, 0x10C3, 0x10C3, 0x10C3, 0x18C4, 0x10C4, 0x10C4, 0x10C4, 0x10C4,
  0x10C4, 0x10C4, 0x18E4, 0x18E4, 0x18E4, 0x18E4, 0x18E4, 0x18E4, 0x18E4, 0x18E4, 0x1904, 0x18E4,
  0x18E4, 0x18E4, 0x18E4, 0x18E4, 0x18E4, 0x18E4, 0x18E4, 0x18E4, 0x18E4, 0x18E4, 0x18E4, 0x18E4,
  0x18E4, 0x18E4, 0x18E4, 0x18E4, 0x18E4, 0x18E4, 0x18E4, 0x1904, 0x18E4, 0x18E4, 0x18E4, 0x18E4,
  0x10C4, 0x10C4, 0x10C4, 0x10E4, 0x10C4, 0x18E4, 0x10E4, 0x10C4, 0x18E4, 0x18E4, 0x18C4, 0x10C4,
  0x10C4, 0x10C4, 0x10C4, 0x10C4, 0x10C4, 0x10C3, 0x10C3, 0x10C3, 0x10C4, 0x10C4, 0x10C4, 0x10A3,
  0x0882, 0x0041, 0x0862, 0x2945, 0x52AB, 0x634E, 0x52AB, 0x2967, 0x10C4, 0x10C4, 0x18E4, 0x1905,
  0x18E4, 0x18E4, 0x10E4, 0x1124, 0x1965, 0x1985, 0x1965, 0x1965, 0x1965, 0x1965, 0x1965, 0x1965,
  0x1965, 0x1965, 0x1965, 0x1965, 0x1965, 0x1965, 0x1965, 0x1965, 0x1965, 0x1985, 0x1965, 0x1965,
  0x1965, 0x1965, 0x1965, 0x1985, 0x1985, 0x1965, 0x1985, 0x1965, 0x1965, 0x1965, 0x1965, 0x1965,
  0x1966, 0x1965, 0x1965, 0x1965, 0x1965, 0x1965, 0x1965, 0x1965, 0x1965, 0x1965, 0x1965, 0x1965,
  0x1965, 0x1965, 0x1965, 0x1965, 0x1965, 0x1965, 0x1965, 0x1965, 0x1965, 0x1965, 0x1965, 0x1985,
  0x1985, 0x1985, 0x1985, 0x1985, 0x1986, 0x1986, 0x1986, 0x1986, 0x1986, 0x1986, 0x1986, 0x1986,
  0x1985, 0x1985, 0x1985, 0x1986, 0x1986, 0x1986, 0x1986, 0x1986, 0x1985, 0x1986, 0x1985, 0x1985,
  0x1986, 0x1985, 0x1965, 0x1965, 0x1965, 0x1965, 0x1965, 0x1965, 0x1965, 0x1965, 0x1965, 0x1965,
  0x1965, 0x1986, 0x1985, 0x1985, 0x1965, 0x1965, 0x1965, 0x1965, 0x1965, 0x1965, 0x1965, 0x1965,
  0x1965, 0x1965, 0x1965, 0x1965, 0x1985, 0x1985, 0x1966, 0x1965, 0x1965, 0x1965, 0x1965, 0x1985,
  0x1985, 0x1965, 0x1985, 0x1985, 0x1986, 0x1986, 0x1985, 0x1985, 0x1965, 0x1965, 0x1965, 0x1965,
  0x1965, 0x1965, 0x1965, 0x1965, 0x1965, 0x1965, 0x1965, 0x1965, 0x1965, 0x1965, 0x1945, 0x1924,
  0x1905, 0x1905, 0x1905, 0x1925, 0x1905, 0x1905, 0x18E5, 0x2166, 0x39E9, 0x424A, 0x3A09, 0x2966,
  0x10C3, 0x0862, 0x0862, 0x1083, 0x10A3, 0x10C3, 0x10C4, 0x10C3, 0x10C4, 0x10C4, 0x10C4, 0x10C3,
  0x10C4, 0x10C4, 0x10C4, 0x10C4, 0x10C4, 0x18E4, 0x18E4, 0x18E4, 0x18E4, 0x18E4, 0x18E4, 0x10E4,
  0x18E4, 0x18E4, 0x18E4, 0x18E4, 0x18E4, 0x10C4, 0x18E4, 0x18E4, 0x10C4, 0x18E4, 0x18E4, 0x18E4,
  0x18E4, 0x18E4, 0x18E4, 0x18E4, 0x10E4, 0x10E4, 0x10C4, 0x10E4, 0x18E4, 0x10C4, 0x10C4, 0x10C4,
  0x10C4, 0x10E4, 0x10C4, 0x10C4, 0x10C4, 0x10C4, 0x10C4, 0x10E4, 0x10C4, 0x10C4, 0x10C3, 0x10C4,
  0x10C3, 0x10C3, 0x10C3, 0x10C3, 0x10A3, 0x10C3, 0x10C3, 0x10C3, 0x10A3, 0x0862, 0x0041, 0x0862,
  0x18E4, 0x4209, 0x5ACC, 0x5AED, 0x3A09, 0x1905, 0x10C4, 0x18E4, 0x1905, 0x1905, 0x18E5, 0x10C4,
  0x10E4, 0x1124, 0x1965, 0x1965, 0x1965, 0x1965, 0x1965, 0x1965, 0x1965, 0x1965, 0x1965, 0x1965,
  0x1965, 0x1965, 0x1965, 0x1965, 0x1965, 0x1965, 0x1965, 0x1965, 0x1965, 0x1985, 0x1985, 0x1965,
  0x1985, 0x1985, 0x1965, 0x1985, 0x1965, 0x1965, 0x1965, 0x1965, 0x1965, 0x1965, 0x1965, 0x1985,
  0x1965, 0x1965, 0x1965, 0x1965, 0x1965, 0x1965, 0x1965, 0x1965, 0x1965, 0x1965, 0x1965, 0x1965,
  0x1965, 0x1965, 0x1965, 0x1965, 0x1965, 0x1965, 0x1965, 0x1965, 0x1965, 0x1965, 0x1965, 0x1985,
  0x1985, 0x1986, 0x1986, 0x1985, 0x1985, 0x1986, 0x1986, 0x1986, 0x1986, 0x1986, 0x1986, 0x1986,
  0x1985, 0x1985, 0x1985, 0x1985, 0x1986, 0x1985, 0x1986, 0x1986, 0x1986, 0x1986, 0x1985, 0x1965,
  0x1985, 0x1985, 0x1965, 0x1965, 0x1965, 0x1965, 0x1965, 0x1965, 0x1965, 0x1965, 0x1965, 0x1965,
  0x1965, 0x1985, 0x1965, 0x1965, 0x1965, 0x1965, 0x1965, 0x1965, 0x1965, 0x1965, 0x1965, 0x1965,
  0x1965, 0x1965, 0x1965, 0x1985, 0x1985, 0x1985, 0x1965, 0x1965, 0x1965, 0x1985, 0x1965, 0x1965,
  0x1965, 0x1965, 0x1965, 0x1985, 0x1985, 0x1985, 0x1985, 0x1985, 0x1965, 0x1965, 0x1965, 0x1965,
  0x1965, 0x1965, 0x1965, 0x1965, 0x1965, 0x1965, 0x1965, 0x1965, 0x1965, 0x1965, 0x1965, 0x1965,
  0x1945, 0x1925, 0x1905, 0x1905, 0x1905, 0x1905, 0x1925, 0x1905, 0x18E4, 0x18E5, 0x2967, 0x3A2A,
  0x4A6B, 0x3A09, 0x2987, 0x18E4, 0x0862, 0x0841, 0x0862, 0x10A3, 0x10C3, 0x10C3, 0x10C3, 0x10C3,
  0x10C3, 0x10C3, 0x10C3, 0x10C3, 0x10C3, 0x10C4, 0x10C4, 0x10C4, 0x10C4, 0x10C4, 0x10C4, 0x10C4,
  0x10C4, 0x10E4, 0x18E4, 0x18E4, 0x18E4, 0x18E4, 0x18E4, 0x10E4, 0x10C4, 0x18E4, 0x18E4, 0x18E4,
  0x18E4, 0x18E4, 0x18E4, 0x18E4, 0x10C4, 0x10E4, 0x10E4, 0x10E4, 0x10C4, 0x10C4, 0x10C4, 0x10C4,
  0x18E4, 0x10C4, 0x10C4, 0x10C4, 0x10C4, 0x10C4, 0x10C4, 0x10C4, 0x10C3, 0x10C3, 0x10C3, 0x10C3,
  0x10C3, 0x10A3, 0x10C3, 0x10C4, 0x10A3, 0x0882, 0x0041, 0x0041, 0x1082, 0x2945, 0x4209, 0x52AB,
  0x52CC, 0x424A, 0x2146, 0x10C4, 0x10C4, 0x18E4, 0x1905, 0x18E5, 0x18E4, 0x10E4, 0x1104, 0x1124,
  0x1965, 0x1965, 0x1965, 0x1965, 0x1965, 0x1965, 0x1965, 0x1965, 0x1965, 0x1965, 0x1965, 0x1965,
  0x1965, 0x1965, 0x1965, 0x1965, 0x1965, 0x1965, 0x1965, 0x1985, 0x1965, 0x1985, 0x1985, 0x1985,
  0x1985, 0x1985, 0x1985, 0x1965, 0x1965, 0x1965, 0x1965, 0x1965, 0x1965, 0x1965, 0x1965, 0x1965,
  0x1965, 0x1965, 0x1965, 0x1965, 0x1965, 0x1965, 0x1965, 0x1965, 0x1965, 0x1965, 0x1965, 0x1965,
  0x1965, 0x1965, 0x1965, 0x1965, 0x1965, 0x1965, 0x1965, 0x1965, 0x1965, 0x1965, 0x1985, 0x1985,
  0x1985, 0x1986, 0x1986, 0x1985, 0x1986, 0x1986, 0x1985, 0x1986, 0x1986, 0x1986, 0x1986, 0x1986,
  0x1985, 0x1985, 0x1985, 0x1985, 0x1986, 0x1985, 0x1986, 0x1985, 0x1985, 0x1985, 0x1985, 0x1986,
  0x1986, 0x1965, 0x1965, 0x1965, 0x1965, 0x1965, 0x1965, 0x1965, 0x1965, 0x1965, 0x1965, 0x1965,
  0x1965, 0x1965, 0x1965, 0x1965, 0x1965, 0x1965, 0x1965, 0x1965, 0x1965, 0x1965, 0x1965, 0x1965,
  0x1965, 0x1965, 0x1965, 0x1985, 0x1965, 0x1965, 0x1965, 0x1965, 0x1965, 0x1985, 0x1985, 0x1965,
  0x1965, 0x1965, 0x1965, 0x1985, 0x1985, 0x1985, 0x1985, 0x1985, 0x1985, 0x1965, 0x1965, 0x1965,
  0x1965, 0x1965, 0x1965, 0x1965, 0x1965, 0x1965, 0x1965, 0x1965, 0x1965, 0x1965, 0x1965, 0x1965,
  0x1965, 0x1965, 0x1965, 0x1945, 0x1925, 0x1905, 0x1905, 0x1905, 0x1905, 0x1905, 0x18E5, 0x10E4,
  0x1905, 0x2967, 0x3A09, 0x4A6B, 0x4A6B, 0x39E8, 0x2145, 0x10A3, 0x0841, 0x0861, 0x0862, 0x10A3,
  0x10A3, 0x10C3, 0x10C3, 0x10C3, 0x10C3, 0x10C4, 0x10C4, 0x10C4, 0x10C4, 0x10C4, 0x10C4, 0x10C4,
  0x10C3, 0x10C4, 0x10C4, 0x10C4, 0x10C4, 0x18E4, 0x10C4, 0x10C4, 0x10C4, 0x10C4, 0x10C4, 0x10C4,
  0x18E4, 0x10C4, 0x10C4, 0x10C4, 0x10C4, 0x10C4, 0x10C4, 0x10C4, 0x10C4, 0x10C4, 0x10C4, 0x10C4,
  0x10C4, 0x10C4, 0x10C4, 0x10C3, 0x10C3, 0x10C3, 0x10C3, 0x10C3, 0x10C3, 0x10C3, 0x10C3, 0x10A3,
  0x10A3, 0x0862, 0x0041, 0x0021, 0x0861, 0x18C3, 0x31A7, 0x52CC, 0x630D, 0x52CC, 0x422A, 0x2167,
  0x10E4, 0x10C4, 0x18E4, 0x1905, 0x1905, 0x18E5, 0x18E4, 0x10E4, 0x1104, 0x1945, 0x1965, 0x1985,
  0x1965, 0x1965, 0x1965, 0x1965, 0x1965, 0x1965, 0x1965, 0x1965, 0x1965, 0x1965, 0x1965, 0x1965,
  0x1965, 0x1965, 0x1965, 0x1965, 0x1965, 0x1965, 0x1965, 0x1965, 0x1965, 0x1985, 0x1985, 0x1986,
  0x1985, 0x1986, 0x1986, 0x1965, 0x1985, 0x1985, 0x1985, 0x1985, 0x1965, 0x1965, 0x1965, 0x1965,
  0x1965, 0x1965, 0x1965, 0x1965, 0x1965, 0x1965, 0x1965, 0x1965, 0x1965, 0x1965, 0x1965, 0x1965,
  0x1965, 0x1965, 0x1965, 0x1965, 0x1965, 0x1965, 0x1965, 0x1965, 0x1965, 0x1965, 0x1985, 0x1965,
  0x1985, 0x1986, 0x1986, 0x1985, 0x1986, 0x1986, 0x1986, 0x1986, 0x1985, 0x1986, 0x1986, 0x1986,
  0x1985, 0x1985, 0x1985, 0x1985, 0x1985, 0x1986, 0x1985, 0x1986, 0x1986, 0x1985, 0x1985, 0x1986,
  0x1986, 0x1985, 0x1985, 0x1965, 0x1965, 0x1985, 0x1985, 0x1985, 0x1985, 0x1985, 0x1985, 0x1965,
  0x1965, 0x1965, 0x1965, 0x1965, 0x1965, 0x1965, 0x1965, 0x1965, 0x1965, 0x1965, 0x1965, 0x1965,
  0x1965, 0x1965, 0x1965, 0x1965, 0x1965, 0x1965, 0x1965, 0x1965, 0x1985, 0x1965, 0x1965, 0x1985,
  0x1965, 0x1965, 0x1965, 0x1965, 0x1985, 0x1986, 0x1986, 0x1986, 0x1986, 0x1985, 0x1965, 0x1965,
  0x1965, 0x1965, 0x1965, 0x1965, 0x1965, 0x1965, 0x1965, 0x1965, 0x1965, 0x1965, 0x1965, 0x1965,
  0x1965, 0x1965, 0x1965, 0x1965, 0x1965, 0x1945, 0x1925, 0x1925, 0x1905, 0x1905, 0x1905, 0x1905,
  0x1905, 0x18E4, 0x10C4, 0x18E4, 0x2146, 0x39E9, 0x4A6B, 0x528B, 0x424A, 0x31A7, 0x2125, 0x10A3,
  0x0862, 0x0841, 0x0041, 0x0862, 0x0883, 0x10A3, 0x10C3, 0x10C3, 0x10C3, 0x10C3, 0x10C3, 0x10C3,
  0x10C3, 0x10C3, 0x10C3, 0x10C3, 0x10C3, 0x10C4, 0x10C4, 0x10C4, 0x10C3, 0x10C4, 0x10C4, 0x10C4,
  0x10C3, 0x10C3, 0x10C3, 0x10C3, 0x10C4, 0x10C4, 0x10C3, 0x10C3, 0x10C4, 0x10C3, 0x10C3, 0x10C4,
  0x10C3, 0x10C3, 0x10C3, 0x10C3, 0x10C3, 0x10C3, 0x10A3, 0x10A3, 0x0882, 0x0842, 0x0041, 0x0021,
  0x0861, 0x18E4, 0x2986, 0x4229, 0x52AC, 0x5AED, 0x52AC, 0x39E9, 0x1925, 0x10C4, 0x10C4, 0x18E5,
  0x1905, 0x1905, 0x18E4, 0x10E4, 0x10E4, 0x10E4, 0x1124, 0x1965, 0x1985, 0x1985, 0x1965, 0x1965,
  0x1965, 0x1965, 0x1965, 0x1965, 0x1965, 0x1965, 0x1965, 0x1965, 0x1965, 0x1965, 0x1965, 0x1965,
  0x1965, 0x1965, 0x1965, 0x1965, 0x1965, 0x1965, 0x1965, 0x1965, 0x1965, 0x1965, 0x1965, 0x1985,
  0x1985, 0x1985, 0x1985, 0x1985, 0x1985, 0x1965, 0x1985, 0x1965, 0x1965, 0x1965, 0x1965, 0x1965,
  0x1965, 0x1965, 0x1965, 0x1965, 0x1965, 0x1965, 0x1965, 0x1965, 0x1965, 0x1965, 0x1965, 0x1965,
  0x1965, 0x1965, 0x1965, 0x1965, 0x1965, 0x1965, 0x1965, 0x1965, 0x1965, 0x1965, 0x1985, 0x1965,
  0x1985, 0x1985, 0x1985, 0x1985, 0x1985, 0x1986, 0x1986, 0x1986, 0x1986, 0x1986, 0x1986, 0x1986,
  0x1985, 0x1985, 0x1985, 0x1985, 0x1985, 0x1985, 0x1985, 0x1985, 0x1985, 0x1986, 0x1986, 0x1985,
  0x1986, 0x1985, 0x1985, 0x1985, 0x1985, 0x1985, 0x1965, 0x1985, 0x1985, 0x1965, 0x1965, 0x1985,
  0x1965, 0x1965, 0x1965, 0x1965, 0x1965, 0x1965, 0x1965, 0x1965, 0x1965, 0x1965, 0x1965, 0x1965,
  0x1965, 0x1965, 0x1965, 0x1965, 0x1965, 0x1965, 0x1965, 0x1965, 0x1965, 0x1965, 0x1965, 0x1965,
  0x1985, 0x1965, 0x1965, 0x1965, 0x1965, 0x1985, 0x1985, 0x1985, 0x1985, 0x1985, 0x1965, 0x1965,
  0x1965, 0x1965, 0x1965, 0x1965, 0x1965, 0x1965, 0x1965, 0x1965, 0x1965, 0x1965, 0x1965, 0x1965,
  0x1965, 0x1965, 0x1965, 0x1965, 0x1965, 0x1965, 0x1965, 0x1965, 0x1945, 0x1924, 0x1905, 0x1905,
  0x1905, 0x1905, 0x1905, 0x1905, 0x18E4, 0x10E4, 0x10E4, 0x1905, 0x2987, 0x3A09, 0x424A, 0x4A8B,
  0x4A8B, 0x4209, 0x39C7, 0x2125, 0x18C4, 0x10A2, 0x0861, 0x0041, 0x0041, 0x0862, 0x0862, 0x0882,
  0x08A3, 0x10A3, 0x10A3, 0x10A3, 0x10C3, 0x10C3, 0x10C4, 0x10C4, 0x10C4, 0x10C4, 0x10C3, 0x10C3,
  0x10C3, 0x10C3, 0x10C3, 0x10C4, 0x18E4, 0x10C4, 0x10C3, 0x10C3, 0x10C3, 0x10C3, 0x10C3, 0x10A3,
  0x10A3, 0x0882, 0x0862, 0x0041, 0x0021, 0x0041, 0x0862, 0x10A2, 0x18E4, 0x2986, 0x3A08, 0x4A8A,
  0x5AEC, 0x5B0D, 0x52AC, 0x3A09, 0x2967, 0x18E5, 0x10C4, 0x10C4, 0x1905, 0x1905, 0x1905, 0x18E5,
  0x18E4, 0x10E4, 0x10E4, 0x1104, 0x1145, 0x1965, 0x1985, 0x1965, 0x1965, 0x1965, 0x1965, 0x1965,
  0x1965, 0x1965, 0x1965, 0x1965, 0x1965, 0x1965, 0x1965, 0x1965, 0x1965, 0x1965, 0x1965, 0x1965,
  0x1965, 0x1965, 0x1965, 0x1965, 0x1965, 0x1965, 0x1965, 0x1965, 0x1965, 0x1965, 0x1965, 0x1965,
  0x1965, 0x1965, 0x1985, 0x1985, 0x1985, 0x1985, 0x1966, 0x1965, 0x1965, 0x1965, 0x1965, 0x1965,
  0x1965, 0x1985, 0x1985, 0x1965, 0x1965, 0x1965, 0x1965, 0x1965, 0x1965, 0x1965, 0x1965, 0x1965,
  0x1965, 0x1965, 0x1965, 0x1965, 0x1965, 0x1965, 0x1965, 0x1965, 0x1965, 0x1985, 0x1985, 0x1965,
  0x1965, 0x1965, 0x1965, 0x1985, 0x1985, 0x1985, 0x1986, 0x1985, 0x1986, 0x1986, 0x1986, 0x1986,
  0x1965, 0x1965, 0x1985, 0x1985, 0x1985, 0x1985, 0x1986, 0x1986, 0x1986, 0x1986, 0x1986, 0x1986,
  0x1985, 0x1985, 0x1985, 0x1985, 0x1985, 0x1985, 0x1985, 0x1965, 0x1965, 0x1965, 0x1965, 0x1965,
  0x1965, 0x1965, 0x1965, 0x1965, 0x1965, 0x1965, 0x1965, 0x1965, 0x1965, 0x1965, 0x1965, 0x1965,
  0x1965, 0x1965, 0x1965, 0x1965, 0x1965, 0x1965, 0x1965, 0x1965, 0x1965, 0x1965, 0x1965, 0x1965,
  0x1965, 0x1965, 0x1965, 0x1965, 0x1965, 0x1965, 0x1985, 0x1985, 0x1985, 0x1965, 0x1965, 0x1965,
  0x1965, 0x1965, 0x1965, 0x1965, 0x1965, 0x1965, 0x1965, 0x1965, 0x1965, 0x1965, 0x1965, 0x1965,
  0x1965, 0x1965, 0x1965, 0x1965, 0x1965, 0x1965, 0x1965, 0x1965, 0x1965, 0x1965, 0x1945, 0x1945,
  0x1924, 0x1904, 0x1904, 0x1905, 0x1905, 0x1905, 0x1905, 0x1905, 0x1905, 0x18E5, 0x10E4, 0x1925,
  0x2967, 0x31C8, 0x422A, 0x4A6B, 0x52CC, 0x5AED, 0x52AC, 0x424A, 0x39E8, 0x2966, 0x1904, 0x10C3,
  0x0882, 0x0862, 0x0841, 0x0041, 0x0021, 0x0041, 0x0041, 0x0041, 0x0041, 0x0041, 0x0841, 0x0862,
  0x0862, 0x0862, 0x0041, 0x0041, 0x0041, 0x0041, 0x0041, 0x0021, 0x0021, 0x0041, 0x0841, 0x0862,
  0x10A3, 0x18C3, 0x2125, 0x31A7, 0x4229, 0x4A6A, 0x52AC, 0x5AED, 0x5AED, 0x52CC, 0x424A, 0x31C8,
  0x2146, 0x1905, 0x10C4, 0x10C4, 0x18E4, 0x1905, 0x1905, 0x1905, 0x18E5, 0x10E4, 0x10E4, 0x10E4,
  0x1104, 0x1145, 0x1965, 0x1985, 0x1965, 0x1965, 0x1965, 0x1965, 0x1965, 0x1965, 0x1965, 0x1965,
  0x1965, 0x1965, 0x1985, 0x1965, 0x1965, 0x1965, 0x1965, 0x1965, 0x1965, 0x1965, 0x1965, 0x1965,
  0x1965, 0x1965, 0x1965, 0x1965, 0x1965, 0x1965, 0x1965, 0x1965, 0x1965, 0x1965, 0x1965, 0x1965,
  0x1965, 0x1965, 0x1985, 0x1985, 0x1985, 0x1965, 0x1965, 0x1965, 0x1965, 0x1965, 0x1965, 0x1965,
  0x1965, 0x1965, 0x1965, 0x1965, 0x1965, 0x1965, 0x1965, 0x1965, 0x1965, 0x1965, 0x1965, 0x1965,
  0x1965, 0x1965, 0x1965, 0x1965, 0x1965, 0x1965, 0x1965, 0x1965, 0x1965, 0x1965, 0x1965, 0x1965,
  0x1965, 0x1965, 0x1965, 0x1965, 0x1985, 0x1985, 0x1986, 0x1986, 0x1985, 0x1986, 0x1985, 0x1985,
  0x1965, 0x1965, 0x1965, 0x1985, 0x1985, 0x1985, 0x1985, 0x1985, 0x1986, 0x1986, 0x1986, 0x1986,
  0x1985, 0x1985, 0x1965, 0x1985, 0x1985, 0x1985, 0x1985, 0x1965, 0x1965, 0x1965, 0x1965, 0x1965,
  0x1965, 0x1965, 0x1965, 0x1965, 0x1965, 0x1965, 0x1965, 0x1965, 0x1965, 0x1965, 0x1965, 0x1965,
  0x1965, 0x1965, 0x1965, 0x1965, 0x1965, 0x1965, 0x1965, 0x1965, 0x1965, 0x1965, 0x1965, 0x1965,
  0x1965, 0x1965, 0x1965, 0x1965, 0x1965, 0x1965, 0x1985, 0x1985, 0x1965, 0x1965, 0x1965, 0x1965,
  0x1965, 0x1965, 0x1965, 0x1965, 0x1965, 0x1965, 0x1965, 0x1965, 0x1965, 0x1965, 0x1965, 0x1965,
  0x1965, 0x1965, 0x1965, 0x1965, 0x1965, 0x1965, 0x1965, 0x1965, 0x1965, 0x1965, 0x1165, 0x1165,
  0x1965, 0x1145, 0x1145, 0x1125, 0x1104, 0x18E4, 0x1905, 0x1905, 0x1905, 0x1905, 0x1925, 0x1905,
  0x1905, 0x1905, 0x18E4, 0x18E4, 0x1905, 0x2126, 0x2987, 0x31C8, 0x422A, 0x424A, 0x4A8B, 0x4A8B,
  0x52AC, 0x52AC, 0x4A6B, 0x424A, 0x3A29, 0x4229, 0x3A09, 0x39E8, 0x31C8, 0x31C7, 0x31A7, 0x2986,
  0x2986, 0x2986, 0x31A7, 0x31C8, 0x39C8, 0x3A09, 0x4229, 0x4229, 0x4A6A, 0x52AB, 0x52AC, 0x52CC,
  0x5AEC, 0x52CC, 0x52CC, 0x52AC, 0x424B, 0x31C8, 0x2967, 0x2126, 0x10C4, 0x10C4, 0x10C4, 0x18E4,
  0x1905, 0x1905, 0x1905, 0x1905, 0x18E5, 0x18E5, 0x10E4, 0x10E4, 0x1104, 0x1124, 0x1145, 0x1965,
  0x1985, 0x1965, 0x1965, 0x1965, 0x1965, 0x1965, 0x1965, 0x1965, 0x1965, 0x1965, 0x1965, 0x1965,
  0x1965, 0x1965, 0x1965, 0x1965, 0x1965, 0x1965, 0x1965, 0x1965, 0x1965, 0x1965, 0x1965, 0x1965,
  0x1965, 0x1965, 0x1965, 0x1965, 0x1965, 0x1965, 0x1965, 0x1965, 0x1965, 0x1965, 0x1965, 0x1965,
  0x1965, 0x1965, 0x1965, 0x1965, 0x1965, 0x1965, 0x1965, 0x1965, 0x1965, 0x1965, 0x1965, 0x1965,
  0x1965, 0x1965, 0x1965, 0x1965, 0x1965, 0x1965, 0x1965, 0x1965, 0x1965, 0x1965, 0x1965, 0x1965,
  0x1965, 0x1965, 0x1965, 0x1965, 0x1965, 0x1965, 0x1965, 0x1965, 0x1965, 0x1965, 0x1965, 0x1965,
  0x1965, 0x1965, 0x1965, 0x1965, 0x1965, 0x1986, 0x1985, 0x1986, 0x1986, 0x1985, 0x1985, 0x1985,
  0x1965, 0x1965, 0x1965, 0x1985, 0x1985, 0x1985, 0x1985, 0x1985, 0x1985, 0x1985, 0x1985, 0x1965,
  0x1965, 0x1965, 0x1965, 0x1965, 0x1965, 0x1965, 0x1965, 0x1965, 0x1965, 0x1965, 0x1965, 0x1965,
  0x1965, 0x1965, 0x1965, 0x1965, 0x1965, 0x1965, 0x1965, 0x1965, 0x1965, 0x1965, 0x1965, 0x1965,
  0x1965, 0x1965, 0x1965, 0x1965, 0x1965, 0x1965, 0x1965, 0x1965, 0x1965, 0x1965, 0x1965, 0x1965,
  0x1965, 0x1965, 0x1965, 0x1965, 0x1965, 0x1965, 0x1965, 0x1965, 0x1965, 0x1965, 0x1965, 0x1965,
  0x1965, 0x1965, 0x1965, 0x1965, 0x1965, 0x1965, 0x1965, 0x1965, 0x1965, 0x1965, 0x1965, 0x1965,
  0x1965, 0x1965, 0x1965, 0x1965, 0x1965, 0x1965, 0x1965, 0x1965, 0x1965, 0x1965, 0x1965, 0x1145,
  0x1965, 0x1965, 0x1965, 0x1965, 0x1165, 0x1145, 0x1125, 0x1125, 0x1104, 0x18E4, 0x18E4, 0x18E5,
  0x1905, 0x1905, 0x1925, 0x1905, 0x1905, 0x1905, 0x18E5, 0x18E4, 0x10E4, 0x18E5, 0x18E5, 0x18E5,
  0x1926, 0x2146, 0x2967, 0x2987, 0x31C8, 0x39E9, 0x3A09, 0x3A2A, 0x422A, 0x426B, 0x424A, 0x426B,
  0x426B, 0x424B, 0x426B, 0x424A, 0x424A, 0x424B, 0x422A, 0x3A09, 0x31C8, 0x29A8, 0x2967, 0x2146,
  0x1905, 0x18E4, 0x10C4, 0x10C4, 0x10A4, 0x10C4, 0x10C4, 0x18E5, 0x1905, 0x1905, 0x1905, 0x1905,
  0x18E4, 0x18E4, 0x10E4, 0x10E4, 0x10E4, 0x1104, 0x1945, 0x1965, 0x1986, 0x1985, 0x1965, 0x1965,
  0x1965, 0x1965, 0x1965, 0x1965, 0x1965, 0x1965, 0x1965, 0x1965, 0x1965, 0x1965, 0x1965, 0x1965,
  0x1965, 0x1965, 0x1965, 0x1965, 0x1965, 0x1965, 0x1965, 0x1965, 0x1965, 0x1965, 0x1965, 0x1965,
  0x1965, 0x1965, 0x1965, 0x1965, 0x1965, 0x1965, 0x1965, 0x1965, 0x1965, 0x1965, 0x1965, 0x1965,
  0x1965, 0x1965, 0x1965, 0x1965, 0x1965, 0x1965, 0x1965, 0x1965, 0x1965, 0x1965, 0x1965, 0x1965,
  0x1965, 0x1965, 0x1965, 0x1965, 0x1965, 0x1965, 0x1965, 0x1965, 0x1965, 0x1965, 0x1965, 0x1965,
  0x1965, 0x1965, 0x1965, 0x1965, 0x1965, 0x1965, 0x1965, 0x1965, 0x1965, 0x1965, 0x1965, 0x1965,
  0x1965, 0x1965, 0x1965, 0x1965, 0x1965, 0x1985, 0x1985, 0x1965, 0x1985, 0x1965, 0x1985, 0x1985,
  0x1965, 0x1965, 0x1965, 0x1965, 0x1965, 0x1985, 0x1985, 0x1965, 0x1965, 0x1965, 0x1965, 0x1965,
  0x1965, 0x1965, 0x1965, 0x1965, 0x1965, 0x1965, 0x1965, 0x1965, 0x1965, 0x1965, 0x1965, 0x1965,
  0x1965, 0x1965, 0x1965, 0x1965, 0x1965, 0x1965, 0x1965, 0x1965, 0x1965, 0x1965, 0x1965, 0x1965,
  0x1965, 0x1965, 0x1965, 0x1965, 0x1965, 0x1965, 0x1965, 0x1965, 0x1965, 0x1965, 0x1965, 0x1965,
  0x1965, 0x1965, 0x1965, 0x1965, 0x1965, 0x1965, 0x1965, 0x1965, 0x1965, 0x1965, 0x1965, 0x1965,
  0x1965, 0x1965, 0x1965, 0x1965, 0x1965, 0x1965, 0x1965, 0x1965, 0x1965, 0x1965, 0x1965, 0x1985,
  0x1985, 0x1985, 0x1965, 0x1965, 0x1965, 0x1965, 0x1965, 0x1965, 0x1965, 0x1965, 0x1965, 0x1965,
  0x1965, 0x1965, 0x1965, 0x1965, 0x1965, 0x1965, 0x1965, 0x1965, 0x1965, 0x1145, 0x1124, 0x1104,
  0x1104, 0x1904, 0x18E5, 0x18E5, 0x18E5, 0x1905, 0x1905, 0x2125, 0x1905, 0x1925, 0x1905, 0x1905,
  0x1905, 0x10E4, 0x10E4, 0x10C4, 0x10E4, 0x10C4, 0x10E4, 0x10C4, 0x10C4, 0x10C4, 0x10C4, 0x10C4,
  0x10C4, 0x10E4, 0x10C4, 0x10C4, 0x10E4, 0x10A3, 0x10C3, 0x10C4, 0x10E4, 0x18E5, 0x18E5, 0x18E4,
  0x1905, 0x1905, 0x1905, 0x1905, 0x1905, 0x18E4, 0x18E5, 0x18C4, 0x18C4, 0x10C4, 0x10C4, 0x10E4,
  0x10E4, 0x1104, 0x1125, 0x1945, 0x1965, 0x1965, 0x1985, 0x1965, 0x1965, 0x1965, 0x1965, 0x1965,
  0x1965, 0x1965, 0x1965, 0x1965, 0x1965, 0x1965, 0x1965, 0x1965, 0x1965, 0x1965, 0x1965, 0x1965,
  0x1965, 0x1965, 0x1965, 0x1965, 0x1965, 0x1965, 0x1965, 0x1965, 0x1965, 0x1965, 0x1965, 0x1965,
  0x1965, 0x1965, 0x1965, 0x1965, 0x1965, 0x1965, 0x1965, 0x1965, 0x1965, 0x1965, 0x1965, 0x1965,
  0x1965, 0x1965, 0x1965, 0x1965, 0x1965, 0x1965, 0x1965, 0x1965, 0x1965, 0x1965, 0x1965, 0x1965,
  0x1965, 0x1965, 0x1965, 0x1965, 0x1965, 0x1965, 0x1965, 0x1965, 0x1965, 0x1965, 0x1965, 0x1965,
  0x1965, 0x1965, 0x1965, 0x1965, 0x1965, 0x1965, 0x1965, 0x1965, 0x1965, 0x1965, 0x1965, 0x1965,
  0x1965, 0x1965, 0x1965, 0x1965, 0x1965, 0x1985, 0x1965, 0x1965, 0x1985, 0x1965, 0x1965, 0x1985,
  0x1965, 0x1965, 0x1965, 0x1965, 0x1965, 0x1965, 0x1965, 0x1965, 0x1965, 0x1965, 0x1965, 0x1965,
  0x1965, 0x1965, 0x1965, 0x1965, 0x1965, 0x1965, 0x1965, 0x1965, 0x1965, 0x1965, 0x1965, 0x1965,
  0x1965, 0x1965, 0x1965, 0x1965, 0x1965, 0x1965, 0x1965, 0x1965, 0x1965, 0x1965, 0x1965, 0x1965,
  0x1965, 0x1965, 0x1965, 0x1965, 0x1965, 0x1965, 0x1965, 0x1965, 0x1965, 0x1965, 0x1965, 0x1965,
  0x1965, 0x1965, 0x1965, 0x1965, 0x1965, 0x1965, 0x1965, 0x1965, 0x1965, 0x1965, 0x1965, 0x1965,
  0x1965, 0x1965, 0x1965, 0x1965, 0x1965, 0x1965, 0x1965, 0x1965, 0x1965, 0x1985, 0x1985, 0x1985,
  0x1985, 0x1985, 0x1985, 0x1985, 0x1985, 0x1965, 0x1965, 0x1965, 0x1965, 0x1965, 0x1965, 0x1965,
  0x1965, 0x1165, 0x1965, 0x1965, 0x1965, 0x1965, 0x1965, 0x1965, 0x1965, 0x1965, 0x1165, 0x1165,
  0x1165, 0x1145, 0x1145, 0x1124, 0x1124, 0x1104, 0x1104, 0x18E4, 0x10E4, 0x18E4, 0x18E4, 0x10C4,
  0x10C4, 0x10C4, 0x18E4, 0x18E4, 0x18E4, 0x10E4, 0x18E4, 0x1905, 0x18E4, 0x18E4, 0x1904, 0x1904,
  0x1905, 0x1905, 0x1905, 0x18E4, 0x18E4, 0x18E4, 0x18E4, 0x18E4, 0x1904, 0x18E4, 0x18E4, 0x18E4,
  0x18E4, 0x18E4, 0x18C4, 0x10C4, 0x10C4, 0x10C4, 0x10E4, 0x10E4, 0x1104, 0x1124, 0x1145, 0x1965,
  0x1985, 0x1985, 0x1985, 0x1965, 0x1965, 0x1965, 0x1965, 0x1965, 0x1965, 0x1965, 0x1965, 0x1965,
  0x1965, 0x1965, 0x1965, 0x1965, 0x1965, 0x1965, 0x1965, 0x1965, 0x1965, 0x1965, 0x1965, 0x1965,
  0x1965, 0x1965, 0x1965, 0x1965, 0x1965, 0x1965, 0x1965, 0x1965, 0x1965, 0x1965, 0x1965, 0x1965,
  0x1965, 0x1965, 0x1965, 0x1965, 0x1965, 0x1965, 0x1965, 0x1965, 0x1965, 0x1965, 0x1965, 0x1965,
  0x1965, 0x1965, 0x1965, 0x1965, 0x1965, 0x1965, 0x1965, 0x1965, 0x1965, 0x1965, 0x1965, 0x1965,
  0x1965, 0x1965, 0x1965, 0x1965, 0x1965, 0x1965, 0x1965, 0x1965, 0x1965, 0x1965, 0x1965, 0x1965,
  0x1965, 0x1965, 0x1965, 0x1965, 0x1965, 0x1965, 0x1965, 0x1965, 0x1965, 0x1965, 0x1965, 0x1965,
  0x1985, 0x1985, 0x1985, 0x1965, 0x1965, 0x1985, 0x1965, 0x1965, 0x1965, 0x1965, 0x1965, 0x1965,
  0x1985, 0x1965, 0x1965, 0x1965, 0x1985, 0x1965, 0x1965, 0x1965, 0x1965, 0x1965, 0x1965, 0x1965,
  0x1965, 0x1965, 0x1965, 0x1965, 0x1965, 0x1965, 0x1965, 0x1965, 0x1965, 0x1965, 0x1965, 0x1985,
  0x1965, 0x1965, 0x1965, 0x1965, 0x1965, 0x1965, 0x1965, 0x1965, 0x1965, 0x1965, 0x1965, 0x1965,
  0x1965, 0x1965, 0x1965, 0x1965, 0x1965, 0x1965, 0x1965, 0x1965, 0x1965, 0x1965, 0x1965, 0x1965,
  0x1965, 0x1965, 0x1965, 0x1965, 0x1965, 0x1965, 0x1965, 0x1965, 0x1965, 0x1965, 0x1965, 0x1965,
  0x1965, 0x1965, 0x1965, 0x1965, 0x1965, 0x1965, 0x1965, 0x1965, 0x1965, 0x1985, 0x1985, 0x1985,
  0x1985, 0x1985, 0x1985, 0x1985, 0x1965, 0x1965, 0x1965, 0x1965, 0x1965, 0x1965, 0x1965, 0x1965,
  0x1965, 0x1965, 0x1965, 0x1965, 0x1965, 0x1965, 0x1965, 0x1965, 0x1965, 0x1165, 0x1165, 0x1165,
  0x1165, 0x1165, 0x1165, 0x1165, 0x1165, 0x1165, 0x1165, 0x1145, 0x1144, 0x1124, 0x1104, 0x1104,
  0x10E4, 0x10E3, 0x10C3, 0x10C4, 0x10C4, 0x10C3, 0x10C3, 0x10C4, 0x10C4, 0x10E4, 0x10E4, 0x10E4,
  0x18E4, 0x10E4, 0x10C4, 0x10C4, 0x10C3, 0x10C3, 0x10C3, 0x10C3, 0x10C3, 0x10E4, 0x10E3, 0x10E4,
  0x1104, 0x1104, 0x1124, 0x1124, 0x1144, 0x1145, 0x1165, 0x1185, 0x1185, 0x1985, 0x1185, 0x1185,
  0x1185, 0x1185, 0x1185, 0x1965, 0x1965, 0x1965, 0x1965, 0x1965, 0x1965, 0x1965, 0x1965, 0x1965,
  0x1965, 0x1965, 0x1965, 0x1965, 0x1965, 0x1965, 0x1965, 0x1965, 0x1965, 0x1965, 0x1965, 0x1965,
  0x1965, 0x1965, 0x1965, 0x1965, 0x1965, 0x1965, 0x1965, 0x1965, 0x1965, 0x1965, 0x1965, 0x1965,
  0x1965, 0x1965, 0x1965, 0x1965, 0x1965, 0x1965, 0x1965, 0x1965, 0x1965, 0x1965, 0x1965, 0x1965,
  0x1965, 0x1965, 0x1965, 0x1965, 0x1965, 0x1965, 0x1965, 0x1965, 0x1965, 0x1965, 0x1965, 0x1965,
  0x1965, 0x1965, 0x1965, 0x1965, 0x1965, 0x1965, 0x1965, 0x1965, 0x1965, 0x1965, 0x1965, 0x1965,
  0x1965, 0x1965, 0x1965, 0x1965, 0x1965, 0x1965, 0x1965, 0x1965, 0x1965, 0x1965, 0x1965, 0x1985,
  0x1985, 0x1985, 0x1985, 0x1985, 0x1965, 0x1965, 0x1965, 0x1965, 0x1965, 0x1965, 0x1965, 0x1965,
};
