/*******************************************************************************
 * Size: 12 px
 * Bpp: 4
 * Opts: --font /tmp/wqy-microhei.ttf --size 12 --bpp 4 --format lvgl --no-compress --symbols 一七上下不与专个中么乐事二于互交亮什以会伦伴你便俊修停像元光入全关其典内再击分切列初别到制前动区十午华单南卡厅历原去双反发古句可台史叶合同后听吸告周和咖响啡喂嗜器回在场均型城域基填士夜大天失夺奕好始子孤它室容富寸导屏展山市带平年并广床序库底度座延开式引当形征很循心忙态恨情惠愈感慵懒我所手执找报押拟持指按换据掠控提搜摸播支放故数整新方无时明是显景晴暂曲更月有未本机条来杰松板林果染查标框模横次歇歌正步民气江治流浪深清渲源漂漫潮灵点炼热爱爵片状独环球瓷用电白的直相看示秃稻空签类精素索线终结络网美群聆肉腐自致航花萧蚁蚂血行表被视觉触计认讯设访识词话语谣象资车轻辑输边迅还进远迟适选逐道邦部醒里金钮镜门问闻陈陪随青面音韵页项顺频风食馆馈首香高魔鸽鹰默 -o font_cn_12.c
 ******************************************************************************/

#ifdef LV_LVGL_H_INCLUDE_SIMPLE
#include "lvgl.h"
#else
#include "lvgl/lvgl.h"
#endif

#ifndef FONT_CN_12
#define FONT_CN_12 1
#endif

#if FONT_CN_12

/*-----------------
 *    BITMAPS
 *----------------*/

/*Store the image of the glyphs*/
static LV_ATTRIBUTE_LARGE_CONST const uint8_t glyph_bitmap[] = {
    /* U+4E00 "一" */
    0x0, 0x0, 0x0, 0x0, 0x0, 0x0, 0xdd, 0xdd,
    0xdd, 0xdd, 0xdd,

    /* U+4E03 "七" */
    0x0, 0x0, 0xe1, 0x0, 0x0, 0x0, 0x0, 0x0,
    0xe1, 0x0, 0x0, 0x0, 0x0, 0x0, 0xe1, 0x0,
    0x1, 0x31, 0x3, 0x56, 0xfb, 0xce, 0xed, 0xb2,
    0x4a, 0x97, 0xf4, 0x20, 0x0, 0x0, 0x0, 0x0,
    0xe1, 0x0, 0x0, 0x0, 0x0, 0x0, 0xe1, 0x0,
    0x0, 0x0, 0x0, 0x0, 0xe1, 0x0, 0x0, 0x90,
    0x0, 0x0, 0xe2, 0x0, 0x2, 0xf0, 0x0, 0x0,
    0x9f, 0xff, 0xfe, 0x70,

    /* U+4E0A "上" */
    0x0, 0x0, 0xf, 0x0, 0x0, 0x0, 0x0, 0x0,
    0xf, 0x0, 0x0, 0x0, 0x0, 0x0, 0xf, 0x0,
    0x0, 0x0, 0x0, 0x0, 0xf, 0xee, 0xee, 0x80,
    0x0, 0x0, 0xf, 0x0, 0x0, 0x0, 0x0, 0x0,
    0xf, 0x0, 0x0, 0x0, 0x0, 0x0, 0xf, 0x0,
    0x0, 0x0, 0x0, 0x0, 0xf, 0x0, 0x0, 0x0,
    0x2, 0x22, 0x2f, 0x22, 0x22, 0x20, 0xc, 0xcc,
    0xcc, 0xcc, 0xcc, 0xc1,

    /* U+4E0B "下" */
    0x2e, 0xee, 0xef, 0xee, 0xee, 0xe2, 0x0, 0x0,
    0xd, 0x10, 0x0, 0x0, 0x0, 0x0, 0xd, 0x10,
    0x0, 0x0, 0x0, 0x0, 0xd, 0x40, 0x0, 0x0,
    0x0, 0x0, 0xd, 0xda, 0x10, 0x0, 0x0, 0x0,
    0xd, 0x18, 0xe4, 0x0, 0x0, 0x0, 0xd, 0x10,
    0x5a, 0x0, 0x0, 0x0, 0xd, 0x10, 0x0, 0x0,
    0x0, 0x0, 0xd, 0x10, 0x0, 0x0, 0x0, 0x0,
    0xd, 0x10, 0x0, 0x0,

    /* U+4E0D "不" */
    0x1f, 0xff, 0xff, 0xff, 0xff, 0xf0, 0x0, 0x0,
    0x6, 0xb0, 0x0, 0x0, 0x0, 0x0, 0x2f, 0x40,
    0x0, 0x0, 0x0, 0x1, 0xde, 0x4c, 0x50, 0x0,
    0x0, 0x1d, 0x5c, 0x41, 0xd7, 0x0, 0x2, 0xd6,
    0xc, 0x40, 0x1d, 0x60, 0x3e, 0x40, 0xc, 0x40,
    0x2, 0xe3, 0x1, 0x0, 0xc, 0x40, 0x0, 0x10,
    0x0, 0x0, 0xc, 0x40, 0x0, 0x0, 0x0, 0x0,
    0xc, 0x40, 0x0, 0x0,

    /* U+4E0E "与" */
    0x0, 0x96, 0x0, 0x0, 0x0, 0x0, 0x9, 0x60,
    0x0, 0x0, 0x0, 0x0, 0x9e, 0xee, 0xee, 0xee,
    0xd0, 0x9, 0x60, 0x0, 0x0, 0x0, 0x0, 0x96,
    0x0, 0x0, 0x0, 0x0, 0x9, 0xee, 0xee, 0xee,
    0xe3, 0x0, 0x0, 0x0, 0x0, 0xa, 0x30, 0x33,
    0x33, 0x33, 0x30, 0xc2, 0xa, 0xaa, 0xaa, 0xaa,
    0x1d, 0x10, 0x0, 0x0, 0x0, 0x1, 0xe0, 0x0,
    0x0, 0x0, 0xae, 0xe6, 0x0,

    /* U+4E13 "专" */
    0x0, 0x0, 0x6, 0x0, 0x0, 0x0, 0x0, 0x22,
    0x2f, 0x22, 0x22, 0x0, 0x3, 0xcc, 0xdf, 0xcc,
    0xcc, 0x20, 0x0, 0x0, 0x79, 0x0, 0x0, 0x0,
    0x2e, 0xee, 0xfe, 0xee, 0xee, 0xe0, 0x0, 0x2,
    0xe0, 0x0, 0x0, 0x0, 0x0, 0x3, 0xfe, 0xee,
    0xeb, 0x0, 0x0, 0x1, 0x0, 0x2, 0xe5, 0x0,
    0x0, 0xb, 0xe8, 0x4e, 0x50, 0x0, 0x0, 0x0,
    0x39, 0xfb, 0x0, 0x0, 0x0, 0x0, 0x0, 0x2a,
    0x70, 0x0, 0x0, 0x0, 0x0, 0x0, 0x0, 0x0,

    /* U+4E2A "个" */
    0x0, 0x0, 0x1, 0xa0, 0x0, 0x0, 0x0, 0x0,
    0xb, 0xf4, 0x0, 0x0, 0x0, 0x0, 0x9b, 0x3e,
    0x20, 0x0, 0x0, 0x9, 0xc0, 0x5, 0xe4, 0x0,
    0x2, 0xcb, 0x3, 0x80, 0x4e, 0xa3, 0xd, 0x70,
    0x4, 0xb0, 0x1, 0x96, 0x0, 0x0, 0x4, 0xb0,
    0x0, 0x0, 0x0, 0x0, 0x4, 0xb0, 0x0, 0x0,
    0x0, 0x0, 0x4, 0xb0, 0x0, 0x0, 0x0, 0x0,
    0x4, 0xb0, 0x0, 0x0, 0x0, 0x0, 0x4, 0xb0,
    0x0, 0x0,

    /* U+4E2D "中" */
    0x0, 0x0, 0xd1, 0x0, 0x0, 0x0, 0x0, 0xd1,
    0x0, 0x0, 0xce, 0xee, 0xfe, 0xee, 0xeb, 0xd1,
    0x0, 0xd1, 0x0, 0x2c, 0xd1, 0x0, 0xd1, 0x0,
    0x2c, 0xd1, 0x0, 0xd1, 0x0, 0x2c, 0xde, 0xee,
    0xfe, 0xee, 0xec, 0xc1, 0x0, 0xd1, 0x0, 0x2a,
    0x0, 0x0, 0xd1, 0x0, 0x0, 0x0, 0x0, 0xd1,
    0x0, 0x0, 0x0, 0x0, 0xd1, 0x0, 0x0,

    /* U+4E48 "么" */
    0x0, 0x0, 0x4, 0x0, 0x0, 0x0, 0x0, 0x0,
    0x5c, 0x0, 0x0, 0x0, 0x0, 0x0, 0xd4, 0x3,
    0x0, 0x0, 0x0, 0x8, 0xa0, 0x3e, 0x0, 0x0,
    0x0, 0x3e, 0x10, 0xb6, 0x0, 0x0, 0x2, 0xe4,
    0x5, 0xd0, 0x0, 0x0, 0xd, 0x60, 0x1e, 0x30,
    0x20, 0x0, 0x1, 0x0, 0xc8, 0x0, 0xd3, 0x0,
    0x0, 0xa, 0xb0, 0x0, 0x5d, 0x0, 0x0, 0xbc,
    0x34, 0x69, 0xcf, 0x60, 0x0, 0xbb, 0xa9, 0x74,
    0x15, 0xc0, 0x0, 0x0, 0x0, 0x0, 0x0, 0x0,

    /* U+4E50 "乐" */
    0x0, 0x0, 0x2, 0x47, 0x80, 0x0, 0xad, 0xdc,
    0xa8, 0x63, 0x0, 0xe, 0x0, 0x7, 0x0, 0x0,
    0x0, 0xe0, 0x1, 0xd0, 0x0, 0x0, 0x2d, 0x0,
    0x1d, 0x0, 0x0, 0x1, 0xcd, 0xdd, 0xfd, 0xdd,
    0x80, 0x0, 0x20, 0x1d, 0x1, 0x0, 0x0, 0x3e,
    0x11, 0xd0, 0x89, 0x0, 0x1d, 0x50, 0x1d, 0x0,
    0xc6, 0xb, 0x80, 0x1, 0xd0, 0x2, 0xe1, 0x10,
    0x9, 0xea, 0x0, 0x1, 0x0,

    /* U+4E8B "事" */
    0x0, 0x0, 0x8, 0x70, 0x0, 0x0, 0x1e, 0xee,
    0xef, 0xfe, 0xee, 0xe4, 0x5, 0xee, 0xef, 0xfe,
    0xee, 0x50, 0x6, 0xb6, 0x6b, 0xa6, 0x6b, 0x50,
    0x3, 0x88, 0x8c, 0xb8, 0x88, 0x30, 0xc, 0xee,
    0xef, 0xfe, 0xee, 0x70, 0x16, 0x66, 0x6b, 0xa6,
    0x6a, 0xb3, 0x17, 0x77, 0x7b, 0xb7, 0x7b, 0xb4,
    0xc, 0xdd, 0xde, 0xed, 0xde, 0x80, 0x0, 0x0,
    0x8, 0x70, 0x4, 0x40, 0x0, 0xa, 0xee, 0x30,
    0x0, 0x0,

    /* U+4E8C "二" */
    0x1, 0x22, 0x22, 0x22, 0x22, 0x0, 0x6, 0xcc,
    0xcc, 0xcc, 0xcc, 0x0, 0x0, 0x0, 0x0, 0x0,
    0x0, 0x0, 0x0, 0x0, 0x0, 0x0, 0x0, 0x0,
    0x0, 0x0, 0x0, 0x0, 0x0, 0x0, 0x0, 0x0,
    0x0, 0x0, 0x0, 0x0, 0x0, 0x0, 0x0, 0x0,
    0x0, 0x0, 0x0, 0x0, 0x0, 0x0, 0x0, 0x0,
    0x8e, 0xee, 0xee, 0xee, 0xee, 0xe1,

    /* U+4E8E "于" */
    0x4, 0xee, 0xee, 0xfe, 0xee, 0x80, 0x0, 0x0,
    0x2, 0xc0, 0x0, 0x0, 0x0, 0x0, 0x2, 0xc0,
    0x0, 0x0, 0x0, 0x0, 0x2, 0xc0, 0x0, 0x0,
    0x1e, 0xee, 0xee, 0xfe, 0xee, 0xe6, 0x0, 0x0,
    0x2, 0xc0, 0x0, 0x0, 0x0, 0x0, 0x2, 0xc0,
    0x0, 0x0, 0x0, 0x0, 0x2, 0xc0, 0x0, 0x0,
    0x0, 0x0, 0x2, 0xc0, 0x0, 0x0, 0x0, 0x2,
    0xee, 0x80, 0x0, 0x0,

    /* U+4E92 "互" */
    0xa, 0xee, 0xfe, 0xee, 0xee, 0xe3, 0x0, 0x3,
    0xb0, 0x0, 0x0, 0x0, 0x0, 0x7, 0xdb, 0xbb,
    0xbb, 0x20, 0x0, 0xb, 0x42, 0x22, 0x2d, 0x10,
    0x0, 0xe, 0x0, 0x0, 0xd, 0x0, 0x0, 0x4b,
    0x11, 0x11, 0x5a, 0x0, 0x0, 0x3d, 0xdd, 0xdd,
    0xf6, 0x0, 0x0, 0x0, 0x0, 0x0, 0xd2, 0x0,
    0x1, 0x11, 0x11, 0x12, 0xe1, 0x10, 0x2d, 0xdd,
    0xdd, 0xdd, 0xdd, 0xd8,

    /* U+4EA4 "交" */
    0x0, 0x0, 0x7, 0x0, 0x0, 0x0, 0x0, 0x0,
    0xc, 0x40, 0x0, 0x0, 0x2e, 0xee, 0xee, 0xee,
    0xee, 0xe1, 0x0, 0x7, 0x30, 0x2, 0x60, 0x0,
    0x1, 0xac, 0x10, 0x1, 0xbb, 0x10, 0xe, 0x92,
    0x0, 0x0, 0x39, 0xb0, 0x1, 0xd, 0x60, 0x9,
    0x90, 0x10, 0x0, 0x1, 0xd7, 0x8d, 0x0, 0x0,
    0x0, 0x0, 0x2f, 0xf4, 0x0, 0x0, 0x0, 0x28,
    0xe8, 0x6e, 0xb4, 0x0, 0x3d, 0xd8, 0x10, 0x0,
    0x6c, 0xf3, 0x2, 0x0, 0x0, 0x0, 0x0, 0x20,

    /* U+4EAE "亮" */
    0x0, 0x0, 0x3, 0x70, 0x0, 0x0, 0x1c, 0xcc,
    0xcd, 0xec, 0xcc, 0xc7, 0x0, 0x27, 0x77, 0x77,
    0x76, 0x0, 0x0, 0x5a, 0x55, 0x55, 0x5d, 0x0,
    0x0, 0x4c, 0xcc, 0xcc, 0xca, 0x0, 0x5, 0x99,
    0x99, 0x99, 0x99, 0x90, 0x9, 0x74, 0x44, 0x44,
    0x44, 0xe0, 0x6, 0x32, 0xfd, 0xde, 0x60, 0x80,
    0x0, 0x3, 0xc0, 0x7, 0x60, 0x0, 0x0, 0xa,
    0x80, 0x7, 0x70, 0x77, 0xb, 0xe9, 0x0, 0x4,
    0xee, 0xd2, 0x1, 0x0, 0x0, 0x0, 0x0, 0x0,

    /* U+4EC0 "什" */
    0x0, 0xc, 0x10, 0xd, 0x10, 0x0, 0x0, 0x3c,
    0x0, 0xd, 0x10, 0x0, 0x0, 0xb5, 0x0, 0xd,
    0x10, 0x0, 0x5, 0xf0, 0x0, 0xd, 0x10, 0x0,
    0x1e, 0xf2, 0xee, 0xef, 0xee, 0xe5, 0x58, 0xe0,
    0x0, 0xd, 0x10, 0x0, 0x0, 0xe0, 0x0, 0xd,
    0x10, 0x0, 0x0, 0xe0, 0x0, 0xd, 0x10, 0x0,
    0x0, 0xe0, 0x0, 0xd, 0x10, 0x0, 0x0, 0xe0,
    0x0, 0xd, 0x10, 0x0, 0x0, 0xc0, 0x0, 0xd,
    0x10, 0x0,

    /* U+4EE5 "以" */
    0x0, 0x0, 0x0, 0x2, 0xc0, 0x3, 0xb0, 0x20,
    0x0, 0x2c, 0x0, 0x3b, 0xc, 0x50, 0x2, 0xc0,
    0x3, 0xb0, 0x2e, 0x10, 0x2c, 0x0, 0x3b, 0x0,
    0x98, 0x4, 0xb0, 0x3, 0xb0, 0x1, 0x10, 0x79,
    0x0, 0x3b, 0x0, 0x0, 0xb, 0x60, 0x3, 0xb1,
    0x8d, 0x2, 0xfc, 0x0, 0x3e, 0xe9, 0x10, 0xaa,
    0xc8, 0x0, 0x71, 0x1, 0xac, 0x2, 0xf3, 0x0,
    0x3, 0xe8, 0x0, 0x7, 0x90, 0x0, 0x1, 0x0,
    0x0, 0x0,

    /* U+4F1A "会" */
    0x0, 0x0, 0x4, 0x80, 0x0, 0x0, 0x0, 0x0,
    0x4e, 0xd3, 0x0, 0x0, 0x0, 0x6, 0xd2, 0x2e,
    0x70, 0x0, 0x2, 0xbb, 0x10, 0x1, 0xcc, 0x30,
    0x2d, 0x56, 0xee, 0xee, 0x77, 0xe3, 0x0, 0x0,
    0x0, 0x0, 0x0, 0x0, 0xd, 0xee, 0xee, 0xee,
    0xee, 0xd0, 0x0, 0x0, 0xe4, 0x2, 0x30, 0x0,
    0x0, 0xa, 0xb0, 0x4, 0xe2, 0x0, 0x0, 0x9e,
    0x34, 0x69, 0xed, 0x0, 0x0, 0xdc, 0xba, 0x75,
    0x2a, 0x70, 0x0, 0x0, 0x0, 0x0, 0x0, 0x0,

    /* U+4F26 "伦" */
    0x0, 0x9, 0x0, 0x27, 0x0, 0x0, 0x0, 0x3b,
    0x0, 0xbe, 0x20, 0x0, 0x0, 0xb5, 0x8, 0xa3,
    0xd2, 0x0, 0x5, 0xf0, 0x8d, 0x0, 0x4e, 0x40,
    0x1e, 0xf7, 0xb4, 0x0, 0x4, 0xe1, 0x56, 0xe1,
    0xe, 0x10, 0x36, 0x0, 0x0, 0xe0, 0xe, 0x4a,
    0xe6, 0x0, 0x0, 0xe0, 0xe, 0xc5, 0x0, 0x0,
    0x0, 0xe0, 0xe, 0x10, 0x2, 0x30, 0x0, 0xe0,
    0xd, 0x30, 0x8, 0x80, 0x0, 0xe0, 0x8, 0xdd,
    0xdb, 0x20,

    /* U+4F34 "伴" */
    0x0, 0x49, 0x21, 0xf, 0x1, 0x20, 0x0, 0x96,
    0x79, 0xf, 0x8, 0x70, 0x0, 0xe1, 0xe, 0x1f,
    0xe, 0x10, 0x7, 0xd0, 0x3, 0xf, 0x4, 0x0,
    0x1e, 0xd0, 0xee, 0xef, 0xee, 0xe0, 0x4a, 0xd0,
    0x0, 0xf, 0x0, 0x0, 0x2, 0xd0, 0x0, 0xf,
    0x0, 0x0, 0x1, 0xd7, 0xee, 0xef, 0xee, 0xe6,
    0x1, 0xd0, 0x0, 0xf, 0x0, 0x0, 0x1, 0xd0,
    0x0, 0xf, 0x0, 0x0, 0x1, 0xd0, 0x0, 0xf,
    0x0, 0x0, 0x0, 0x0, 0x0, 0x0, 0x0, 0x0,

    /* U+4F60 "你" */
    0x0, 0x8, 0x5, 0x20, 0x0, 0x0, 0x0, 0x3c,
    0xc, 0x20, 0x0, 0x0, 0x0, 0xb5, 0x2f, 0xee,
    0xee, 0xe0, 0x4, 0xf0, 0xa7, 0x3, 0x5, 0xb0,
    0x1e, 0xf1, 0xd0, 0xd, 0x14, 0x20, 0x56, 0xe0,
    0x7, 0xd, 0x19, 0x0, 0x0, 0xe0, 0xe, 0xd,
    0x1b, 0x40, 0x0, 0xe0, 0x4a, 0xd, 0x16, 0x90,
    0x0, 0xe0, 0xc4, 0xd, 0x13, 0xd0, 0x0, 0xe0,
    0x50, 0xd, 0x10, 0x50, 0x0, 0xe0, 0x8, 0xee,
    0x0, 0x0, 0x0, 0x0, 0x0, 0x0, 0x0, 0x0,

    /* U+4FBF "便" */
    0x0, 0x21, 0x0, 0x0, 0x0, 0x0, 0x0, 0xb6,
    0xdd, 0xdf, 0xdd, 0xd5, 0x1, 0xe0, 0x8a, 0xaf,
    0xaa, 0x90, 0x7, 0xe0, 0xe2, 0x2e, 0x32, 0xe0,
    0x1d, 0xe0, 0xeb, 0xbf, 0xcb, 0xe0, 0x25, 0xe0,
    0xe1, 0x1d, 0x21, 0xe0, 0x0, 0xe0, 0xed, 0xdf,
    0xdd, 0xe0, 0x0, 0xe0, 0x71, 0x1d, 0x0, 0x0,
    0x0, 0xe0, 0x7e, 0xb9, 0x0, 0x0, 0x0, 0xe0,
    0x1c, 0xfd, 0x63, 0x0, 0x0, 0xe8, 0xc8, 0x25,
    0xad, 0xe9, 0x0, 0x0, 0x0, 0x0, 0x0, 0x0,

    /* U+4FCA "俊" */
    0x0, 0x0, 0x0, 0x0, 0x0, 0x0, 0x0, 0x39,
    0x3, 0xc0, 0x32, 0x0, 0x0, 0x96, 0x2d, 0x40,
    0x4d, 0x10, 0x0, 0xe0, 0xde, 0xcd, 0xdd, 0x90,
    0x7, 0xd0, 0x25, 0x0, 0x63, 0x30, 0x1f, 0xd0,
    0x6b, 0x0, 0x4d, 0x70, 0x49, 0xd4, 0xc4, 0xc0,
    0x1, 0x70, 0x1, 0xd0, 0x1d, 0xdc, 0xcf, 0x10,
    0x1, 0xd2, 0xde, 0x80, 0x6a, 0x0, 0x1, 0xd2,
    0x60, 0xcb, 0xc1, 0x0, 0x1, 0xd0, 0x26, 0xdc,
    0xe8, 0x20, 0x1, 0xd6, 0xd8, 0x20, 0x18, 0xd5,
    0x0, 0x0, 0x0, 0x0, 0x0, 0x0,

    /* U+4FEE "修" */
    0x0, 0x36, 0x0, 0x72, 0x0, 0x0, 0x0, 0x96,
    0x12, 0xfc, 0xbb, 0x60, 0x0, 0xe6, 0x9d, 0xd3,
    0x2e, 0x40, 0x5, 0xe5, 0x84, 0x4d, 0xd6, 0x0,
    0xd, 0xe5, 0x96, 0xbc, 0xbc, 0x71, 0x19, 0xe5,
    0x87, 0x33, 0x94, 0x71, 0x0, 0xe5, 0x87, 0xdb,
    0x42, 0x0, 0x0, 0xe5, 0x81, 0x14, 0xbc, 0x20,
    0x0, 0xe5, 0x89, 0xea, 0x43, 0xc1, 0x0, 0xe1,
    0x21, 0x26, 0xbc, 0x30, 0x0, 0xe0, 0xd, 0xc8,
    0x30, 0x0,

    /* U+505C "停" */
    0x0, 0x53, 0x0, 0x46, 0x0, 0x0, 0x0, 0xc7,
    0xdd, 0xef, 0xdd, 0xd3, 0x1, 0xe0, 0x68, 0x88,
    0x88, 0x60, 0x8, 0xb0, 0xd5, 0x44, 0x45, 0xd0,
    0xe, 0xb0, 0xbc, 0xcc, 0xcc, 0xc0, 0x2b, 0xb4,
    0x88, 0x88, 0x88, 0x85, 0x3, 0xb9, 0x74, 0x44,
    0x44, 0x7a, 0x3, 0xb5, 0x8c, 0xce, 0xcc, 0x87,
    0x3, 0xb0, 0x0, 0xd, 0x0, 0x0, 0x3, 0xb0,
    0x0, 0xd, 0x0, 0x0, 0x3, 0xb0, 0xb, 0xec,
    0x0, 0x0,

    /* U+50CF "像" */
    0x0, 0x27, 0x1, 0x90, 0x0, 0x0, 0x0, 0x88,
    0x4d, 0xcc, 0xe6, 0x0, 0x0, 0xe8, 0xfa, 0x89,
    0xf8, 0x70, 0x8, 0xf1, 0xe4, 0x4f, 0x44, 0xe0,
    0x3e, 0xe0, 0xec, 0xdf, 0xcc, 0xe0, 0x44, 0xe0,
    0x2a, 0xf5, 0x3, 0xa0, 0x0, 0xe4, 0xe8, 0x9f,
    0x8f, 0x40, 0x0, 0xe1, 0x7d, 0x9b, 0xab, 0x30,
    0x0, 0xe3, 0x85, 0xcb, 0x96, 0xa0, 0x0, 0xe5,
    0xdb, 0x35, 0x90, 0xe5, 0x0, 0xe2, 0x11, 0xee,
    0x30, 0x20,

    /* U+5143 "元" */
    0x4, 0xee, 0xee, 0xee, 0xee, 0x40, 0x0, 0x0,
    0x0, 0x0, 0x0, 0x0, 0x0, 0x0, 0x0, 0x0,
    0x0, 0x0, 0xe, 0xee, 0xee, 0xee, 0xee, 0xe0,
    0x0, 0x2, 0xc0, 0x1d, 0x0, 0x0, 0x0, 0x3,
    0xb0, 0x1d, 0x0, 0x0, 0x0, 0x6, 0x90, 0x1d,
    0x0, 0x0, 0x0, 0xd, 0x40, 0x1d, 0x0, 0x85,
    0x2, 0xc9, 0x0, 0x1d, 0x0, 0xc4, 0x3e, 0x60,
    0x0, 0xd, 0xff, 0xc0, 0x0, 0x0, 0x0, 0x0,
    0x0, 0x0,

    /* U+5149 "光" */
    0x0, 0x0, 0x8, 0x70, 0x0, 0x0, 0x0, 0xa1,
    0x8, 0x70, 0xb, 0x20, 0x0, 0xbb, 0x8, 0x70,
    0x6c, 0x0, 0x0, 0x1e, 0x28, 0x70, 0xd2, 0x0,
    0x2, 0x23, 0x29, 0x82, 0x22, 0x20, 0xc, 0xcc,
    0xfc, 0xde, 0xcc, 0xc0, 0x0, 0x1, 0xe0, 0x69,
    0x0, 0x0, 0x0, 0x7, 0x90, 0x69, 0x0, 0x0,
    0x0, 0x1e, 0x20, 0x69, 0x0, 0x20, 0x2, 0xd6,
    0x0, 0x69, 0x0, 0xc3, 0x2e, 0x50, 0x0, 0x3e,
    0xee, 0xd0, 0x0, 0x0, 0x0, 0x0, 0x0, 0x0,

    /* U+5165 "入" */
    0x0, 0x0, 0x25, 0x0, 0x0, 0x0, 0x0, 0x0,
    0x2e, 0x10, 0x0, 0x0, 0x0, 0x0, 0x9, 0x90,
    0x0, 0x0, 0x0, 0x0, 0xb, 0xf1, 0x0, 0x0,
    0x0, 0x0, 0x1e, 0xa7, 0x0, 0x0, 0x0, 0x0,
    0x89, 0x3d, 0x0, 0x0, 0x0, 0x1, 0xe1, 0xc,
    0x40, 0x0, 0x0, 0xb, 0x80, 0x5, 0xc0, 0x0,
    0x0, 0x9c, 0x0, 0x0, 0xc8, 0x0, 0xa, 0xd1,
    0x0, 0x0, 0x1e, 0x80, 0x2b, 0x10, 0x0, 0x0,
    0x2, 0xd3, 0x0, 0x0, 0x0, 0x0, 0x0, 0x0,

    /* U+5168 "全" */
    0x0, 0x0, 0x8, 0x60, 0x0, 0x0, 0x0, 0x0,
    0x8c, 0xd5, 0x0, 0x0, 0x0, 0xa, 0xc0, 0x2d,
    0x70, 0x0, 0x4, 0xd9, 0x0, 0x1, 0xbc, 0x20,
    0x5e, 0xee, 0xee, 0xee, 0xed, 0xf3, 0x11, 0x0,
    0x9, 0x60, 0x0, 0x20, 0x0, 0x0, 0x9, 0x60,
    0x0, 0x0, 0x0, 0xce, 0xef, 0xee, 0xea, 0x0,
    0x0, 0x0, 0x9, 0x60, 0x0, 0x0, 0x1, 0x11,
    0x19, 0x71, 0x11, 0x0, 0xb, 0xdd, 0xdd, 0xdd,
    0xdd, 0x80,

    /* U+5173 "关" */
    0x0, 0x3, 0x0, 0x0, 0x50, 0x0, 0x0, 0xc,
    0x40, 0x6, 0xb0, 0x0, 0x0, 0x25, 0x62, 0x2e,
    0x42, 0x0, 0x4, 0xcc, 0xce, 0xdc, 0xcc, 0x40,
    0x0, 0x0, 0xa, 0x40, 0x0, 0x0, 0x1, 0x11,
    0x1b, 0x51, 0x11, 0x10, 0xb, 0xcc, 0xcf, 0xfc,
    0xcc, 0xa0, 0x0, 0x0, 0x2f, 0xd2, 0x0, 0x0,
    0x0, 0x0, 0xc8, 0x4d, 0x20, 0x0, 0x0, 0x4d,
    0xb0, 0x5, 0xf8, 0x10, 0x1d, 0xe6, 0x0, 0x0,
    0x3c, 0xf2, 0x2, 0x0, 0x0, 0x0, 0x0, 0x20,

    /* U+5176 "其" */
    0x0, 0x59, 0x0, 0x0, 0xd1, 0x0, 0x1, 0x7a,
    0x22, 0x22, 0xd3, 0x10, 0xb, 0xee, 0xdd, 0xdd,
    0xfd, 0x70, 0x0, 0x59, 0x11, 0x11, 0xd1, 0x0,
    0x0, 0x5e, 0xbb, 0xbb, 0xf1, 0x0, 0x0, 0x59,
    0x0, 0x0, 0xd1, 0x0, 0x0, 0x5e, 0xcc, 0xcc,
    0xf1, 0x0, 0x12, 0x7a, 0x22, 0x22, 0xd4, 0x20,
    0x6a, 0xaa, 0xaa, 0xaa, 0xaa, 0xa1, 0x0, 0x3b,
    0x60, 0xc, 0x93, 0x0, 0x3d, 0xd6, 0x0, 0x0,
    0x6d, 0x90, 0x2, 0x0, 0x0, 0x0, 0x0, 0x20,

    /* U+5178 "典" */
    0x0, 0x0, 0xf0, 0x68, 0x0, 0x0, 0x2, 0x33,
    0xf3, 0x89, 0x33, 0x0, 0xa, 0xca, 0xfa, 0xcd,
    0xae, 0x20, 0xa, 0x50, 0xf0, 0x68, 0xc, 0x20,
    0xa, 0x62, 0xf2, 0x79, 0x2d, 0x20, 0xa, 0xca,
    0xfa, 0xcd, 0xae, 0x20, 0xa, 0x50, 0xf0, 0x68,
    0xc, 0x20, 0x2b, 0x62, 0xf2, 0x89, 0x2d, 0x40,
    0x9b, 0xbb, 0xbb, 0xbb, 0xbb, 0xb3, 0x0, 0x4b,
    0x70, 0x1c, 0x61, 0x0, 0xd, 0xd5, 0x0, 0x3,
    0x8e, 0x70, 0x2, 0x0, 0x0, 0x0, 0x0, 0x10,

    /* U+5185 "内" */
    0x0, 0x0, 0xd1, 0x0, 0x0, 0x0, 0x0, 0xd1,
    0x0, 0x0, 0xbd, 0xdd, 0xfd, 0xdd, 0xd2, 0xd2,
    0x0, 0xe0, 0x0, 0xb3, 0xd2, 0x2, 0xf2, 0x0,
    0xb3, 0xd2, 0x9, 0x9d, 0x30, 0xb3, 0xd2, 0x4d,
    0x3, 0xd1, 0xb3, 0xd5, 0xe3, 0x0, 0x6b, 0xb3,
    0xd4, 0x30, 0x0, 0x2, 0xb3, 0xd2, 0x0, 0x0,
    0x10, 0xc3, 0xd2, 0x0, 0x0, 0xcf, 0xd0, 0x10,
    0x0, 0x0, 0x0, 0x0,

    /* U+518D "再" */
    0xb, 0xee, 0xee, 0xfe, 0xee, 0xe3, 0x0, 0x0,
    0x4, 0xb0, 0x0, 0x0, 0x0, 0xfe, 0xee, 0xfe,
    0xef, 0x70, 0x0, 0xe0, 0x4, 0xb0, 0x8, 0x70,
    0x0, 0xfd, 0xde, 0xfd, 0xde, 0x70, 0x0, 0xe0,
    0x4, 0xb0, 0x8, 0x70, 0x3e, 0xfe, 0xee, 0xfe,
    0xef, 0xf9, 0x0, 0xe0, 0x0, 0x0, 0x8, 0x70,
    0x0, 0xe0, 0x0, 0x0, 0x8, 0x60, 0x0, 0xe0,
    0x0, 0x8, 0xde, 0x30,

    /* U+51FB "击" */
    0x0, 0x0, 0x4, 0xb0, 0x0, 0x0, 0x0, 0x0,
    0x4, 0xb0, 0x0, 0x0, 0x1, 0xee, 0xee, 0xfe,
    0xee, 0xa0, 0x0, 0x0, 0x4, 0xb0, 0x0, 0x0,
    0x0, 0x0, 0x4, 0xb0, 0x0, 0x0, 0x1e, 0xee,
    0xee, 0xfe, 0xee, 0xe6, 0x0, 0x60, 0x4, 0xb0,
    0x3, 0x30, 0x0, 0xd1, 0x4, 0xb0, 0x7, 0x70,
    0x0, 0xd1, 0x4, 0xb0, 0x7, 0x70, 0x0, 0xdc,
    0xbc, 0xeb, 0xbd, 0x70, 0x0, 0x22, 0x22, 0x22,
    0x28, 0x70,

    /* U+5206 "分" */
    0x0, 0x0, 0x40, 0x4, 0x0, 0x0, 0x0, 0x8,
    0x80, 0xd, 0x50, 0x0, 0x0, 0x4d, 0x0, 0x3,
    0xe2, 0x0, 0x3, 0xe3, 0x0, 0x0, 0x6e, 0x20,
    0x3e, 0x40, 0x0, 0x0, 0x8, 0xf1, 0x14, 0x8e,
    0xfe, 0xee, 0xf4, 0x40, 0x0, 0x0, 0xc4, 0x0,
    0xb4, 0x0, 0x0, 0x1, 0xf1, 0x0, 0xc4, 0x0,
    0x0, 0xa, 0xa0, 0x0, 0xd3, 0x0, 0x1, 0xad,
    0x10, 0x1, 0xf1, 0x0, 0xd, 0x90, 0x0, 0xbf,
    0xa0, 0x0, 0x0, 0x0, 0x0, 0x0, 0x0, 0x0,

    /* U+5207 "切" */
    0x0, 0xd0, 0x0, 0x0, 0x0, 0x0, 0x0, 0xd0,
    0x2, 0xef, 0xee, 0xf0, 0x0, 0xd0, 0x1, 0xf,
    0x0, 0xe0, 0x4, 0xec, 0xc3, 0xf, 0x0, 0xd0,
    0x39, 0xe1, 0x0, 0xe, 0x0, 0xd0, 0x0, 0xd0,
    0x0, 0x1d, 0x0, 0xd0, 0x0, 0xd0, 0x0, 0x3b,
    0x0, 0xd0, 0x0, 0xd0, 0x1, 0x69, 0x0, 0xd0,
    0x0, 0xd7, 0xd4, 0xc4, 0x1, 0xc0, 0x0, 0xa6,
    0x4, 0xd0, 0x4, 0xa0, 0x0, 0x0, 0xb, 0x30,
    0xde, 0x50, 0x0, 0x0, 0x0, 0x0, 0x0, 0x0,

    /* U+5217 "列" */
    0x0, 0x0, 0x0, 0x0, 0x1, 0xd1, 0xee, 0xfe,
    0xed, 0x63, 0x1d, 0x0, 0x3b, 0x0, 0xa, 0x41,
    0xd0, 0x9, 0xb7, 0x70, 0xa4, 0x1d, 0x1, 0xe6,
    0x6e, 0xa, 0x41, 0xd0, 0xab, 0x1, 0xc0, 0xa4,
    0x1d, 0x1c, 0xaa, 0x77, 0xa, 0x41, 0xd0, 0x0,
    0x3d, 0x10, 0xa4, 0x1d, 0x0, 0xb, 0x60, 0x1,
    0x1, 0xd0, 0x2b, 0x80, 0x0, 0x1, 0x1d, 0xb,
    0x50, 0x0, 0x0, 0xdf, 0x90,

    /* U+521D "初" */
    0x0, 0x50, 0x0, 0x0, 0x0, 0x0, 0x9, 0x60,
    0xaf, 0xee, 0xed, 0xd, 0xde, 0xd0, 0xc3, 0x1,
    0xd0, 0x0, 0x97, 0xc, 0x30, 0x1d, 0x0, 0x4c,
    0x31, 0xc2, 0x2, 0xd0, 0x5f, 0xad, 0x2d, 0x10,
    0x2d, 0x5d, 0xad, 0xb0, 0xe0, 0x2, 0xc0, 0x7,
    0x6b, 0x8c, 0x0, 0x3b, 0x0, 0x76, 0xb, 0x60,
    0x5, 0xa0, 0x7, 0x65, 0xd0, 0x0, 0x97, 0x0,
    0x77, 0xc2, 0x6, 0xfc, 0x10,

    /* U+522B "别" */
    0x0, 0x0, 0x0, 0x0, 0x0, 0xd1, 0x3, 0xfe,
    0xee, 0xd0, 0x90, 0xd1, 0x3, 0xb0, 0x1, 0xd0,
    0xd1, 0xd1, 0x3, 0xea, 0xaa, 0xd0, 0xd1, 0xd1,
    0x1, 0x47, 0x54, 0x40, 0xd1, 0xd1, 0x3, 0x3d,
    0x63, 0x30, 0xd1, 0xd1, 0x9, 0x9f, 0x99, 0xf0,
    0xd1, 0xd1, 0x0, 0xf, 0x0, 0xf0, 0xd1, 0xd1,
    0x0, 0x5c, 0x0, 0xe0, 0x10, 0xd1, 0x2, 0xe4,
    0x2, 0xd0, 0x0, 0xd1, 0xd, 0x60, 0xde, 0x70,
    0x9d, 0xe0, 0x0, 0x0, 0x0, 0x0, 0x0, 0x0,

    /* U+5230 "到" */
    0x0, 0x0, 0x0, 0x0, 0x0, 0xf1, 0xee, 0xfe,
    0xeb, 0x36, 0xf, 0x0, 0x6b, 0x13, 0x5, 0x90,
    0xf0, 0xe, 0x33, 0xd0, 0x59, 0xf, 0xb, 0xd8,
    0xbf, 0x55, 0x90, 0xf0, 0x78, 0x84, 0x57, 0x59,
    0xf, 0x0, 0xb, 0x40, 0x5, 0x90, 0xf0, 0xab,
    0xec, 0xb5, 0x59, 0xf, 0x0, 0xb, 0x40, 0x0,
    0x10, 0xf0, 0x57, 0xdd, 0xec, 0x0, 0xf, 0xb,
    0x96, 0x41, 0x0, 0xaf, 0xb0,

    /* U+5236 "制" */
    0x2, 0x59, 0x50, 0x0, 0x0, 0xe0, 0x8d, 0xdc,
    0xb6, 0x9, 0xf, 0x1d, 0x3a, 0x73, 0x10, 0xe0,
    0xf4, 0xa1, 0x96, 0x11, 0xe, 0xf, 0x5c, 0xce,
    0xdc, 0xc1, 0xe0, 0xf0, 0x0, 0x95, 0x0, 0xe,
    0xf, 0xe, 0xef, 0xee, 0xc0, 0xe0, 0xf0, 0xe0,
    0x95, 0x2c, 0xe, 0xf, 0xe, 0x9, 0x52, 0xc0,
    0x40, 0xf0, 0xe0, 0x99, 0xd9, 0x1, 0xf, 0x0,
    0x9, 0x50, 0x0, 0xbe, 0xb0,

    /* U+524D "前" */
    0x0, 0x9, 0x20, 0x1, 0x90, 0x0, 0x0, 0x6,
    0x60, 0x9, 0x90, 0x0, 0x2d, 0xdd, 0xdd, 0xdd,
    0xdd, 0xd3, 0x1, 0x33, 0x32, 0x0, 0x2, 0x50,
    0x8, 0xca, 0xac, 0xa, 0x34, 0x90, 0x8, 0x73,
    0x4c, 0xb, 0x34, 0x90, 0x8, 0xb9, 0x9c, 0xb,
    0x34, 0x90, 0x8, 0x84, 0x5c, 0xb, 0x34, 0x90,
    0x8, 0xa8, 0x9c, 0xb, 0x34, 0x90, 0x8, 0x40,
    0x1c, 0x1, 0x5, 0x90, 0x8, 0x46, 0xe8, 0x0,
    0xde, 0x60, 0x0, 0x0, 0x0, 0x0, 0x0, 0x0,

    /* U+52A8 "动" */
    0x0, 0x0, 0x0, 0x3, 0xb0, 0x0, 0x9, 0xdd,
    0xd3, 0x3, 0xb0, 0x0, 0x0, 0x0, 0x0, 0x8b,
    0xe9, 0x92, 0x0, 0x0, 0x0, 0x48, 0xc5, 0xc3,
    0x1e, 0xff, 0xe9, 0x5, 0x90, 0xa3, 0x0, 0xa6,
    0x0, 0x6, 0x80, 0xa3, 0x0, 0xe1, 0x81, 0x9,
    0x50, 0xb2, 0x6, 0x90, 0x77, 0xd, 0x10, 0xb2,
    0xd, 0x67, 0xcc, 0x4c, 0x0, 0xc1, 0xa, 0x85,
    0x16, 0xd4, 0x0, 0xe0, 0x0, 0x0, 0x9, 0x70,
    0x7e, 0x90, 0x0, 0x0, 0x0, 0x0, 0x0, 0x0,

    /* U+533A "区" */
    0xde, 0xee, 0xee, 0xee, 0xea, 0xd, 0x11, 0x0,
    0x0, 0x40, 0x0, 0xd1, 0xaa, 0x0, 0x4d, 0x0,
    0xd, 0x10, 0x9b, 0x2e, 0x30, 0x0, 0xd1, 0x0,
    0x8f, 0x80, 0x0, 0xd, 0x10, 0xb, 0xdd, 0x10,
    0x0, 0xd1, 0x1b, 0xa0, 0x8c, 0x0, 0xd, 0x1d,
    0x80, 0x0, 0xa6, 0x0, 0xd1, 0x20, 0x0, 0x0,
    0x0, 0xb, 0xdd, 0xdd, 0xdd, 0xdd, 0xd1,

    /* U+5341 "十" */
    0x0, 0x0, 0x4, 0xa0, 0x0, 0x0, 0x0, 0x0,
    0x4, 0xa0, 0x0, 0x0, 0x0, 0x0, 0x4, 0xa0,
    0x0, 0x0, 0x0, 0x0, 0x4, 0xa0, 0x0, 0x0,
    0x1e, 0xee, 0xee, 0xfe, 0xee, 0xe7, 0x0, 0x0,
    0x4, 0xa0, 0x0, 0x0, 0x0, 0x0, 0x4, 0xa0,
    0x0, 0x0, 0x0, 0x0, 0x4, 0xa0, 0x0, 0x0,
    0x0, 0x0, 0x4, 0xa0, 0x0, 0x0, 0x0, 0x0,
    0x4, 0xa0, 0x0, 0x0, 0x0, 0x0, 0x4, 0xa0,
    0x0, 0x0,

    /* U+5348 "午" */
    0x0, 0x4, 0x0, 0x0, 0x0, 0x0, 0x0, 0x1f,
    0x32, 0x22, 0x22, 0x10, 0x0, 0x7d, 0xbb, 0xfb,
    0xbb, 0x80, 0x2, 0xe1, 0x0, 0xe0, 0x0, 0x0,
    0x9, 0x70, 0x0, 0xe0, 0x0, 0x0, 0x3, 0x33,
    0x33, 0xe3, 0x33, 0x31, 0x1b, 0xbb, 0xbb, 0xfb,
    0xbb, 0xb6, 0x0, 0x0, 0x0, 0xe0, 0x0, 0x0,
    0x0, 0x0, 0x0, 0xe0, 0x0, 0x0, 0x0, 0x0,
    0x0, 0xe0, 0x0, 0x0, 0x0, 0x0, 0x0, 0xe0,
    0x0, 0x0,

    /* U+534E "华" */
    0x0, 0x0, 0x0, 0x0, 0x0, 0x0, 0x0, 0x7,
    0x70, 0xd2, 0x2, 0x0, 0x0, 0x2e, 0x10, 0xd2,
    0x7d, 0x10, 0x2, 0xe9, 0x0, 0xdd, 0xa1, 0x0,
    0xe, 0xd9, 0x2c, 0xf5, 0x0, 0x20, 0x3, 0x69,
    0x4, 0xd2, 0x0, 0xf1, 0x0, 0x69, 0x0, 0xcd,
    0xce, 0xc0, 0x0, 0x23, 0x7, 0x52, 0x21, 0x0,
    0x2c, 0xcc, 0xce, 0xdc, 0xcc, 0xc1, 0x2, 0x22,
    0x29, 0x72, 0x22, 0x20, 0x0, 0x0, 0x9, 0x60,
    0x0, 0x0, 0x0, 0x0, 0x9, 0x60, 0x0, 0x0,

    /* U+5355 "单" */
    0x0, 0x6, 0x30, 0x1, 0xa0, 0x0, 0x0, 0x3,
    0x70, 0x8, 0x80, 0x0, 0x1, 0xfe, 0xef, 0xfe,
    0xef, 0x0, 0x1, 0xd0, 0x8, 0x70, 0xe, 0x0,
    0x1, 0xfe, 0xef, 0xfe, 0xef, 0x0, 0x1, 0xd0,
    0x8, 0x70, 0xe, 0x0, 0x1, 0xfe, 0xef, 0xfe,
    0xef, 0x0, 0x0, 0x0, 0x8, 0x70, 0x0, 0x0,
    0x2d, 0xdd, 0xde, 0xed, 0xdd, 0xd2, 0x0, 0x0,
    0x8, 0x70, 0x0, 0x0, 0x0, 0x0, 0x8, 0x70,
    0x0, 0x0,

    /* U+5357 "南" */
    0x0, 0x0, 0x5, 0x90, 0x0, 0x0, 0x2d, 0xdd,
    0xde, 0xed, 0xdd, 0xd8, 0x1, 0x11, 0x16, 0x91,
    0x11, 0x10, 0x7, 0xcc, 0xcd, 0xec, 0xcc, 0x90,
    0x9, 0x51, 0x51, 0x18, 0x23, 0xb0, 0x9, 0x40,
    0xb4, 0x1d, 0x2, 0xb0, 0x9, 0x4c, 0xde, 0xed,
    0xd3, 0xb0, 0x9, 0x40, 0x5, 0x80, 0x2, 0xb0,
    0x9, 0x7d, 0xde, 0xed, 0xd7, 0xb0, 0x9, 0x40,
    0x5, 0x80, 0x3, 0xb0, 0x9, 0x40, 0x2, 0x40,
    0xef, 0x70, 0x0, 0x0, 0x0, 0x0, 0x0, 0x0,

    /* U+5361 "卡" */
    0x0, 0x0, 0xb, 0x30, 0x0, 0x0, 0x0, 0x0,
    0xb, 0x30, 0x0, 0x0, 0x0, 0x0, 0xb, 0xee,
    0xed, 0x0, 0x0, 0x0, 0xb, 0x30, 0x0, 0x0,
    0x1f, 0xff, 0xff, 0xff, 0xff, 0xf3, 0x0, 0x0,
    0x4, 0x10, 0x0, 0x0, 0x0, 0x0, 0xb, 0x40,
    0x0, 0x0, 0x0, 0x0, 0xb, 0xe9, 0x10, 0x0,
    0x0, 0x0, 0xb, 0x48, 0xf8, 0x0, 0x0, 0x0,
    0xb, 0x30, 0x15, 0x0, 0x0, 0x0, 0xb, 0x30,
    0x0, 0x0,

    /* U+5385 "厅" */
    0xd, 0xee, 0xee, 0xee, 0xee, 0xd0, 0xd1, 0x0,
    0x0, 0x0, 0x0, 0xd, 0x7f, 0xff, 0xff, 0xff,
    0xb0, 0xd1, 0x0, 0xc, 0x30, 0x0, 0xe, 0x10,
    0x0, 0xc3, 0x0, 0x0, 0xf0, 0x0, 0xc, 0x30,
    0x0, 0xe, 0x0, 0x0, 0xc3, 0x0, 0x3, 0xc0,
    0x0, 0xc, 0x30, 0x0, 0x78, 0x0, 0x10, 0xd3,
    0x0, 0x8, 0x30, 0x6, 0xee, 0x10, 0x0, 0x0,
    0x0, 0x0, 0x0, 0x0, 0x0,

    /* U+5386 "历" */
    0xd, 0xee, 0xee, 0xee, 0xee, 0xd0, 0xd1, 0x0,
    0x38, 0x0, 0x0, 0xd, 0x10, 0x5, 0xa0, 0x0,
    0x0, 0xd1, 0xbe, 0xef, 0xee, 0xe3, 0xe, 0x10,
    0x9, 0x60, 0xc, 0x30, 0xf0, 0x0, 0xc3, 0x0,
    0xc3, 0xe, 0x0, 0x2e, 0x0, 0xc, 0x23, 0xc0,
    0xa, 0x70, 0x0, 0xd2, 0x78, 0x8, 0xc0, 0x0,
    0xe, 0x8, 0x32, 0x90, 0x0, 0x8f, 0x90,

    /* U+539F "原" */
    0xd, 0xee, 0xee, 0xee, 0xee, 0xd0, 0xd, 0x10,
    0x7, 0x50, 0x0, 0x0, 0xd, 0x1d, 0xcc, 0xcc,
    0xcf, 0x0, 0xd, 0x1d, 0x66, 0x66, 0x6e, 0x0,
    0xe, 0x1d, 0x55, 0x55, 0x5e, 0x0, 0xf, 0xd,
    0xcc, 0xcc, 0xcf, 0x0, 0xe, 0x1, 0x51, 0xd2,
    0x31, 0x0, 0x3c, 0x7, 0x90, 0xd1, 0xab, 0x0,
    0x78, 0x5d, 0x10, 0xe1, 0xb, 0xb0, 0x83, 0x62,
    0x4e, 0xd0, 0x1, 0x30, 0x0, 0x0, 0x0, 0x0,
    0x0, 0x0,

    /* U+53BB "去" */
    0x0, 0x0, 0x4, 0xa0, 0x0, 0x0, 0x0, 0x0,
    0x4, 0xa0, 0x0, 0x0, 0x6, 0xee, 0xee, 0xfe,
    0xee, 0x90, 0x0, 0x0, 0x4, 0xa0, 0x0, 0x0,
    0x0, 0x0, 0x4, 0xa0, 0x0, 0x0, 0x2f, 0xff,
    0xff, 0xff, 0xff, 0xf9, 0x0, 0x0, 0x3e, 0x10,
    0x0, 0x0, 0x0, 0x0, 0xd6, 0x3, 0xc0, 0x0,
    0x0, 0xa, 0xb0, 0x0, 0xb7, 0x0, 0x0, 0xae,
    0x33, 0x69, 0xdf, 0x10, 0x0, 0xff, 0xdc, 0x96,
    0x3a, 0x80, 0x0, 0x0, 0x0, 0x0, 0x2, 0x20,

    /* U+53CC "双" */
    0x3f, 0xff, 0xf8, 0xff, 0xff, 0xd0, 0x0, 0x0,
    0xd1, 0x95, 0x4, 0xb0, 0xc, 0x10, 0xf0, 0x59,
    0x7, 0x90, 0x5, 0xc2, 0xc0, 0x2d, 0xa, 0x50,
    0x0, 0x9e, 0x80, 0xc, 0x4e, 0x10, 0x0, 0xe,
    0x60, 0x6, 0xeb, 0x0, 0x0, 0x2e, 0xe1, 0x1,
    0xf5, 0x0, 0x0, 0xb5, 0x89, 0x9, 0xdc, 0x0,
    0x8, 0xb0, 0x4, 0x8d, 0xb, 0xa0, 0x2c, 0x0,
    0x6, 0xc1, 0x1, 0xc4, 0x0, 0x0, 0x0, 0x0,
    0x0, 0x0,

    /* U+53CD "反" */
    0x0, 0x0, 0x0, 0x24, 0x79, 0x0, 0x0, 0xdd,
    0xdd, 0xb9, 0x74, 0x0, 0x0, 0xe0, 0x0, 0x0,
    0x0, 0x0, 0x0, 0xe0, 0x0, 0x0, 0x0, 0x0,
    0x0, 0xff, 0xee, 0xee, 0xee, 0x0, 0x0, 0xe9,
    0x70, 0x0, 0x69, 0x0, 0x1, 0xd1, 0xe1, 0x0,
    0xd3, 0x0, 0x3, 0xc0, 0x6d, 0x19, 0x90, 0x0,
    0x7, 0x80, 0x7, 0xfc, 0x0, 0x0, 0xd, 0x31,
    0x7e, 0x8c, 0xc5, 0x0, 0x3b, 0x1e, 0x92, 0x0,
    0x4a, 0xe0, 0x0, 0x0, 0x0, 0x0, 0x0, 0x0,

    /* U+53D1 "发" */
    0x0, 0x0, 0x9, 0x0, 0x40, 0x0, 0x0, 0xd1,
    0xe, 0x1, 0xc6, 0x0, 0x5, 0xa0, 0x4a, 0x0,
    0x16, 0x0, 0x8, 0xff, 0xff, 0xff, 0xff, 0xb0,
    0x0, 0x0, 0xe1, 0x0, 0x0, 0x0, 0x0, 0x6,
    0xfd, 0xdd, 0xdd, 0x10, 0x0, 0x1e, 0xc6, 0x11,
    0x6b, 0x0, 0x0, 0xc6, 0x1d, 0x44, 0xe2, 0x0,
    0x1c, 0x80, 0x3, 0xff, 0x40, 0x0, 0x36, 0x15,
    0x9e, 0x88, 0xe9, 0x30, 0x0, 0x2b, 0x61, 0x0,
    0x17, 0xa0,

    /* U+53E4 "古" */
    0x0, 0x0, 0x8, 0x70, 0x0, 0x0, 0x0, 0x0,
    0x8, 0x70, 0x0, 0x0, 0x2, 0x22, 0x29, 0x82,
    0x22, 0x20, 0x2b, 0xbb, 0xbd, 0xdb, 0xbb, 0xb1,
    0x0, 0x0, 0x8, 0x70, 0x0, 0x0, 0x0, 0x0,
    0x8, 0x70, 0x0, 0x0, 0x0, 0xde, 0xee, 0xee,
    0xef, 0x0, 0x0, 0xd1, 0x0, 0x0, 0xf, 0x0,
    0x0, 0xd1, 0x0, 0x0, 0xf, 0x0, 0x0, 0xdd,
    0xdd, 0xdd, 0xdf, 0x0, 0x0, 0xd2, 0x11, 0x11,
    0x1f, 0x0,

    /* U+53E5 "句" */
    0x0, 0x7, 0x10, 0x0, 0x0, 0x0, 0x4, 0xd0,
    0x0, 0x0, 0x0, 0x2, 0xee, 0xee, 0xee, 0xee,
    0xc1, 0xd5, 0x0, 0x0, 0x0, 0x3c, 0x3, 0x9b,
    0xbb, 0xb0, 0x3, 0xc0, 0xd, 0x32, 0x2e, 0x10,
    0x3c, 0x0, 0xd1, 0x0, 0xd1, 0x4, 0xb0, 0xd,
    0xcc, 0xcf, 0x10, 0x5b, 0x0, 0xd3, 0x22, 0xb0,
    0x6, 0x90, 0x1, 0x0, 0x0, 0x0, 0xa7, 0x0,
    0x0, 0x0, 0x1e, 0xfd, 0x10,

    /* U+53EF "可" */
    0x2e, 0xee, 0xee, 0xee, 0xef, 0xe9, 0x0, 0x0,
    0x0, 0x0, 0x1e, 0x0, 0x0, 0x11, 0x11, 0x10,
    0x1e, 0x0, 0x0, 0xdc, 0xcd, 0xa0, 0x1e, 0x0,
    0x0, 0xd1, 0x4, 0xa0, 0x1e, 0x0, 0x0, 0xd1,
    0x4, 0xa0, 0x1e, 0x0, 0x0, 0xde, 0xee, 0x90,
    0x1e, 0x0, 0x0, 0x90, 0x0, 0x0, 0x1e, 0x0,
    0x0, 0x0, 0x0, 0x0, 0x1d, 0x0, 0x0, 0x0,
    0x0, 0xb, 0xe9, 0x0,

    /* U+53F0 "台" */
    0x0, 0x4, 0x60, 0x0, 0x0, 0x0, 0x1, 0xe3,
    0x0, 0x20, 0x0, 0x0, 0xc7, 0x0, 0x2e, 0x40,
    0x1, 0xc9, 0x0, 0x2, 0x8f, 0x20, 0xcf, 0xdd,
    0xed, 0xb9, 0x9c, 0x1, 0x10, 0x0, 0x0, 0x0,
    0x10, 0x1d, 0xdd, 0xdd, 0xdd, 0xd0, 0x1, 0xd0,
    0x0, 0x0, 0xf, 0x0, 0x1d, 0x0, 0x0, 0x0,
    0xf0, 0x1, 0xfc, 0xcc, 0xcc, 0xcf, 0x0, 0x1d,
    0x11, 0x11, 0x11, 0xf0, 0x0,

    /* U+53F2 "史" */
    0x0, 0x0, 0xe, 0x10, 0x0, 0x0, 0x1, 0x11,
    0xe2, 0x11, 0x10, 0xb, 0xdd, 0xdf, 0xdd, 0xde,
    0x0, 0xb3, 0x0, 0xe1, 0x1, 0xe0, 0xb, 0x30,
    0xe, 0x10, 0x1e, 0x0, 0xbe, 0xee, 0xfe, 0xee,
    0xd0, 0x0, 0x10, 0xe, 0x0, 0x0, 0x0, 0x2d,
    0x34, 0xb0, 0x0, 0x0, 0x0, 0x3d, 0xd4, 0x0,
    0x0, 0x0, 0x27, 0xec, 0xe9, 0x52, 0x0, 0x7e,
    0x92, 0x1, 0x7b, 0xdf, 0xa0, 0x0, 0x0, 0x0,
    0x0, 0x0,

    /* U+53F6 "叶" */
    0x0, 0x0, 0x0, 0x1d, 0x0, 0xc, 0xee, 0xb0,
    0x1, 0xd0, 0x0, 0xe1, 0x2d, 0x0, 0x1d, 0x0,
    0xe, 0x12, 0xd0, 0x1, 0xd0, 0x0, 0xe1, 0x2d,
    0xae, 0xef, 0xee, 0x6e, 0x12, 0xd0, 0x1, 0xd0,
    0x0, 0xe1, 0x2d, 0x0, 0x1d, 0x0, 0xe, 0xee,
    0xd0, 0x1, 0xd0, 0x0, 0xd0, 0x16, 0x0, 0x1d,
    0x0, 0x0, 0x0, 0x0, 0x1, 0xd0, 0x0, 0x0,
    0x0, 0x0, 0x1d, 0x0, 0x0,

    /* U+5408 "合" */
    0x0, 0x0, 0x8, 0xa0, 0x0, 0x0, 0x0, 0x0,
    0xab, 0xba, 0x10, 0x0, 0x0, 0x4d, 0x70, 0x8,
    0xe6, 0x0, 0x2b, 0xc3, 0x0, 0x0, 0x3c, 0xd3,
    0x25, 0x8f, 0xff, 0xff, 0xf7, 0x50, 0x0, 0x0,
    0x0, 0x0, 0x0, 0x0, 0x0, 0xdd, 0xdd, 0xdd,
    0xdc, 0x0, 0x0, 0xe1, 0x11, 0x11, 0x1f, 0x0,
    0x0, 0xe0, 0x0, 0x0, 0xf, 0x0, 0x0, 0xfc,
    0xcc, 0xcc, 0xcf, 0x0, 0x0, 0xe1, 0x11, 0x11,
    0x1f, 0x0,

    /* U+540C "同" */
    0xde, 0xee, 0xee, 0xee, 0xed, 0xd1, 0x0, 0x0,
    0x0, 0x1d, 0xd1, 0xde, 0xee, 0xed, 0x1d, 0xd1,
    0x0, 0x0, 0x0, 0x1d, 0xd1, 0x3e, 0xee, 0xe3,
    0x1d, 0xd1, 0x4b, 0x0, 0xb3, 0x1d, 0xd1, 0x4b,
    0x0, 0xb3, 0x1d, 0xd1, 0x3e, 0xee, 0xe3, 0x1d,
    0xd1, 0x0, 0x0, 0x0, 0x1d, 0xd1, 0x0, 0x0,
    0x1e, 0xf9, 0x10, 0x0, 0x0, 0x0, 0x0,

    /* U+540E "后" */
    0x0, 0x0, 0x1, 0x34, 0x68, 0x0, 0x1, 0xed,
    0xdc, 0xa9, 0x75, 0x10, 0x1, 0xe0, 0x0, 0x0,
    0x0, 0x0, 0x1, 0xfd, 0xdd, 0xdd, 0xdd, 0xd2,
    0x1, 0xe1, 0x11, 0x11, 0x11, 0x10, 0x1, 0xe0,
    0x0, 0x0, 0x0, 0x0, 0x2, 0xd3, 0xfe, 0xee,
    0xef, 0x30, 0x4, 0xb3, 0xb0, 0x0, 0xc, 0x30,
    0x8, 0x93, 0xb0, 0x0, 0xc, 0x30, 0x1e, 0x33,
    0xfe, 0xee, 0xef, 0x30, 0x2a, 0x3, 0xb0, 0x0,
    0xc, 0x30, 0x0, 0x0, 0x0, 0x0, 0x0, 0x0,

    /* U+542C "听" */
    0x0, 0x0, 0x24, 0x57, 0xa7, 0xe, 0xee, 0x1d,
    0xb9, 0x85, 0x20, 0xe0, 0xd1, 0xd2, 0x0, 0x0,
    0xe, 0xd, 0x1d, 0x20, 0x0, 0x0, 0xe0, 0xd1,
    0xde, 0xee, 0xfe, 0x2e, 0xd, 0x1d, 0x20, 0x3c,
    0x0, 0xe0, 0xd1, 0xe1, 0x3, 0xc0, 0xf, 0xef,
    0x3e, 0x0, 0x3c, 0x0, 0xd0, 0x78, 0x90, 0x3,
    0xc0, 0x0, 0x0, 0xe3, 0x0, 0x3c, 0x0, 0x0,
    0x18, 0x0, 0x3, 0xc0, 0x0,

    /* U+5438 "吸" */
    0xdd, 0xc4, 0xee, 0xdd, 0xe0, 0xe, 0xe, 0x8,
    0x60, 0x5a, 0x0, 0xe0, 0xe0, 0x95, 0xa, 0x50,
    0xe, 0xe, 0xa, 0x70, 0xad, 0xf1, 0xe0, 0xe0,
    0xce, 0x0, 0x2d, 0xe, 0xe, 0xf, 0x98, 0x7,
    0x70, 0xfd, 0xe4, 0xb0, 0xd6, 0xe1, 0xe, 0x0,
    0xc5, 0x4, 0xf8, 0x0, 0x0, 0x8c, 0x18, 0xe6,
    0xd9, 0x0, 0xa, 0x14, 0x91, 0x0, 0x92,

    /* U+544A "告" */
    0x0, 0xb, 0x3, 0xb0, 0x0, 0x0, 0x0, 0x6b,
    0x3, 0xb0, 0x0, 0x0, 0x1, 0xee, 0xee, 0xfe,
    0xee, 0xb0, 0x4, 0x80, 0x3, 0xb0, 0x0, 0x0,
    0x18, 0x88, 0x8a, 0xe8, 0x88, 0x85, 0x4, 0x44,
    0x44, 0x44, 0x44, 0x42, 0x0, 0x8b, 0xbb, 0xbb,
    0xbb, 0x40, 0x0, 0xc4, 0x22, 0x22, 0x2a, 0x50,
    0x0, 0xc2, 0x0, 0x0, 0x9, 0x50, 0x0, 0xcc,
    0xbb, 0xbb, 0xbe, 0x50, 0x0, 0xc4, 0x22, 0x22,
    0x2a, 0x50,

    /* U+5468 "周" */
    0x1, 0xfe, 0xee, 0xee, 0xee, 0xf1, 0x1, 0xd0,
    0x1, 0xf0, 0x0, 0xd1, 0x1, 0xd4, 0xdd, 0xfd,
    0xd3, 0xd1, 0x1, 0xd1, 0x34, 0xf3, 0x32, 0xd1,
    0x1, 0xd4, 0x99, 0x99, 0x95, 0xd1, 0x2, 0xc0,
    0xbc, 0xcc, 0xb0, 0xd1, 0x4, 0xb0, 0xe0, 0x0,
    0xe0, 0xd1, 0x8, 0x80, 0xec, 0xcc, 0xe0, 0xd1,
    0xd, 0x30, 0x0, 0x0, 0x0, 0xd1, 0x1c, 0x0,
    0x0, 0x0, 0xad, 0xd0, 0x0, 0x0, 0x0, 0x0,
    0x0, 0x0,

    /* U+548C "和" */
    0x0, 0x36, 0xa9, 0x0, 0x0, 0x4, 0xeb, 0xf4,
    0x14, 0xdd, 0xdd, 0x0, 0xf, 0x0, 0x49, 0x0,
    0xe3, 0xbb, 0xfb, 0xa4, 0x90, 0xe, 0x13, 0x6f,
    0x43, 0x49, 0x0, 0xe0, 0xa, 0xfc, 0x4, 0x90,
    0xe, 0x2, 0xcf, 0x8b, 0x49, 0x0, 0xe0, 0xc4,
    0xf0, 0x64, 0x90, 0xe, 0x69, 0xf, 0x0, 0x49,
    0x0, 0xe0, 0x0, 0xf0, 0x4, 0xed, 0xdf, 0x0,
    0xf, 0x0, 0x13, 0x0, 0x40,

    /* U+5496 "咖" */
    0x0, 0x3, 0xb0, 0x0, 0x0, 0xed, 0x63, 0xb0,
    0xe, 0xef, 0xd6, 0xad, 0xfd, 0x5e, 0xd, 0xd6,
    0x73, 0xa7, 0x6e, 0xd, 0xd6, 0x74, 0xa7, 0x6e,
    0xd, 0xd6, 0x75, 0x97, 0x6e, 0xd, 0xd6, 0x77,
    0x77, 0x6e, 0xd, 0xfe, 0x7a, 0x48, 0x5e, 0xd,
    0xd4, 0x6d, 0x9, 0x4e, 0xd, 0x20, 0x87, 0xb,
    0x2e, 0xdf, 0x0, 0xa0, 0xdb, 0xe, 0xd, 0x0,
    0x0, 0x0, 0x0, 0x0,

    /* U+54CD "响" */
    0x0, 0x0, 0x0, 0x72, 0x0, 0x99, 0x91, 0x0,
    0xe1, 0x0, 0xe4, 0xc4, 0xfe, 0xee, 0xef, 0xe0,
    0xb4, 0xe0, 0x0, 0xd, 0xe0, 0xb4, 0xe1, 0xfd,
    0x7d, 0xe0, 0xb4, 0xe1, 0xc5, 0x7d, 0xe0, 0xb4,
    0xe1, 0xc5, 0x7d, 0xfd, 0xf4, 0xe1, 0xc5, 0x7d,
    0xe0, 0x83, 0xe0, 0xed, 0x6d, 0x20, 0x2, 0xe0,
    0x0, 0xd, 0x0, 0x2, 0xe0, 0x4, 0xeb, 0x0,
    0x0, 0x10, 0x0, 0x0,

    /* U+5561 "啡" */
    0x0, 0x0, 0x0, 0xe0, 0xe0, 0x0, 0xc, 0xcb,
    0x0, 0xe0, 0xe0, 0x0, 0xf, 0x3e, 0x9d, 0xe0,
    0xed, 0xc0, 0xe, 0xe, 0x0, 0xe0, 0xe0, 0x0,
    0xe, 0xe, 0x0, 0xe0, 0xe0, 0x0, 0xe, 0xe,
    0x8d, 0xe0, 0xed, 0x90, 0xe, 0xe, 0x0, 0xe0,
    0xe0, 0x0, 0xf, 0xee, 0x0, 0xe0, 0xe0, 0x0,
    0xe, 0x1b, 0xbd, 0xe0, 0xed, 0xd2, 0x2, 0x0,
    0x0, 0xe0, 0xe0, 0x0, 0x0, 0x0, 0x0, 0xe0,
    0xe0, 0x0,

    /* U+5582 "喂" */
    0xe, 0xec, 0xf, 0xcf, 0xcd, 0xd0, 0xe, 0xe,
    0xf, 0x8f, 0x89, 0xd0, 0xe, 0xe, 0xe, 0x3e,
    0x34, 0xd0, 0xe, 0xe, 0xf, 0xaf, 0xaa, 0xd0,
    0xe, 0xe, 0x14, 0x44, 0x44, 0x30, 0xe, 0xe,
    0x7f, 0xdf, 0xdd, 0xd5, 0xf, 0xee, 0xb, 0x29,
    0x81, 0x91, 0xd, 0x7, 0xb, 0x21, 0xde, 0x50,
    0x0, 0x0, 0xb, 0x7c, 0x4d, 0xa2, 0x0, 0x0,
    0x8, 0x92, 0x0, 0x84,

    /* U+55DC "嗜" */
    0x0, 0x0, 0x0, 0x77, 0x0, 0x20, 0xa, 0xa9,
    0x5c, 0xee, 0xc4, 0xe1, 0xf, 0x5e, 0x0, 0x87,
    0x6e, 0x30, 0xe, 0xe, 0xbc, 0xef, 0xcc, 0xc7,
    0xe, 0xe, 0x4b, 0xe9, 0x8b, 0xa0, 0xe, 0xe,
    0x67, 0xe8, 0x53, 0x86, 0xe, 0xe, 0x0, 0x68,
    0x88, 0x70, 0xf, 0xee, 0x1f, 0xcc, 0xcc, 0xd0,
    0xe, 0xa, 0x1f, 0x99, 0x99, 0xd0, 0x3, 0x0,
    0x1e, 0x33, 0x34, 0xd0, 0x0, 0x0, 0x1f, 0xdd,
    0xdd, 0xd0,

    /* U+5668 "器" */
    0x8, 0xed, 0xe4, 0x6e, 0xde, 0x80, 0x8, 0x72,
    0x94, 0x69, 0x28, 0x80, 0x4, 0x88, 0x86, 0x48,
    0xb8, 0x40, 0x8, 0xbb, 0xbf, 0xcb, 0xfc, 0xb0,
    0x1, 0x38, 0xe6, 0x5d, 0x62, 0x20, 0x2d, 0xe9,
    0x20, 0x2, 0x9d, 0xc2, 0x4, 0xcc, 0xc5, 0x5c,
    0xcc, 0x70, 0x4, 0xa1, 0x87, 0x78, 0x18, 0x70,
    0x4, 0xa0, 0x77, 0x77, 0x7, 0x70, 0x4, 0xfd,
    0xe7, 0x7e, 0xde, 0x70,

    /* U+56DE "回" */
    0xde, 0xee, 0xee, 0xee, 0xec, 0xd1, 0x0, 0x0,
    0x0, 0x2c, 0xd1, 0x2e, 0xee, 0xe0, 0x2c, 0xd1,
    0x2c, 0x0, 0xe0, 0x2c, 0xd1, 0x2c, 0x0, 0xe0,
    0x2c, 0xd1, 0x2c, 0x0, 0xe0, 0x2c, 0xd1, 0x2e,
    0xee, 0xe0, 0x2c, 0xd1, 0x0, 0x0, 0x0, 0x2c,
    0xde, 0xee, 0xee, 0xee, 0xec, 0xd1, 0x0, 0x0,
    0x0, 0x2c,

    /* U+5728 "在" */
    0x0, 0x0, 0x25, 0x0, 0x0, 0x0, 0x0, 0x0,
    0x98, 0x0, 0x0, 0x0, 0x1d, 0xde, 0xfd, 0xdd,
    0xdd, 0xd5, 0x0, 0x9, 0x80, 0x8, 0x0, 0x0,
    0x0, 0x8c, 0x0, 0xf, 0x0, 0x0, 0x4, 0xf4,
    0x8b, 0xbf, 0xbb, 0xa0, 0x2e, 0xe3, 0x22, 0x2f,
    0x22, 0x20, 0x15, 0xb3, 0x0, 0xf, 0x0, 0x0,
    0x0, 0xb3, 0x0, 0xf, 0x0, 0x0, 0x0, 0xb4,
    0x22, 0x2f, 0x22, 0x20, 0x0, 0xb7, 0xcc, 0xcc,
    0xcc, 0xc4,

    /* U+573A "场" */
    0x2, 0xb0, 0x5f, 0xff, 0xff, 0x10, 0x2b, 0x0,
    0x0, 0x5c, 0x40, 0x6c, 0xeb, 0x4, 0xb8, 0x0,
    0x0, 0x2b, 0x8, 0xfd, 0xcc, 0xc9, 0x2, 0xb0,
    0x1, 0xd3, 0xd5, 0xc0, 0x2b, 0x0, 0x4c, 0x1d,
    0x2c, 0x3, 0xdb, 0x1d, 0x38, 0x73, 0xb8, 0xe9,
    0x3c, 0x73, 0xe1, 0x4b, 0x10, 0x0, 0x42, 0xd4,
    0x6, 0x90, 0x0, 0x0, 0x96, 0xd, 0xe3, 0x0,
    0x0, 0x0, 0x0, 0x0, 0x0,

    /* U+5747 "均" */
    0x0, 0x0, 0x0, 0x10, 0x0, 0x0, 0x2b, 0x0,
    0x69, 0x0, 0x0, 0x2, 0xb0, 0xc, 0xbb, 0xbb,
    0xc7, 0xef, 0xe6, 0xb1, 0x0, 0x1d, 0x2, 0xb0,
    0xa3, 0x7b, 0x1, 0xd0, 0x2b, 0x0, 0x0, 0xa2,
    0x2d, 0x2, 0xb0, 0x0, 0x1, 0x52, 0xc0, 0x2d,
    0xa0, 0x7b, 0xe8, 0x3b, 0x7e, 0xa3, 0x8, 0x40,
    0x4, 0xa1, 0x0, 0x0, 0x0, 0x0, 0x78, 0x0,
    0x0, 0x0, 0x2e, 0xfd, 0x20,

    /* U+578B "型" */
    0x1d, 0xfd, 0xee, 0x5a, 0x48, 0x60, 0x0, 0xe0,
    0x95, 0xa, 0x48, 0x60, 0x4a, 0xfa, 0xdb, 0x7a,
    0x48, 0x60, 0x3, 0xd2, 0xa6, 0x1a, 0x48, 0x60,
    0x9, 0x80, 0x95, 0x3, 0x18, 0x60, 0x2c, 0x0,
    0x95, 0x1, 0xce, 0x50, 0x0, 0x0, 0xa, 0x40,
    0x44, 0x0, 0x9, 0xdd, 0xdf, 0xed, 0xdd, 0x40,
    0x0, 0x0, 0xb, 0x40, 0x0, 0x0, 0x8e, 0xee,
    0xef, 0xee, 0xee, 0xe1,

    /* U+57CE "城" */
    0x0, 0x0, 0x0, 0x0, 0xe0, 0x10, 0x0, 0xe,
    0x0, 0x0, 0xe, 0x2b, 0x0, 0x0, 0xe0, 0x2d,
    0xdd, 0xfd, 0xd9, 0x2, 0xef, 0xe4, 0xb0, 0xe,
    0x0, 0x0, 0x1, 0xe1, 0x2b, 0x10, 0xd0, 0x82,
    0x0, 0xe, 0x2, 0xec, 0xbc, 0x1e, 0x10, 0x0,
    0xe0, 0x3a, 0x1b, 0xa6, 0xc0, 0x0, 0xe, 0x65,
    0x92, 0xa7, 0xe7, 0x0, 0x2a, 0xe8, 0xa6, 0x69,
    0x5f, 0x18, 0x1, 0x40, 0x1e, 0x1a, 0x5d, 0xe6,
    0xd0, 0x0, 0x6, 0x60, 0xc, 0x42, 0xe6, 0x0,
    0x0, 0x0, 0x0, 0x0, 0x0, 0x0,

    /* U+57DF "域" */
    0x0, 0x0, 0x0, 0x0, 0x94, 0x10, 0x0, 0xe0,
    0x0, 0x0, 0x95, 0xb0, 0x0, 0xe0, 0x4d, 0xdd,
    0xee, 0xda, 0x2e, 0xfe, 0x20, 0x0, 0x86, 0x0,
    0x0, 0xe0, 0xf, 0xcf, 0x67, 0x49, 0x0, 0xe0,
    0xd, 0xd, 0x58, 0xb4, 0x0, 0xe0, 0xf, 0xcf,
    0x3d, 0xd0, 0x1, 0xfb, 0x0, 0x15, 0x4f, 0x40,
    0x3e, 0x92, 0x7d, 0xd8, 0xbf, 0x1a, 0x0, 0x0,
    0x22, 0xa, 0xb8, 0x7c, 0x0, 0x0, 0x0, 0x18,
    0x1, 0xd7,

    /* U+57FA "基" */
    0x0, 0xd, 0x0, 0x0, 0x95, 0x0, 0xc, 0xff,
    0xff, 0xff, 0xff, 0xf4, 0x0, 0xd, 0x22, 0x22,
    0xa5, 0x0, 0x0, 0xd, 0xaa, 0xaa, 0xd5, 0x0,
    0x0, 0xd, 0x99, 0x99, 0xd5, 0x0, 0x0, 0xd,
    0x33, 0x33, 0xa5, 0x0, 0x2d, 0xde, 0xfd, 0xdd,
    0xfd, 0xd9, 0x0, 0x7d, 0x23, 0x70, 0x8c, 0x30,
    0x1e, 0xa8, 0xde, 0xfd, 0xc5, 0xd8, 0x1, 0x0,
    0x4, 0xa0, 0x0, 0x1, 0x3, 0xdd, 0xde, 0xfd,
    0xdd, 0xa0,

    /* U+586B "填" */
    0x0, 0x0, 0x0, 0x1, 0x10, 0x0, 0x2, 0xb0,
    0x6c, 0xce, 0xdc, 0xc1, 0x2, 0xb0, 0x15, 0x5e,
    0x75, 0x40, 0x7e, 0xfe, 0x4e, 0x77, 0x78, 0xb0,
    0x2, 0xb0, 0x3e, 0xaa, 0xab, 0xb0, 0x2, 0xb0,
    0x3e, 0xbb, 0xbc, 0xb0, 0x2, 0xb0, 0x3d, 0x44,
    0x47, 0xb0, 0x2, 0xdb, 0x3e, 0x88, 0x89, 0xb0,
    0x7e, 0xa3, 0xbf, 0xcc, 0xcd, 0xf5, 0x10, 0x0,
    0x6, 0x70, 0x58, 0x10, 0x0, 0x2, 0xe9, 0x20,
    0x16, 0xe1, 0x0, 0x0, 0x0, 0x0, 0x0, 0x0,

    /* U+58EB "士" */
    0x0, 0x0, 0x8, 0x70, 0x0, 0x0, 0x0, 0x0,
    0x8, 0x70, 0x0, 0x0, 0x0, 0x0, 0x8, 0x70,
    0x0, 0x0, 0xa, 0xaa, 0xad, 0xca, 0xaa, 0xa1,
    0x3, 0x33, 0x39, 0x93, 0x33, 0x30, 0x0, 0x0,
    0x8, 0x70, 0x0, 0x0, 0x0, 0x0, 0x8, 0x70,
    0x0, 0x0, 0x0, 0x0, 0x8, 0x70, 0x0, 0x0,
    0x0, 0x0, 0x8, 0x70, 0x0, 0x0, 0x2, 0x33,
    0x39, 0x93, 0x33, 0x20, 0x7, 0xaa, 0xaa, 0xaa,
    0xaa, 0x70,

    /* U+591C "夜" */
    0x0, 0x0, 0x6, 0x80, 0x0, 0x0, 0x1c, 0xcc,
    0xcd, 0xfc, 0xcc, 0xc6, 0x2, 0x24, 0x22, 0x52,
    0x22, 0x21, 0x0, 0xe, 0x12, 0xf3, 0x22, 0x10,
    0x0, 0x6a, 0x8, 0xdb, 0xbc, 0xb0, 0x1, 0xe4,
    0x2e, 0x46, 0x9, 0x60, 0xa, 0xf4, 0xce, 0x2b,
    0x3e, 0x0, 0x1d, 0xb4, 0x65, 0xb0, 0xb6, 0x0,
    0x1, 0xa4, 0x0, 0x6e, 0xb0, 0x0, 0x0, 0xa4,
    0x4, 0xda, 0xda, 0x30, 0x0, 0xa4, 0x4c, 0x40,
    0x6, 0xd4, 0x0, 0x0, 0x0, 0x0, 0x0, 0x0,

    /* U+5927 "大" */
    0x0, 0x0, 0x9, 0x60, 0x0, 0x0, 0x0, 0x0,
    0x9, 0x60, 0x0, 0x0, 0x0, 0x0, 0x9, 0x60,
    0x0, 0x0, 0xe, 0xff, 0xff, 0xff, 0xff, 0xf0,
    0x0, 0x0, 0xb, 0xc0, 0x0, 0x0, 0x0, 0x0,
    0xf, 0xe2, 0x0, 0x0, 0x0, 0x0, 0x7a, 0x5a,
    0x0, 0x0, 0x0, 0x3, 0xe2, 0xd, 0x50, 0x0,
    0x0, 0x3e, 0x50, 0x2, 0xe4, 0x0, 0x6, 0xf5,
    0x0, 0x0, 0x4e, 0x80, 0x4c, 0x20, 0x0, 0x0,
    0x2, 0xc4, 0x0, 0x0, 0x0, 0x0, 0x0, 0x0,

    /* U+5929 "天" */
    0x6, 0xee, 0xef, 0xee, 0xee, 0x50, 0x0, 0x0,
    0x9, 0x50, 0x0, 0x0, 0x0, 0x0, 0x9, 0x50,
    0x0, 0x0, 0x1c, 0xcc, 0xce, 0xdc, 0xcc, 0xc0,
    0x2, 0x22, 0x2d, 0xb2, 0x22, 0x20, 0x0, 0x0,
    0x1f, 0xe2, 0x0, 0x0, 0x0, 0x0, 0xa9, 0x5d,
    0x0, 0x0, 0x0, 0x8, 0xd1, 0x9, 0xd2, 0x0,
    0x5, 0xdb, 0x10, 0x0, 0x8f, 0x81, 0x1b, 0x50,
    0x0, 0x0, 0x3, 0xb1,

    /* U+5931 "失" */
    0x0, 0x6, 0x4, 0xa0, 0x0, 0x0, 0x0, 0x5a,
    0x4, 0xa0, 0x0, 0x0, 0x0, 0xbe, 0xde, 0xfd,
    0xdd, 0x50, 0x3, 0xd0, 0x4, 0xa0, 0x0, 0x0,
    0xc, 0x50, 0x4, 0xa0, 0x0, 0x0, 0x4, 0x11,
    0x16, 0xa1, 0x11, 0x10, 0xb, 0xcc, 0xcf, 0xfc,
    0xcc, 0xc0, 0x0, 0x0, 0x3d, 0xc3, 0x0, 0x0,
    0x0, 0x3, 0xe3, 0x3e, 0x30, 0x0, 0x0, 0x8e,
    0x40, 0x3, 0xe8, 0x10, 0x2e, 0xb1, 0x0, 0x0,
    0x19, 0xf4, 0x2, 0x0, 0x0, 0x0, 0x0, 0x10,

    /* U+593A "夺" */
    0x0, 0x0, 0xb, 0x30, 0x0, 0x0, 0xb, 0xbb,
    0xbf, 0xbb, 0xbb, 0xb1, 0x3, 0x35, 0xf5, 0x3e,
    0x53, 0x30, 0x0, 0x3e, 0x60, 0x4, 0xd2, 0x0,
    0x8, 0xe5, 0x0, 0x0, 0x4e, 0x60, 0x19, 0x10,
    0x0, 0xc, 0x22, 0xa2, 0x9, 0xee, 0xee, 0xef,
    0xee, 0x90, 0x0, 0x15, 0x0, 0xc, 0x20, 0x0,
    0x0, 0xe, 0x30, 0xc, 0x20, 0x0, 0x0, 0x6,
    0x70, 0xc, 0x20, 0x0, 0x0, 0x0, 0x7, 0xee,
    0x0, 0x0,

    /* U+5955 "奕" */
    0x0, 0x0, 0x8, 0x40, 0x0, 0x0, 0xc, 0xcc,
    0xcd, 0xec, 0xcc, 0xc1, 0x2, 0x42, 0xd3, 0x3d,
    0x33, 0x20, 0x2, 0xe1, 0xe0, 0x1d, 0x5c, 0x0,
    0x1e, 0x55, 0xb0, 0x1d, 0x8, 0xa0, 0x4, 0x7d,
    0x25, 0xea, 0x0, 0x90, 0x0, 0x30, 0xa, 0x20,
    0x0, 0x0, 0x2e, 0xee, 0xef, 0xee, 0xee, 0xe2,
    0x0, 0x1, 0xb8, 0xc6, 0x0, 0x0, 0x2, 0x8e,
    0x80, 0x1a, 0xd7, 0x30, 0x3d, 0x92, 0x0, 0x0,
    0x29, 0xd2,

    /* U+597D "好" */
    0x0, 0x30, 0x0, 0x0, 0x0, 0x0, 0x0, 0xd1,
    0x7, 0xee, 0xee, 0xd0, 0x5d, 0xfd, 0x90, 0x0,
    0x2c, 0x40, 0x6, 0xa5, 0xa0, 0x1, 0xe3, 0x0,
    0x8, 0x66, 0x80, 0x1, 0xc0, 0x0, 0xc, 0x28,
    0xbe, 0xee, 0xfe, 0xe6, 0xe, 0x3c, 0x20, 0x1,
    0xc0, 0x0, 0x2, 0xdd, 0x0, 0x1, 0xc0, 0x0,
    0x0, 0xbe, 0x10, 0x1, 0xc0, 0x0, 0x8, 0xb6,
    0xb0, 0x1, 0xc0, 0x0, 0x2b, 0x0, 0x0, 0x6d,
    0x90, 0x0, 0x0, 0x0, 0x0, 0x0, 0x0, 0x0,

    /* U+59CB "始" */
    0x0, 0x43, 0x0, 0x6, 0x40, 0x0, 0x0, 0xa4,
    0x0, 0xd, 0x20, 0x0, 0x39, 0xea, 0x90, 0x6a,
    0xc, 0x30, 0x16, 0xd5, 0xe2, 0xd1, 0x17, 0xc0,
    0x5, 0x92, 0xc9, 0xfd, 0xc9, 0xc4, 0xa, 0x54,
    0xa0, 0x0, 0x0, 0x21, 0xc, 0x69, 0x62, 0xdd,
    0xdd, 0xc0, 0x1, 0xce, 0x13, 0xb0, 0x0, 0xe0,
    0x0, 0xae, 0x53, 0xb0, 0x0, 0xe0, 0x9, 0xc1,
    0xc4, 0xeb, 0xbb, 0xe0, 0x2b, 0x10, 0x3, 0xb1,
    0x11, 0xe0, 0x0, 0x0, 0x0, 0x0, 0x0, 0x0,

    /* U+5B50 "子" */
    0x0, 0xdf, 0xff, 0xff, 0xff, 0x70, 0x0, 0x0,
    0x0, 0x1, 0xab, 0x10, 0x0, 0x0, 0x0, 0x7d,
    0x50, 0x0, 0x0, 0x0, 0x4, 0xd0, 0x0, 0x0,
    0x1e, 0xee, 0xee, 0xfe, 0xee, 0xe7, 0x0, 0x0,
    0x4, 0xb0, 0x0, 0x0, 0x0, 0x0, 0x4, 0xb0,
    0x0, 0x0, 0x0, 0x0, 0x4, 0xb0, 0x0, 0x0,
    0x0, 0x0, 0x4, 0xb0, 0x0, 0x0, 0x0, 0x3,
    0xde, 0x80, 0x0, 0x0,

    /* U+5B64 "孤" */
    0x0, 0x0, 0x0, 0x0, 0x36, 0x30, 0xc, 0xcd,
    0xc8, 0xef, 0xbe, 0x30, 0x0, 0xb, 0x6a, 0x3d,
    0xd, 0x0, 0x0, 0x8a, 0xa, 0x3d, 0xd, 0x0,
    0x0, 0xc3, 0x1b, 0x3d, 0xc, 0x0, 0x1, 0xdd,
    0x6b, 0x2d, 0xa, 0x20, 0x1e, 0xe4, 0xc, 0x1d,
    0x8, 0x50, 0x0, 0xc2, 0xe, 0xd, 0x25, 0xa0,
    0x0, 0xc2, 0x1d, 0xd, 0x67, 0xe0, 0x0, 0xc2,
    0x5a, 0xd, 0xbc, 0xa6, 0xd, 0xe1, 0x75, 0x4,
    0x1a, 0x38, 0x0, 0x0, 0x0, 0x0, 0x0, 0x0,

    /* U+5B83 "它" */
    0x0, 0x0, 0x6, 0x10, 0x0, 0x0, 0x0, 0x0,
    0x8, 0x90, 0x0, 0x0, 0x1f, 0xdd, 0xdd, 0xdd,
    0xdd, 0xf1, 0x1e, 0x0, 0x0, 0x0, 0x0, 0xe1,
    0x2, 0x1e, 0x0, 0x0, 0x0, 0x20, 0x0, 0x1e,
    0x0, 0x5, 0xb6, 0x0, 0x0, 0x1f, 0x8c, 0xd9,
    0x40, 0x0, 0x0, 0x1f, 0x52, 0x0, 0x0, 0x0,
    0x0, 0x1e, 0x0, 0x0, 0x3, 0x70, 0x0, 0x1e,
    0x10, 0x0, 0x19, 0xa0, 0x0, 0xb, 0xef, 0xff,
    0xfc, 0x20,

    /* U+5BA4 "室" */
    0x0, 0x0, 0x6, 0x70, 0x0, 0x0, 0xb, 0xdd,
    0xdd, 0xfd, 0xdd, 0xd4, 0xe, 0x10, 0x0, 0x0,
    0x0, 0x95, 0x6, 0x5d, 0xdd, 0xdd, 0xdb, 0x42,
    0x0, 0x2, 0xe3, 0x0, 0x80, 0x0, 0x0, 0x3e,
    0x83, 0x46, 0xeb, 0x0, 0x0, 0xad, 0xbc, 0xd7,
    0x5c, 0x50, 0x0, 0x0, 0x4, 0xb0, 0x1, 0x0,
    0x3, 0xee, 0xee, 0xfe, 0xee, 0x80, 0x0, 0x0,
    0x4, 0xb0, 0x0, 0x0, 0x1e, 0xee, 0xee, 0xfe,
    0xee, 0xe8,

    /* U+5BB9 "容" */
    0x0, 0x0, 0x7, 0x70, 0x0, 0x0, 0x1d, 0xdd,
    0xde, 0xfd, 0xdd, 0xd4, 0x1d, 0x0, 0x40, 0x1,
    0x20, 0x95, 0x4, 0x3d, 0x71, 0x63, 0xd7, 0x21,
    0x3, 0xe5, 0x2d, 0xd2, 0x1c, 0x70, 0x0, 0x16,
    0xd3, 0x3d, 0x81, 0x10, 0x4, 0xcb, 0x10, 0x0,
    0x9e, 0x81, 0x2c, 0xbd, 0xcc, 0xcc, 0xcd, 0xa4,
    0x0, 0x87, 0x0, 0x0, 0x2d, 0x0, 0x0, 0x87,
    0x11, 0x11, 0x3d, 0x0, 0x0, 0x8d, 0xbb, 0xbb,
    0xcd, 0x0,

    /* U+5BCC "富" */
    0x0, 0x0, 0x6, 0x80, 0x0, 0x0, 0x1d, 0xdd,
    0xde, 0xfd, 0xdd, 0xd4, 0x1d, 0x35, 0x55, 0x55,
    0x55, 0x95, 0x5, 0x58, 0x88, 0x88, 0x87, 0x32,
    0x0, 0x6c, 0xbb, 0xbb, 0xb9, 0x0, 0x0, 0x7c,
    0x66, 0x66, 0x8b, 0x0, 0x0, 0x25, 0x55, 0x55,
    0x53, 0x0, 0x7, 0xec, 0xcd, 0xec, 0xcd, 0xc0,
    0x7, 0xc8, 0x89, 0xd8, 0x89, 0xc0, 0x7, 0xa4,
    0x46, 0xc4, 0x46, 0xc0, 0x7, 0xec, 0xcc, 0xcc,
    0xcd, 0xc0,

    /* U+5BF8 "寸" */
    0x0, 0x0, 0x0, 0x6, 0x80, 0x0, 0x0, 0x0,
    0x0, 0x6, 0x80, 0x0, 0x3d, 0xdd, 0xdd, 0xde,
    0xed, 0xd2, 0x1, 0x11, 0x11, 0x17, 0x91, 0x10,
    0x0, 0x3a, 0x0, 0x6, 0x80, 0x0, 0x0, 0xc,
    0x60, 0x6, 0x80, 0x0, 0x0, 0x3, 0xe0, 0x6,
    0x80, 0x0, 0x0, 0x0, 0x82, 0x6, 0x80, 0x0,
    0x0, 0x0, 0x0, 0x6, 0x80, 0x0, 0x0, 0x0,
    0x1, 0x7, 0x80, 0x0, 0x0, 0x0, 0x7, 0xef,
    0x50, 0x0,

    /* U+5BFC "导" */
    0x3, 0xfe, 0xee, 0xee, 0xec, 0x0, 0x3, 0xb0,
    0x0, 0x0, 0x3c, 0x0, 0x3, 0xfe, 0xee, 0xee,
    0xea, 0x0, 0x3, 0xb0, 0x0, 0x0, 0x1, 0x80,
    0x1, 0xce, 0xee, 0xee, 0xee, 0x70, 0x0, 0x0,
    0x0, 0x0, 0xb0, 0x0, 0x1d, 0xdd, 0xdd, 0xdd,
    0xfd, 0xd2, 0x0, 0x6, 0x0, 0x0, 0xe0, 0x0,
    0x0, 0x8, 0xd0, 0x0, 0xe0, 0x0, 0x0, 0x0,
    0x0, 0x8f, 0xa0, 0x0,

    /* U+5C4F "屏" */
    0x3, 0xfc, 0xcc, 0xcc, 0xcc, 0xf0, 0x3, 0xfc,
    0xcc, 0xcc, 0xcc, 0xf0, 0x3, 0xc1, 0x33, 0x11,
    0x46, 0x10, 0x3, 0xc0, 0x5c, 0x0, 0xa6, 0x0,
    0x3, 0xb8, 0xdf, 0xdd, 0xfd, 0xd0, 0x3, 0xa0,
    0xe, 0x0, 0xd1, 0x0, 0x5, 0x9b, 0xdf, 0xdd,
    0xfd, 0xd4, 0x9, 0x60, 0x5b, 0x0, 0xd2, 0x0,
    0xe, 0x25, 0xe4, 0x0, 0xd1, 0x0, 0x2b, 0xa,
    0x50, 0x0, 0xd1, 0x0, 0x0, 0x0, 0x0, 0x0,
    0x0, 0x0,

    /* U+5C55 "展" */
    0x3, 0xfc, 0xcc, 0xcc, 0xcd, 0xa0, 0x3, 0xc2,
    0x22, 0x22, 0x25, 0xa0, 0x3, 0xea, 0xbe, 0xaa,
    0xfa, 0x70, 0x3, 0xc2, 0x3d, 0x22, 0xe2, 0x10,
    0x3, 0xb9, 0xbe, 0xaa, 0xfa, 0x70, 0x3, 0xc2,
    0x3d, 0x22, 0xe2, 0x20, 0x4, 0xda, 0xfa, 0xcd,
    0xaa, 0xa3, 0x8, 0x60, 0xf0, 0x1d, 0x39, 0x50,
    0xd, 0x20, 0xf0, 0x33, 0xeb, 0x0, 0x2c, 0x0,
    0xed, 0x80, 0x1a, 0xd2, 0x0, 0x0, 0x20, 0x0,
    0x0, 0x10,

    /* U+5C71 "山" */
    0x0, 0x0, 0xd1, 0x0, 0x0, 0x0, 0x0, 0xd1,
    0x0, 0x0, 0x30, 0x0, 0xd1, 0x0, 0x50, 0xd2,
    0x0, 0xd1, 0x0, 0xe0, 0xd2, 0x0, 0xd1, 0x0,
    0xe0, 0xd2, 0x0, 0xd1, 0x0, 0xe0, 0xd2, 0x0,
    0xd1, 0x0, 0xe0, 0xd2, 0x0, 0xd1, 0x0, 0xe0,
    0xd2, 0x0, 0xd1, 0x0, 0xe0, 0xdc, 0xcc, 0xfc,
    0xcc, 0xf0, 0x11, 0x11, 0x11, 0x11, 0xe0,

    /* U+5E02 "市" */
    0x0, 0x0, 0x6, 0x20, 0x0, 0x0, 0x0, 0x0,
    0x7, 0x80, 0x0, 0x0, 0x1e, 0xee, 0xee, 0xfe,
    0xee, 0xe7, 0x0, 0x0, 0x4, 0xb0, 0x0, 0x0,
    0x0, 0xce, 0xee, 0xfe, 0xee, 0x40, 0x0, 0xe0,
    0x4, 0xb0, 0x9, 0x50, 0x0, 0xe0, 0x4, 0xb0,
    0x9, 0x50, 0x0, 0xe0, 0x4, 0xb0, 0x9, 0x50,
    0x0, 0xe0, 0x4, 0xb1, 0x2b, 0x50, 0x0, 0xc0,
    0x4, 0xb3, 0xca, 0x10, 0x0, 0x0, 0x4, 0xb0,
    0x0, 0x0,

    /* U+5E26 "带" */
    0x0, 0x0, 0x0, 0x0, 0x0, 0x0, 0x0, 0x2d,
    0x2, 0xc0, 0xd1, 0x0, 0xe, 0xef, 0xee, 0xfe,
    0xfe, 0xe1, 0x0, 0x2d, 0x2, 0xc0, 0xd1, 0x0,
    0x0, 0x16, 0x1, 0x50, 0x60, 0x0, 0x1d, 0xdd,
    0xdd, 0xdd, 0xdd, 0xd1, 0x1d, 0x0, 0x2, 0x90,
    0x0, 0xd1, 0x4, 0x9b, 0xbc, 0xeb, 0xb7, 0x40,
    0x0, 0xd3, 0x14, 0xb1, 0x5a, 0x0, 0x0, 0xd2,
    0x3, 0xb0, 0x3a, 0x0, 0x0, 0xd2, 0x3, 0xb8,
    0xd8, 0x0, 0x0, 0x20, 0x3, 0xb0, 0x10, 0x0,

    /* U+5E73 "平" */
    0x7, 0xee, 0xee, 0xfe, 0xee, 0xb0, 0x0, 0x50,
    0x4, 0xb0, 0x7, 0x10, 0x0, 0xb7, 0x4, 0xb0,
    0x3e, 0x0, 0x0, 0x2e, 0x4, 0xb0, 0xb7, 0x0,
    0x0, 0x7, 0x14, 0xb0, 0x70, 0x0, 0x1e, 0xee,
    0xee, 0xfe, 0xee, 0xe5, 0x0, 0x0, 0x4, 0xb0,
    0x0, 0x0, 0x0, 0x0, 0x4, 0xb0, 0x0, 0x0,
    0x0, 0x0, 0x4, 0xb0, 0x0, 0x0, 0x0, 0x0,
    0x4, 0xb0, 0x0, 0x0,

    /* U+5E74 "年" */
    0x0, 0x0, 0x0, 0x0, 0x0, 0x0, 0x0, 0x4b,
    0x0, 0x0, 0x0, 0x0, 0x0, 0xce, 0xdd, 0xdd,
    0xdd, 0x90, 0x6, 0xd0, 0x0, 0xd2, 0x0, 0x0,
    0x1f, 0x30, 0x0, 0xd2, 0x0, 0x0, 0x3, 0xbe,
    0xee, 0xfe, 0xee, 0x60, 0x0, 0xc2, 0x0, 0xd2,
    0x0, 0x0, 0x0, 0xc2, 0x0, 0xd2, 0x0, 0x0,
    0x2e, 0xfe, 0xee, 0xfe, 0xee, 0xe3, 0x0, 0x0,
    0x0, 0xd2, 0x0, 0x0, 0x0, 0x0, 0x0, 0xd2,
    0x0, 0x0, 0x0, 0x0, 0x0, 0xd2, 0x0, 0x0,

    /* U+5E76 "并" */
    0x0, 0x0, 0x0, 0x0, 0x0, 0x0, 0x0, 0xb,
    0x30, 0x0, 0xc2, 0x0, 0x0, 0x3, 0xb0, 0x6,
    0xb0, 0x0, 0x5, 0xcc, 0xcc, 0xcf, 0xdc, 0xc0,
    0x0, 0x25, 0xc2, 0x24, 0xc2, 0x20, 0x0, 0x3,
    0xb0, 0x3, 0xc0, 0x0, 0x0, 0x3, 0xb0, 0x3,
    0xc0, 0x0, 0x1e, 0xee, 0xfe, 0xee, 0xfe, 0xe8,
    0x0, 0x5, 0x90, 0x3, 0xc0, 0x0, 0x0, 0xc,
    0x40, 0x3, 0xc0, 0x0, 0x0, 0xaa, 0x0, 0x3,
    0xc0, 0x0, 0xa, 0x90, 0x0, 0x3, 0xc0, 0x0,
    0x0, 0x0, 0x0, 0x0, 0x0, 0x0,

    /* U+5E7F "广" */
    0x0, 0x0, 0x0, 0x50, 0x0, 0x0, 0x0, 0x22,
    0x22, 0xe4, 0x22, 0x20, 0x2, 0xfc, 0xcc, 0xcc,
    0xcc, 0xc4, 0x2, 0xc0, 0x0, 0x0, 0x0, 0x0,
    0x2, 0xc0, 0x0, 0x0, 0x0, 0x0, 0x2, 0xc0,
    0x0, 0x0, 0x0, 0x0, 0x2, 0xc0, 0x0, 0x0,
    0x0, 0x0, 0x4, 0xb0, 0x0, 0x0, 0x0, 0x0,
    0x7, 0x90, 0x0, 0x0, 0x0, 0x0, 0xc, 0x50,
    0x0, 0x0, 0x0, 0x0, 0x2e, 0x0, 0x0, 0x0,
    0x0, 0x0, 0x2, 0x0, 0x0, 0x0, 0x0, 0x0,

    /* U+5E8A "床" */
    0x0, 0x0, 0x0, 0xa1, 0x0, 0x0, 0x1, 0xdd,
    0xdd, 0xfe, 0xdd, 0xd4, 0x2, 0xc0, 0x0, 0x2,
    0x0, 0x0, 0x2, 0xc0, 0x0, 0x3b, 0x0, 0x0,
    0x2, 0xc2, 0x33, 0x6c, 0x33, 0x30, 0x2, 0xc6,
    0xaa, 0xef, 0xba, 0xa0, 0x3, 0xc0, 0x4, 0xff,
    0x90, 0x0, 0x5, 0xa0, 0x1d, 0x6b, 0xb4, 0x0,
    0x8, 0x71, 0xd7, 0x3b, 0x2e, 0x30, 0xd, 0x3d,
    0x70, 0x3b, 0x3, 0xe2, 0x2c, 0x2, 0x0, 0x3b,
    0x0, 0x20, 0x0, 0x0, 0x0, 0x0, 0x0, 0x0,

    /* U+5E8F "序" */
    0x0, 0x0, 0x0, 0x90, 0x0, 0x0, 0x1, 0xbb,
    0xbb, 0xed, 0xbb, 0xb6, 0x2, 0xd1, 0x11, 0x11,
    0x11, 0x10, 0x2, 0xc1, 0xee, 0xee, 0xef, 0xa0,
    0x2, 0xc0, 0x3, 0x52, 0xbc, 0x10, 0x2, 0xc0,
    0x1, 0xaf, 0x70, 0x0, 0x3, 0xc8, 0xdd, 0xdf,
    0xdd, 0xf6, 0x5, 0xa0, 0x0, 0x3c, 0x1, 0xe1,
    0x8, 0x70, 0x0, 0x3c, 0x2, 0x60, 0xe, 0x30,
    0x0, 0x3b, 0x0, 0x0, 0x2b, 0x0, 0xd, 0xf8,
    0x0, 0x0,

    /* U+5E93 "库" */
    0x0, 0x0, 0x1, 0xa0, 0x0, 0x0, 0x1, 0xdd,
    0xdd, 0xfd, 0xdd, 0xd4, 0x2, 0xc0, 0x0, 0x80,
    0x0, 0x0, 0x2, 0xc6, 0xac, 0xea, 0xaa, 0xa0,
    0x2, 0xc2, 0x7d, 0x35, 0x33, 0x30, 0x2, 0xc2,
    0xe3, 0xe, 0x0, 0x0, 0x3, 0xc9, 0xfd, 0xdf,
    0xdd, 0x90, 0x5, 0xa0, 0x0, 0xe, 0x0, 0x0,
    0x9, 0x79, 0xcc, 0xcf, 0xcc, 0xc4, 0xe, 0x31,
    0x22, 0x2e, 0x22, 0x20, 0x1a, 0x0, 0x0, 0xe,
    0x0, 0x0,

    /* U+5E95 "底" */
    0x0, 0x0, 0x1, 0xa0, 0x0, 0x0, 0x1, 0xdd,
    0xdd, 0xfd, 0xdd, 0xd4, 0x2, 0xc0, 0x0, 0x1,
    0x46, 0x0, 0x2, 0xc2, 0xcd, 0xef, 0xa5, 0x0,
    0x2, 0xc3, 0xb0, 0xc, 0x20, 0x0, 0x2, 0xc3,
    0xb0, 0xb, 0x30, 0x0, 0x3, 0xc3, 0xfd, 0xde,
    0xed, 0xa0, 0x5, 0xa3, 0xb0, 0x6, 0x90, 0x0,
    0x8, 0x73, 0xb0, 0x2, 0xd0, 0x42, 0xe, 0x33,
    0xc7, 0x68, 0xa6, 0xb4, 0x2b, 0x1, 0xa6, 0x1b,
    0x1c, 0xc0, 0x0, 0x0, 0x0, 0x0, 0x0, 0x0,

    /* U+5EA6 "度" */
    0x0, 0x0, 0x0, 0xa1, 0x0, 0x0, 0x1, 0xdd,
    0xdd, 0xfe, 0xdd, 0xd4, 0x2, 0xc0, 0x8, 0x0,
    0x26, 0x0, 0x2, 0xcc, 0xcf, 0xcc, 0xde, 0xc2,
    0x2, 0xc0, 0xe, 0x0, 0x3a, 0x0, 0x2, 0xc0,
    0xf, 0xcc, 0xda, 0x0, 0x3, 0xc0, 0x0, 0x0,
    0x0, 0x0, 0x5, 0xa5, 0xee, 0xcc, 0xcf, 0x80,
    0x8, 0x70, 0x2d, 0x60, 0x8c, 0x0, 0xd, 0x30,
    0x5, 0xff, 0xd2, 0x0, 0x2c, 0x3d, 0xd9, 0x42,
    0x8c, 0xe7, 0x0, 0x0, 0x0, 0x0, 0x0, 0x0,

    /* U+5EA7 "座" */
    0x0, 0x0, 0x2, 0x80, 0x0, 0x0, 0x1, 0xdd,
    0xdd, 0xfd, 0xdd, 0xd4, 0x2, 0xc0, 0x0, 0x31,
    0x0, 0x0, 0x2, 0xc0, 0xa0, 0xb3, 0xc, 0x0,
    0x2, 0xc0, 0xe1, 0xb3, 0x5d, 0x0, 0x2, 0xc5,
    0xda, 0xb3, 0xcd, 0x90, 0x3, 0xcd, 0x2b, 0xca,
    0xc1, 0xe2, 0x4, 0xa4, 0x33, 0xc7, 0x53, 0x40,
    0x8, 0x87, 0xaa, 0xeb, 0xaa, 0x90, 0xd, 0x30,
    0x0, 0xb3, 0x0, 0x0, 0x2d, 0x7e, 0xee, 0xfe,
    0xee, 0xe8, 0x0, 0x0, 0x0, 0x0, 0x0, 0x0,

    /* U+5EF6 "延" */
    0x0, 0x0, 0x0, 0x0, 0x25, 0x50, 0x1e, 0xef,
    0x99, 0xde, 0xf9, 0x50, 0x0, 0x2d, 0x21, 0x10,
    0xe0, 0x0, 0x1, 0xd3, 0x5, 0x70, 0xe1, 0x0,
    0x8, 0xfe, 0x96, 0x80, 0xfc, 0x90, 0x0, 0x5,
    0x86, 0x80, 0xe0, 0x0, 0x4, 0x18, 0x66, 0x80,
    0xe0, 0x0, 0x7, 0x8d, 0x16, 0x92, 0xe2, 0x20,
    0x1, 0xeb, 0x4, 0xcc, 0xcc, 0xc1, 0x4, 0xee,
    0x63, 0x10, 0x0, 0x0, 0x2e, 0x33, 0x9d, 0xef,
    0xff, 0xf4, 0x1, 0x0, 0x0, 0x0, 0x0, 0x0,

    /* U+5F00 "开" */
    0x2, 0xee, 0xfe, 0xee, 0xfe, 0xc0, 0x0, 0x1,
    0xd0, 0x0, 0xe0, 0x0, 0x0, 0x1, 0xd0, 0x0,
    0xe0, 0x0, 0x0, 0x1, 0xd0, 0x0, 0xe0, 0x0,
    0x1e, 0xee, 0xfe, 0xee, 0xfe, 0xe8, 0x0, 0x5,
    0x90, 0x0, 0xe0, 0x0, 0x0, 0xa, 0x50, 0x0,
    0xe0, 0x0, 0x0, 0x2e, 0x0, 0x0, 0xe0, 0x0,
    0x1, 0xd5, 0x0, 0x0, 0xe0, 0x0, 0xb, 0x70,
    0x0, 0x0, 0xe0, 0x0, 0x0, 0x0, 0x0, 0x0,
    0x0, 0x0,

    /* U+5F0F "式" */
    0x0, 0x0, 0x0, 0x5a, 0x3a, 0x10, 0x0, 0x0,
    0x0, 0x5a, 0x7, 0x30, 0x2e, 0xee, 0xee, 0xef,
    0xee, 0xe2, 0x0, 0x0, 0x0, 0x3c, 0x0, 0x0,
    0x0, 0x0, 0x0, 0x1e, 0x0, 0x0, 0xb, 0xee,
    0xee, 0x2e, 0x10, 0x0, 0x0, 0xd, 0x10, 0xb,
    0x40, 0x0, 0x0, 0xd, 0x10, 0x6, 0x90, 0x10,
    0x0, 0xd, 0x34, 0x31, 0xe0, 0x94, 0xa, 0xdf,
    0xda, 0x40, 0xa7, 0xd1, 0x5, 0x20, 0x0, 0x0,
    0x1d, 0x90,

    /* U+5F15 "引" */
    0x0, 0x0, 0x0, 0x0, 0xe0, 0xce, 0xee, 0xf1,
    0x0, 0xe0, 0x0, 0x0, 0xd1, 0x0, 0xe0, 0x6e,
    0xee, 0xf1, 0x0, 0xe0, 0x95, 0x0, 0x0, 0x0,
    0xe0, 0xc3, 0x0, 0x0, 0x0, 0xe0, 0xee, 0xee,
    0xe4, 0x0, 0xe0, 0x0, 0x0, 0xa4, 0x0, 0xe0,
    0x0, 0x0, 0xb3, 0x0, 0xe0, 0x0, 0x0, 0xe1,
    0x0, 0xe0, 0x8, 0xee, 0xa0, 0x0, 0xe0,

    /* U+5F53 "当" */
    0x3, 0x0, 0x4b, 0x0, 0x13, 0xc, 0x60, 0x4b,
    0x0, 0x99, 0x2, 0xe0, 0x4b, 0x2, 0xf2, 0x0,
    0x50, 0x4b, 0x2, 0x50, 0xe, 0xee, 0xef, 0xee,
    0xea, 0x0, 0x0, 0x0, 0x0, 0x3c, 0x0, 0x0,
    0x0, 0x0, 0x3c, 0xa, 0xee, 0xee, 0xee, 0xec,
    0x0, 0x0, 0x0, 0x0, 0x3c, 0x1b, 0xbb, 0xbb,
    0xbb, 0xbc, 0x3, 0x33, 0x33, 0x33, 0x5c,

    /* U+5F62 "形" */
    0x0, 0x0, 0x0, 0x0, 0x0, 0x20, 0xc, 0xfe,
    0xef, 0xb0, 0xa, 0xa0, 0x0, 0xd2, 0x4a, 0x1,
    0xbb, 0x0, 0x0, 0xd2, 0x4a, 0xc, 0x80, 0x40,
    0x0, 0xd2, 0x4a, 0x0, 0x9, 0xc0, 0x3e, 0xfe,
    0xef, 0xd1, 0xbc, 0x10, 0x0, 0xd1, 0x4a, 0x9,
    0x90, 0x32, 0x0, 0xe0, 0x4a, 0x0, 0x2, 0xe3,
    0x3, 0xc0, 0x4a, 0x0, 0x3e, 0x60, 0xb, 0x60,
    0x4a, 0x7, 0xe5, 0x0, 0x1b, 0x0, 0x4a, 0x2b,
    0x20, 0x0,

    /* U+5F81 "征" */
    0x0, 0x24, 0x0, 0x0, 0x0, 0x0, 0x0, 0xb5,
    0x7e, 0xef, 0xfe, 0xe1, 0xa, 0xa0, 0x0, 0x8,
    0x70, 0x0, 0x19, 0xa, 0x0, 0x8, 0x70, 0x0,
    0x0, 0xa8, 0x2a, 0x8, 0x70, 0x0, 0xa, 0xf0,
    0x3c, 0x8, 0xed, 0xb0, 0x3a, 0xe0, 0x3c, 0x8,
    0x70, 0x0, 0x0, 0xe0, 0x3c, 0x8, 0x70, 0x0,
    0x0, 0xe0, 0x3c, 0x8, 0x70, 0x0, 0x0, 0xe0,
    0x3c, 0x8, 0x70, 0x0, 0x0, 0xe3, 0xdd, 0xdd,
    0xdd, 0xd4,

    /* U+5F88 "很" */
    0x0, 0x1, 0x0, 0x0, 0x0, 0x0, 0x0, 0x89,
    0x1f, 0xee, 0xef, 0x30, 0x8, 0xc0, 0x1d, 0x0,
    0xb, 0x30, 0x19, 0x9, 0x2f, 0xee, 0xef, 0x30,
    0x0, 0x7a, 0x1d, 0x0, 0xb, 0x30, 0x7, 0xf0,
    0x1f, 0xef, 0xee, 0x30, 0x3b, 0xe0, 0x1d, 0xc,
    0x1, 0x40, 0x0, 0xe0, 0x1d, 0x8, 0x9d, 0x60,
    0x0, 0xe0, 0x1d, 0x1, 0xf6, 0x0, 0x0, 0xe0,
    0x1e, 0x5a, 0x5e, 0x60, 0x0, 0xe0, 0xc, 0x94,
    0x2, 0xb1,

    /* U+5FAA "循" */
    0x0, 0x31, 0x0, 0x1, 0x24, 0x50, 0x0, 0xc2,
    0xbd, 0xcb, 0xa8, 0x71, 0x8, 0x90, 0xc3, 0x11,
    0xb3, 0x10, 0xa, 0x46, 0xcb, 0xbc, 0xeb, 0xb4,
    0x0, 0xc4, 0xc3, 0x69, 0xc6, 0x60, 0x7, 0xe0,
    0xc4, 0xc5, 0x55, 0xe1, 0x2e, 0xe0, 0xd4, 0xfc,
    0xcc, 0xf1, 0x1, 0xe0, 0xe3, 0xb0, 0x0, 0xd1,
    0x0, 0xe0, 0xe2, 0xec, 0xcc, 0xf1, 0x0, 0xe4,
    0x92, 0xb2, 0x22, 0xe1, 0x0, 0xe9, 0x22, 0xeb,
    0xbb, 0xf1, 0x0, 0x0, 0x0, 0x0, 0x0, 0x0,

    /* U+5FC3 "心" */
    0x0, 0x0, 0x0, 0x0, 0x0, 0x0, 0x0, 0x0,
    0x6e, 0x40, 0x0, 0x0, 0x0, 0x0, 0x5, 0xf6,
    0x0, 0x0, 0x0, 0x0, 0x80, 0x49, 0x0, 0x0,
    0x1, 0xa1, 0xe0, 0x0, 0x9, 0x60, 0x4, 0xb1,
    0xe0, 0x0, 0x5, 0xc0, 0x7, 0x81, 0xe0, 0x0,
    0x0, 0xf1, 0xb, 0x51, 0xe0, 0x0, 0x11, 0xb6,
    0xf, 0x11, 0xe0, 0x0, 0x3b, 0x77, 0x7, 0x1,
    0xe0, 0x0, 0x89, 0x0, 0x0, 0x0, 0xcf, 0xff,
    0xd3, 0x0,

    /* U+5FD9 "忙" */
    0x0, 0xc1, 0x0, 0xd, 0x10, 0x0, 0x0, 0xc1,
    0x0, 0x9, 0x80, 0x0, 0x15, 0xc4, 0x7c, 0xcd,
    0xfc, 0xc0, 0x59, 0xcd, 0x2b, 0x62, 0x22, 0x20,
    0x77, 0xc7, 0x6b, 0x40, 0x0, 0x0, 0x93, 0xc1,
    0xb, 0x40, 0x0, 0x0, 0x0, 0xc1, 0xb, 0x40,
    0x0, 0x0, 0x0, 0xc1, 0xb, 0x40, 0x0, 0x0,
    0x0, 0xc1, 0xb, 0x40, 0x0, 0x0, 0x0, 0xc1,
    0xb, 0x40, 0x0, 0x0, 0x0, 0xc1, 0xb, 0xed,
    0xdd, 0xd0,

    /* U+6001 "态" */
    0x0, 0x0, 0x4, 0x30, 0x0, 0x0, 0x0, 0x0,
    0x8, 0x50, 0x0, 0x0, 0x6, 0xee, 0xef, 0xff,
    0xee, 0xd0, 0x0, 0x0, 0x4c, 0x2d, 0x0, 0x0,
    0x0, 0x3, 0xe4, 0x7, 0xb0, 0x0, 0x4, 0x9e,
    0x49, 0xb2, 0x7e, 0x71, 0x8, 0x71, 0x0, 0x61,
    0x2, 0x92, 0x0, 0x35, 0x44, 0x90, 0x4, 0x40,
    0x6, 0x97, 0x70, 0xd3, 0x24, 0xd0, 0x1e, 0x27,
    0x70, 0x10, 0xb4, 0xc5, 0x26, 0x4, 0xee, 0xee,
    0xb0, 0x31,

    /* U+6068 "恨" */
    0x0, 0xd1, 0x0, 0x0, 0x0, 0x0, 0x0, 0xd1,
    0x1f, 0xee, 0xef, 0x30, 0x0, 0xd6, 0x1d, 0x0,
    0xb, 0x30, 0x2a, 0xdb, 0x6f, 0xee, 0xef, 0x30,
    0x49, 0xd2, 0x1d, 0x0, 0xb, 0x30, 0x66, 0xd1,
    0x1f, 0xef, 0xee, 0x30, 0x0, 0xd1, 0x1d, 0xc,
    0x1, 0x40, 0x0, 0xd1, 0x1d, 0x8, 0x9d, 0x70,
    0x0, 0xd1, 0x1d, 0x1, 0xf6, 0x0, 0x0, 0xd1,
    0x1e, 0x5a, 0x5e, 0x60, 0x0, 0xd1, 0xd, 0xa5,
    0x3, 0xb1,

    /* U+60C5 "情" */
    0x0, 0xd0, 0x34, 0x4f, 0x44, 0x40, 0x0, 0xd0,
    0x78, 0x8f, 0x88, 0x80, 0x5, 0xf4, 0x4a, 0xaf,
    0xaa, 0x70, 0x29, 0xe9, 0x2, 0x2f, 0x22, 0x10,
    0x48, 0xd4, 0xff, 0xff, 0xff, 0xf6, 0x66, 0xd0,
    0x2, 0x22, 0x22, 0x10, 0x11, 0xd0, 0x7c, 0x99,
    0x9c, 0x80, 0x0, 0xd0, 0x7d, 0xaa, 0xac, 0x80,
    0x0, 0xd0, 0x7a, 0x44, 0x49, 0x80, 0x0, 0xd0,
    0x7c, 0x99, 0x9c, 0x80, 0x0, 0xd0, 0x78, 0x0,
    0xae, 0x40,

    /* U+60E0 "惠" */
    0x0, 0x0, 0x9, 0x60, 0x0, 0x0, 0xb, 0xcc,
    0xce, 0xdc, 0xcc, 0xa0, 0x1, 0x88, 0x8c, 0xb8,
    0x88, 0x0, 0x2, 0xc4, 0x4b, 0x84, 0x4f, 0x0,
    0x2, 0xec, 0xce, 0xdc, 0xcf, 0x0, 0x2, 0xea,
    0xad, 0xca, 0xaf, 0x0, 0x1, 0x23, 0x4b, 0x96,
    0xae, 0x20, 0xc, 0xcb, 0xaa, 0x97, 0x67, 0xc0,
    0x4, 0x7a, 0x36, 0xa0, 0xb, 0x50, 0xd, 0x3b,
    0x30, 0x71, 0xb7, 0xe1, 0x17, 0x7, 0xed, 0xdd,
    0xc0, 0x30,

    /* U+6108 "愈" */
    0x0, 0x0, 0x4, 0xa1, 0x0, 0x0, 0x0, 0x2,
    0xab, 0x6d, 0x93, 0x0, 0x6, 0xcb, 0x7b, 0xbb,
    0x5c, 0xe8, 0x7, 0xd9, 0x9b, 0x33, 0x31, 0x92,
    0x1, 0xfb, 0xbd, 0x57, 0x62, 0xb0, 0x1, 0xe6,
    0x6b, 0x57, 0x62, 0xb0, 0x1, 0xd6, 0x6c, 0x43,
    0x22, 0xb0, 0x1, 0xa0, 0x6b, 0x21, 0xee, 0x70,
    0x1, 0xa6, 0x72, 0xd1, 0x4, 0xb0, 0xa, 0x87,
    0x70, 0x53, 0x5c, 0xb7, 0x8, 0x3, 0xdd, 0xdd,
    0xe5, 0x11,

    /* U+611F "感" */
    0x0, 0x0, 0x0, 0x0, 0x0, 0x0, 0x0, 0x0,
    0x0, 0xd, 0x2a, 0x0, 0xa, 0xdd, 0xdd, 0xdf,
    0xdf, 0xb0, 0xc, 0x44, 0x44, 0x4d, 0x2, 0x10,
    0xc, 0x68, 0x88, 0x7a, 0x3b, 0x20, 0xd, 0x4c,
    0xcc, 0x86, 0xba, 0x0, 0xe, 0x49, 0x3, 0xa1,
    0xf2, 0xc1, 0x5b, 0x4f, 0xee, 0xaa, 0xe7, 0xd0,
    0x33, 0x2, 0x3, 0x1a, 0xb, 0x70, 0x9, 0x4f,
    0x8, 0xd0, 0xd, 0x20, 0x3e, 0xf, 0x0, 0x30,
    0xb5, 0xd1, 0x44, 0xb, 0xee, 0xee, 0xa0, 0x30,

    /* U+6175 "慵" */
    0x0, 0x0, 0x0, 0x0, 0x0, 0x0, 0x0, 0xd0,
    0x0, 0xa, 0x70, 0x0, 0x0, 0xd0, 0xec, 0xcd,
    0xfc, 0xc2, 0x4, 0xf3, 0xe5, 0xab, 0xea, 0xa0,
    0x29, 0xe7, 0xe9, 0x9a, 0xe9, 0xf2, 0x58, 0xd0,
    0xe4, 0x67, 0xd6, 0xe0, 0x65, 0xd0, 0xe4, 0x99,
    0xe9, 0x80, 0x0, 0xd0, 0xe8, 0xcc, 0xfc, 0xd0,
    0x0, 0xd0, 0xda, 0x97, 0xe7, 0xd0, 0x0, 0xd3,
    0xba, 0x86, 0xd5, 0xd0, 0x0, 0xd7, 0x7a, 0xdc,
    0xfc, 0xe0, 0x0, 0xd9, 0x2a, 0x51, 0xaa, 0xc0,
    0x0, 0x0, 0x0, 0x0, 0x0, 0x0,

    /* U+61D2 "懒" */
    0x0, 0x0, 0x0, 0x0, 0x0, 0x0, 0x0, 0xf0,
    0x9, 0x10, 0x76, 0x0, 0x0, 0xf2, 0xcf, 0xd8,
    0xdc, 0x70, 0x5, 0xf3, 0xb, 0x25, 0x75, 0x60,
    0x1a, 0xf8, 0xfe, 0xe8, 0xad, 0xb1, 0x29, 0xf0,
    0xbb, 0x79, 0xa2, 0xb1, 0x47, 0xf0, 0xbb, 0x79,
    0x99, 0xa1, 0x1, 0xf0, 0xcf, 0xd7, 0x9d, 0xa1,
    0x0, 0xf0, 0x2f, 0x71, 0x9d, 0xa1, 0x0, 0xf0,
    0xbd, 0xb7, 0x9c, 0x81, 0x0, 0xf5, 0x7b, 0x20,
    0x98, 0xc0, 0x0, 0xf0, 0xa, 0x24, 0xa0, 0x82,
    0x0, 0x0, 0x0, 0x0, 0x0, 0x0,

    /* U+6211 "我" */
    0x0, 0x13, 0x68, 0xd, 0x48, 0x0, 0x8, 0xde,
    0xa5, 0xc, 0x3a, 0x90, 0x0, 0xa, 0x50, 0xc,
    0x30, 0x80, 0x2b, 0xbe, 0xdb, 0xbe, 0xcb, 0xb7,
    0x3, 0x3b, 0x73, 0x3a, 0x83, 0x31, 0x0, 0xa,
    0x53, 0x17, 0x92, 0xb0, 0x3, 0x6d, 0xfd, 0x34,
    0xcb, 0x70, 0x1d, 0x9c, 0x60, 0x0, 0xfd, 0x0,
    0x0, 0xa, 0x50, 0x4, 0xf6, 0x0, 0x1, 0xa,
    0x50, 0x8e, 0x7c, 0x58, 0x6, 0xef, 0x24, 0x91,
    0x9, 0xe2,

    /* U+6240 "所" */
    0x0, 0x0, 0x31, 0x0, 0x25, 0x40, 0x8, 0xcd,
    0xa3, 0xed, 0xb9, 0x40, 0xd, 0x20, 0x0, 0xe0,
    0x0, 0x0, 0xd, 0x98, 0x80, 0xe0, 0x0, 0x0,
    0xd, 0x76, 0xe1, 0xfd, 0xdf, 0xd1, 0xd, 0x10,
    0xd1, 0xe0, 0xc, 0x0, 0xd, 0xee, 0xf2, 0xd0,
    0xc, 0x0, 0xe, 0x0, 0x3, 0xb0, 0xc, 0x0,
    0x1d, 0x0, 0x8, 0x60, 0xc, 0x0, 0x4b, 0x0,
    0x1e, 0x10, 0xc, 0x0, 0x55, 0x0, 0x37, 0x0,
    0xc, 0x0,

    /* U+624B "手" */
    0x0, 0x0, 0x0, 0x25, 0x7a, 0x60, 0x6, 0xde,
    0xff, 0xfa, 0x85, 0x10, 0x1, 0x21, 0x1, 0xd0,
    0x0, 0x0, 0x0, 0x11, 0x12, 0xd1, 0x11, 0x0,
    0x5, 0xee, 0xee, 0xfe, 0xee, 0xb0, 0x0, 0x0,
    0x1, 0xd0, 0x0, 0x0, 0x2e, 0xee, 0xee, 0xfe,
    0xee, 0xe8, 0x1, 0x11, 0x12, 0xd1, 0x11, 0x10,
    0x0, 0x0, 0x1, 0xd0, 0x0, 0x0, 0x0, 0x0,
    0x2, 0xd0, 0x0, 0x0, 0x0, 0x0, 0xef, 0x90,
    0x0, 0x0,

    /* U+6267 "执" */
    0x0, 0x86, 0x0, 0x2c, 0x0, 0x0, 0x0, 0x86,
    0x0, 0x2c, 0x0, 0x0, 0x1e, 0xfe, 0xab, 0xdf,
    0xcc, 0x10, 0x0, 0x86, 0x1, 0x4c, 0x1e, 0x10,
    0x0, 0x86, 0x9, 0x6b, 0xe, 0x0, 0x0, 0x9d,
    0x94, 0xfa, 0xe, 0x0, 0x2d, 0xf8, 0x0, 0x8e,
    0x1e, 0x0, 0x3, 0x86, 0x0, 0xc9, 0xbe, 0x0,
    0x0, 0x86, 0x2, 0xe0, 0x1d, 0x45, 0x0, 0x86,
    0xc, 0x60, 0xb, 0xa5, 0xd, 0xf3, 0x3a, 0x0,
    0x4, 0xc1,

    /* U+627E "找" */
    0x0, 0x77, 0x0, 0xe, 0x15, 0x0, 0x0, 0x77,
    0x0, 0xe, 0x2c, 0x80, 0x2e, 0xff, 0xd0, 0xd,
    0x12, 0x71, 0x0, 0x77, 0x8, 0xaf, 0xec, 0xa2,
    0x0, 0x77, 0x6, 0x4b, 0x40, 0x70, 0x0, 0x8c,
    0xd0, 0x8, 0x76, 0x90, 0x2d, 0xfa, 0x0, 0x5,
    0xce, 0x10, 0x3, 0x77, 0x0, 0x3, 0xf4, 0x0,
    0x0, 0x77, 0x0, 0x5e, 0xd5, 0x35, 0x0, 0x77,
    0x1c, 0xd3, 0x3d, 0x96, 0xe, 0xf4, 0x5, 0x0,
    0x7, 0xe1,

    /* U+62A5 "报" */
    0x0, 0x77, 0x0, 0x0, 0x0, 0x0, 0x0, 0x77,
    0xb, 0xee, 0xee, 0x90, 0x2e, 0xff, 0xdb, 0x30,
    0x6, 0x80, 0x0, 0x77, 0xb, 0x31, 0xee, 0x50,
    0x0, 0x77, 0xb, 0x52, 0x56, 0x20, 0x0, 0x7a,
    0x9b, 0xde, 0xab, 0xd0, 0x19, 0xec, 0x4b, 0x3d,
    0x4, 0x90, 0x16, 0x87, 0xb, 0x39, 0x5a, 0x40,
    0x0, 0x77, 0xb, 0x31, 0xdb, 0x0, 0x0, 0x77,
    0xb, 0x36, 0xde, 0x70, 0xe, 0xf4, 0xa, 0xab,
    0x12, 0xb3, 0x0, 0x0, 0x0, 0x0, 0x0, 0x0,

    /* U+62BC "押" */
    0x0, 0x86, 0x0, 0x0, 0x0, 0x0, 0x0, 0x86,
    0xb, 0xee, 0xfe, 0xf0, 0x9, 0xdc, 0x7b, 0x31,
    0xd0, 0xe0, 0x0, 0x86, 0xb, 0xcc, 0xfb, 0xf0,
    0x0, 0x86, 0xb, 0x53, 0xe2, 0xe0, 0x0, 0x9e,
    0x9b, 0x31, 0xd0, 0xe0, 0x2e, 0xf8, 0xb, 0xee,
    0xfe, 0xf0, 0x4, 0x86, 0xb, 0x31, 0xd0, 0xe0,
    0x0, 0x86, 0x4, 0x11, 0xd0, 0x50, 0x0, 0x86,
    0x0, 0x1, 0xd0, 0x0, 0xd, 0xf3, 0x0, 0x1,
    0xd0, 0x0, 0x0, 0x0, 0x0, 0x0, 0x0, 0x0,

    /* U+62DF "拟" */
    0x0, 0xe0, 0x0, 0x0, 0x0, 0x0, 0x0, 0xe0,
    0x5, 0x77, 0xb, 0x20, 0x4e, 0xfe, 0xe, 0x1d,
    0xb, 0x20, 0x0, 0xe0, 0xe, 0x9, 0x5c, 0x10,
    0x0, 0xe1, 0xe, 0x1, 0xd, 0x0, 0x1, 0xed,
    0x3e, 0x0, 0xe, 0x0, 0x4f, 0xf2, 0xe, 0x0,
    0x2c, 0x0, 0x1, 0xe0, 0xe, 0x34, 0x8a, 0x0,
    0x0, 0xe0, 0xf, 0xc2, 0xec, 0x50, 0x0, 0xe0,
    0x5, 0x1c, 0x61, 0xd0, 0x3e, 0xd0, 0x0, 0x47,
    0x0, 0x71,

    /* U+6301 "持" */
    0x0, 0x0, 0x0, 0x0, 0x0, 0x0, 0x0, 0x77,
    0x0, 0x0, 0xf0, 0x0, 0x0, 0x77, 0x0, 0x22,
    0xf2, 0x20, 0x18, 0xbb, 0x72, 0xbb, 0xfb, 0xb1,
    0x15, 0xaa, 0x40, 0x0, 0xf0, 0x0, 0x0, 0x77,
    0xa, 0xee, 0xee, 0xe7, 0x0, 0x7c, 0xc0, 0x0,
    0x7, 0x60, 0x2c, 0xfa, 0x19, 0xee, 0xef, 0xf8,
    0x4, 0x77, 0x0, 0x50, 0x7, 0x70, 0x0, 0x77,
    0x0, 0xb6, 0x7, 0x70, 0x0, 0x77, 0x0, 0x23,
    0x8, 0x70, 0xe, 0xf4, 0x0, 0x1, 0xef, 0x40,

    /* U+6307 "指" */
    0x0, 0x77, 0x7, 0x70, 0x4, 0x50, 0x0, 0x77,
    0x7, 0xbb, 0xeb, 0x60, 0x2e, 0xff, 0xd7, 0xa3,
    0x0, 0x82, 0x0, 0x77, 0x7, 0xb7, 0x78, 0xd0,
    0x0, 0x77, 0x0, 0x56, 0x65, 0x10, 0x0, 0x9d,
    0xd5, 0xdd, 0xdd, 0xc0, 0x2e, 0xe9, 0x6, 0x80,
    0x0, 0xe0, 0x1, 0x77, 0x6, 0xec, 0xcc, 0xe0,
    0x0, 0x77, 0x6, 0x81, 0x11, 0xe0, 0x1, 0x77,
    0x6, 0xda, 0xaa, 0xe0, 0xe, 0xf4, 0x6, 0x93,
    0x33, 0xe0,

    /* U+6309 "按" */
    0x0, 0x86, 0x0, 0x8, 0x30, 0x0, 0x0, 0x86,
    0x4, 0x49, 0xa4, 0x40, 0x1e, 0xfe, 0xae, 0x99,
    0x99, 0xe2, 0x0, 0x86, 0xb, 0xd, 0x10, 0xa2,
    0x0, 0x86, 0x20, 0x2c, 0x0, 0x0, 0x1, 0xbf,
    0x8d, 0xfe, 0xdf, 0xd3, 0x4e, 0xd6, 0x0, 0xd1,
    0xe, 0x0, 0x0, 0x86, 0x3, 0xe4, 0x5a, 0x0,
    0x0, 0x86, 0x0, 0x2c, 0xf4, 0x0, 0x0, 0x86,
    0x2, 0x7e, 0x8e, 0x60, 0xd, 0xf3, 0x3d, 0x81,
    0x1, 0xc1, 0x0, 0x0, 0x0, 0x0, 0x0, 0x0,

    /* U+6362 "换" */
    0x0, 0x0, 0x0, 0x0, 0x0, 0x0, 0x0, 0xe0,
    0x0, 0xd1, 0x0, 0x0, 0x0, 0xe0, 0x7, 0xfd,
    0xd4, 0x0, 0x4e, 0xfd, 0x4e, 0x10, 0xe1, 0x0,
    0x14, 0xe4, 0x26, 0x26, 0xc2, 0x10, 0x0, 0xe0,
    0x5d, 0xbf, 0xbc, 0xb0, 0x0, 0xe9, 0x79, 0xe,
    0x14, 0xb0, 0x2b, 0xf6, 0x69, 0x1f, 0x4, 0xb0,
    0x15, 0xe0, 0xce, 0xef, 0xfe, 0xe4, 0x0, 0xe0,
    0x0, 0xc7, 0xd1, 0x0, 0x0, 0xe0, 0x1b, 0x90,
    0x6d, 0x50, 0x3e, 0xd0, 0x96, 0x0, 0x4, 0xd1,

    /* U+636E "据" */
    0x0, 0xe0, 0x0, 0x0, 0x0, 0x0, 0x0, 0xe0,
    0xf, 0xdd, 0xdd, 0xe0, 0x28, 0xf8, 0xd, 0x0,
    0x0, 0xe0, 0x26, 0xe6, 0xf, 0xdd, 0xfd, 0xb0,
    0x0, 0xe0, 0xd, 0x0, 0xe0, 0x0, 0x0, 0xeb,
    0x5f, 0xdd, 0xfd, 0xd6, 0x3e, 0xf5, 0x2c, 0x0,
    0xe0, 0x0, 0x2, 0xe0, 0x4a, 0xbd, 0xfd, 0xb0,
    0x0, 0xe0, 0x88, 0xd0, 0x1, 0xd0, 0x0, 0xe0,
    0xd3, 0xdb, 0xbb, 0xd0, 0x3e, 0xd0, 0xa0, 0xd2,
    0x23, 0xd0,

    /* U+63A0 "掠" */
    0x0, 0x86, 0x0, 0x4, 0x90, 0x0, 0x0, 0x86,
    0x9, 0xab, 0xfa, 0xa6, 0x1e, 0xff, 0xa2, 0x33,
    0x33, 0x31, 0x0, 0x86, 0x6, 0xcc, 0xcc, 0xc0,
    0x0, 0x87, 0x47, 0x81, 0x11, 0xd0, 0x1, 0xbf,
    0x77, 0x70, 0x0, 0xd0, 0x4f, 0xe6, 0x6, 0xdd,
    0xfd, 0xd0, 0x1, 0x86, 0x0, 0x80, 0xe1, 0x50,
    0x0, 0x86, 0x6, 0xb0, 0xe0, 0xe2, 0x0, 0x86,
    0x2e, 0x20, 0xd0, 0x7a, 0xd, 0xf3, 0x3, 0x4d,
    0x90, 0x1,

    /* U+63A7 "控" */
    0x0, 0xe0, 0x0, 0xd, 0x0, 0x0, 0x0, 0xe0,
    0x69, 0x9f, 0xa9, 0x90, 0x4e, 0xfe, 0xa7, 0x44,
    0x44, 0xe0, 0x0, 0xe0, 0x93, 0x50, 0x51, 0xb0,
    0x0, 0xe0, 0x7, 0xc0, 0x6e, 0x20, 0x0, 0xeb,
    0x7d, 0x10, 0x6, 0x80, 0x2c, 0xf6, 0x2, 0x11,
    0x11, 0x10, 0x15, 0xe0, 0x2b, 0xbf, 0xcb, 0x60,
    0x0, 0xe0, 0x0, 0xd, 0x20, 0x0, 0x0, 0xe0,
    0x0, 0xd, 0x20, 0x0, 0x3e, 0xd0, 0xad, 0xdf,
    0xdd, 0xd1,

    /* U+63D0 "提" */
    0x0, 0xf0, 0x0, 0x0, 0x0, 0x0, 0x0, 0xf0,
    0x2f, 0xdd, 0xde, 0x50, 0x16, 0xf6, 0x3d, 0x66,
    0x6c, 0x50, 0x15, 0xf5, 0x3d, 0x44, 0x4b, 0x50,
    0x0, 0xf0, 0x1d, 0xdd, 0xdd, 0x40, 0x0, 0xf4,
    0x32, 0x22, 0x22, 0x20, 0x18, 0xfb, 0xbb, 0xbe,
    0xbb, 0xa0, 0x29, 0xf0, 0xb, 0xc, 0x20, 0x0,
    0x0, 0xf0, 0x6a, 0xc, 0xdd, 0x40, 0x0, 0xf1,
    0xdb, 0xad, 0x31, 0x10, 0x1e, 0xd6, 0x50, 0x4a,
    0xcd, 0xd1,

    /* U+641C "搜" */
    0x0, 0xe0, 0x0, 0x5e, 0x0, 0x0, 0x0, 0xe0,
    0xe, 0x8e, 0x3d, 0xc0, 0x1b, 0xfb, 0x1d, 0xe,
    0x0, 0xe0, 0x4, 0xe4, 0x1f, 0xcf, 0x3c, 0xe0,
    0x0, 0xe0, 0x1e, 0x5e, 0x55, 0xe0, 0x1, 0xfb,
    0x6, 0x6e, 0x66, 0x50, 0x2e, 0xe0, 0xc, 0xcf,
    0xcc, 0xb0, 0x1, 0xe0, 0x5, 0x31, 0x1a, 0x80,
    0x0, 0xe0, 0x2, 0xc2, 0xac, 0x0, 0x0, 0xe0,
    0x2, 0x9f, 0xf5, 0x0, 0xd, 0xb0, 0xad, 0x72,
    0x7c, 0xea, 0x0, 0x0, 0x0, 0x0, 0x0, 0x0,

    /* U+6478 "摸" */
    0x0, 0xe0, 0x0, 0xe0, 0x3b, 0x0, 0x0, 0xe1,
    0xff, 0xff, 0xff, 0xf8, 0x4c, 0xfc, 0x0, 0xe0,
    0x3b, 0x0, 0x13, 0xe4, 0x3f, 0xcc, 0xcc, 0xe0,
    0x0, 0xe0, 0x3d, 0x77, 0x77, 0xe0, 0x0, 0xeb,
    0x7c, 0x44, 0x44, 0xe0, 0x3e, 0xf4, 0x2c, 0xce,
    0xdc, 0xb0, 0x14, 0xe1, 0x22, 0x2c, 0x42, 0x21,
    0x0, 0xe2, 0xaa, 0xcf, 0xfa, 0xa6, 0x0, 0xe0,
    0x16, 0xd3, 0x9b, 0x40, 0x3e, 0xd4, 0xc8, 0x10,
    0x5, 0xc7,

    /* U+64AD "播" */
    0x0, 0xe0, 0x0, 0x12, 0x46, 0x40, 0x0, 0xe0,
    0x6c, 0xbf, 0xa8, 0x40, 0x19, 0xf9, 0xb, 0x1d,
    0x1c, 0x30, 0x4, 0xe4, 0xad, 0xff, 0xfd, 0xd2,
    0x0, 0xe0, 0x5, 0xbd, 0x89, 0x0, 0x0, 0xe9,
    0x99, 0xd, 0x15, 0xc3, 0x2b, 0xf3, 0x5c, 0xcd,
    0xcc, 0x90, 0x4, 0xe0, 0x67, 0xd, 0x1, 0xb0,
    0x0, 0xe0, 0x6d, 0xbf, 0xbb, 0xb0, 0x0, 0xe0,
    0x68, 0x2d, 0x23, 0xb0, 0xd, 0xb0, 0x6d, 0xaa,
    0xab, 0xb0,

    /* U+652F "支" */
    0x0, 0x0, 0x8, 0x60, 0x0, 0x0, 0x0, 0x0,
    0x8, 0x60, 0x0, 0x0, 0x2e, 0xee, 0xef, 0xee,
    0xee, 0xe2, 0x0, 0x0, 0x8, 0x60, 0x0, 0x0,
    0x0, 0x33, 0x39, 0x83, 0x33, 0x0, 0x2, 0xce,
    0xaa, 0xaa, 0xbf, 0x0, 0x0, 0x1d, 0x10, 0x0,
    0x88, 0x0, 0x0, 0x5, 0xc1, 0x5, 0xd0, 0x0,
    0x0, 0x0, 0x7d, 0x9d, 0x10, 0x0, 0x0, 0x1,
    0x7e, 0xec, 0x61, 0x0, 0x1a, 0xdc, 0x71, 0x5,
    0xbf, 0xd2, 0x3, 0x0, 0x0, 0x0, 0x0, 0x30,

    /* U+653E "放" */
    0x0, 0x35, 0x0, 0x6, 0x30, 0x0, 0x0, 0x3c,
    0x0, 0xc, 0x30, 0x0, 0x5e, 0xef, 0xee, 0xf,
    0xcc, 0xc1, 0x0, 0xe0, 0x0, 0x5b, 0x27, 0xa0,
    0x0, 0xeb, 0xb5, 0xc9, 0x8, 0x70, 0x0, 0xe3,
    0x79, 0xce, 0xc, 0x40, 0x2, 0xb0, 0x68, 0x8,
    0x9f, 0x0, 0x6, 0x80, 0x77, 0x1, 0xf9, 0x0,
    0xa, 0x40, 0x86, 0x5, 0xfb, 0x0, 0x1e, 0x0,
    0xb4, 0x5e, 0x3b, 0xb0, 0x48, 0x2e, 0xc1, 0xc3,
    0x0, 0xa3, 0x0, 0x0, 0x0, 0x0, 0x0, 0x0,

    /* U+6545 "故" */
    0x0, 0x2c, 0x0, 0xb, 0x10, 0x0, 0x0, 0x2c,
    0x0, 0xe, 0x0, 0x0, 0x1b, 0xcf, 0xb9, 0x3f,
    0xee, 0xf4, 0x2, 0x4c, 0x21, 0x87, 0x4, 0xa0,
    0x0, 0x2c, 0x0, 0xe9, 0x6, 0x80, 0xa, 0xdf,
    0xc6, 0xad, 0x9, 0x60, 0xd, 0x10, 0x86, 0x9,
    0x6e, 0x20, 0xd, 0x10, 0x86, 0x2, 0xfc, 0x0,
    0xd, 0x43, 0x96, 0x0, 0xe9, 0x0, 0xd, 0xbb,
    0xd6, 0x1c, 0xad, 0x80, 0x5, 0x0, 0x0, 0x87,
    0x0, 0xa2,

    /* U+6570 "数" */
    0x0, 0x0, 0x0, 0x0, 0x0, 0x0, 0x5, 0x39,
    0x48, 0x18, 0x50, 0x0, 0x3, 0x79, 0x59, 0xc,
    0x30, 0x0, 0xc, 0xce, 0xdc, 0x6f, 0xee, 0xe2,
    0x0, 0x9e, 0x65, 0x4b, 0x5, 0x90, 0xb, 0x98,
    0x48, 0xaa, 0x7, 0x70, 0x2, 0x9, 0x0, 0xdd,
    0x1b, 0x40, 0xc, 0xdf, 0xca, 0x7, 0x8e, 0x0,
    0x1, 0xd0, 0x78, 0x1, 0xfa, 0x0, 0x6, 0xe8,
    0xc0, 0x3, 0xfb, 0x0, 0x0, 0x8e, 0xd4, 0x3e,
    0x5a, 0xa0, 0xd, 0x70, 0x36, 0xc5, 0x0, 0xb3,
    0x0, 0x0, 0x0, 0x0, 0x0, 0x0,

    /* U+6574 "整" */
    0x0, 0x8, 0x50, 0x7, 0x40, 0x0, 0x9, 0xbd,
    0xcb, 0x6d, 0xdc, 0xc1, 0x7, 0xde, 0xed, 0x7d,
    0x8, 0x50, 0x8, 0x48, 0x5a, 0xab, 0x5d, 0x10,
    0x5, 0xcf, 0xfb, 0x20, 0xea, 0x0, 0x8, 0xa9,
    0xaa, 0x3b, 0x89, 0xa2, 0x5, 0x69, 0x87, 0x77,
    0x66, 0x80, 0x4, 0x66, 0x69, 0xb6, 0x66, 0x50,
    0x0, 0x38, 0x5, 0xec, 0xcc, 0x0, 0x0, 0x4a,
    0x5, 0x80, 0x0, 0x0, 0x2d, 0xef, 0xde, 0xed,
    0xdd, 0xd8,

    /* U+65B0 "新" */
    0x0, 0x1b, 0x0, 0x0, 0x24, 0x81, 0xa, 0xcf,
    0xdc, 0x4f, 0xb9, 0x51, 0x0, 0xd0, 0x5a, 0xf,
    0x0, 0x0, 0x0, 0xa3, 0xa3, 0xf, 0x0, 0x0,
    0xc, 0xde, 0xdc, 0x5f, 0xcd, 0xd4, 0x0, 0xc,
    0x20, 0xe, 0x3, 0xa0, 0xa, 0xcf, 0xdc, 0x2e,
    0x3, 0xa0, 0x1, 0x6c, 0x53, 0x2c, 0x3, 0xa0,
    0xa, 0x5c, 0x4c, 0x6a, 0x3, 0xa0, 0x18, 0xc,
    0x22, 0xb5, 0x3, 0xa0, 0x0, 0xce, 0x10, 0xa0,
    0x2, 0x90,

    /* U+65B9 "方" */
    0x0, 0x0, 0xb, 0x0, 0x0, 0x0, 0x0, 0x0,
    0xb, 0x70, 0x0, 0x0, 0x3e, 0xee, 0xef, 0xfe,
    0xee, 0xe2, 0x0, 0x2, 0xc0, 0x0, 0x0, 0x0,
    0x0, 0x3, 0xb0, 0x0, 0x0, 0x0, 0x0, 0x4,
    0xfe, 0xee, 0xef, 0x0, 0x0, 0x7, 0x80, 0x0,
    0xe, 0x0, 0x0, 0xb, 0x50, 0x0, 0xf, 0x0,
    0x0, 0x5e, 0x0, 0x0, 0xe, 0x0, 0x4, 0xe4,
    0x0, 0x0, 0x4c, 0x0, 0xb, 0x40, 0x0, 0x6e,
    0xe5, 0x0,

    /* U+65E0 "无" */
    0x8, 0xee, 0xef, 0xee, 0xee, 0x80, 0x0, 0x0,
    0xb, 0x30, 0x0, 0x0, 0x0, 0x0, 0xd, 0x10,
    0x0, 0x0, 0x2d, 0xdd, 0xdf, 0xdd, 0xdd, 0xd2,
    0x0, 0x0, 0x5b, 0xb4, 0x0, 0x0, 0x0, 0x0,
    0xb6, 0xb3, 0x0, 0x0, 0x0, 0x4, 0xd0, 0xb3,
    0x0, 0x0, 0x0, 0x2e, 0x40, 0xb3, 0x0, 0x41,
    0x2, 0xd6, 0x0, 0xb3, 0x0, 0xd3, 0x1e, 0x50,
    0x0, 0x7e, 0xee, 0xb0, 0x0, 0x0, 0x0, 0x0,
    0x0, 0x0,

    /* U+65F6 "时" */
    0x0, 0x0, 0x0, 0x0, 0xe0, 0xd, 0xdd, 0xc0,
    0x0, 0xe, 0x0, 0xe0, 0xe, 0x35, 0x55, 0xe5,
    0x2e, 0x0, 0xe5, 0x77, 0x7f, 0x73, 0xfa, 0xae,
    0x9, 0x0, 0xe0, 0xe, 0x33, 0xe0, 0xb5, 0xe,
    0x0, 0xe0, 0xe, 0x4, 0xb0, 0xe0, 0xe, 0x0,
    0xe0, 0xc, 0xe, 0x0, 0xfd, 0xde, 0x0, 0x0,
    0xe0, 0xb, 0x0, 0x60, 0x1, 0xe, 0x0, 0x0,
    0x0, 0x0, 0x8e, 0xc0, 0x0,

    /* U+660E "明" */
    0xde, 0xed, 0xe, 0xcc, 0xcf, 0xe0, 0xe, 0xe,
    0x0, 0xe, 0xe0, 0xe, 0xe, 0x66, 0x6e, 0xe2,
    0x2e, 0xe, 0x99, 0x9f, 0xea, 0xae, 0xe, 0x0,
    0xe, 0xe0, 0xe, 0xf, 0x55, 0x5e, 0xe0, 0xe,
    0xe, 0x77, 0x7f, 0xee, 0xed, 0x4a, 0x0, 0xe,
    0xa0, 0x0, 0x96, 0x0, 0xe, 0x0, 0x0, 0xc1,
    0x7, 0xec, 0x0, 0x0, 0x0, 0x0, 0x0,

    /* U+662F "是" */
    0x0, 0xbd, 0xdd, 0xdd, 0xdb, 0x0, 0x0, 0xbc,
    0xcc, 0xcc, 0xcb, 0x0, 0x0, 0xb4, 0x22, 0x22,
    0x4b, 0x0, 0x0, 0x7a, 0xaa, 0xaa, 0xa7, 0x0,
    0x2c, 0xcc, 0xcc, 0xcc, 0xcc, 0xc2, 0x1, 0x37,
    0x17, 0x81, 0x11, 0x10, 0x0, 0x79, 0x6, 0xdb,
    0xbb, 0x60, 0x0, 0xee, 0x36, 0x92, 0x22, 0x10,
    0xa, 0x83, 0xdd, 0x91, 0x0, 0x0, 0x4b, 0x0,
    0x6, 0xbd, 0xff, 0xf4, 0x0, 0x0, 0x0, 0x0,
    0x0, 0x0,

    /* U+663E "显" */
    0x0, 0xce, 0xee, 0xee, 0xef, 0x30, 0x0, 0xc3,
    0x0, 0x0, 0xb, 0x30, 0x0, 0xcc, 0xcc, 0xcc,
    0xce, 0x30, 0x0, 0xc4, 0x22, 0x22, 0x2c, 0x30,
    0x0, 0x9c, 0xcc, 0xcc, 0xcc, 0x20, 0x0, 0x50,
    0x47, 0xb, 0x2, 0x20, 0x0, 0xd4, 0x69, 0xe,
    0xc, 0x50, 0x0, 0x4c, 0x69, 0xe, 0x5a, 0x0,
    0x1, 0x13, 0x79, 0x2e, 0x22, 0x10, 0x1b, 0xbb,
    0xbb, 0xbb, 0xbb, 0xb6,

    /* U+666F "景" */
    0x0, 0xac, 0xbb, 0xbb, 0xbe, 0x20, 0x0, 0xab,
    0xaa, 0xaa, 0xae, 0x20, 0x0, 0x69, 0x9e, 0xd9,
    0x99, 0x10, 0x2c, 0xcc, 0xcd, 0xec, 0xcc, 0xc7,
    0x0, 0x68, 0x88, 0x88, 0x88, 0x20, 0x0, 0xd6,
    0x66, 0x66, 0x6c, 0x40, 0x0, 0xdc, 0xcc, 0xcc,
    0xce, 0x40, 0x0, 0x7, 0x1, 0xe0, 0x83, 0x0,
    0x6, 0xd7, 0x1, 0xd0, 0x4d, 0x80, 0x6, 0x20,
    0x9e, 0xa0, 0x1, 0x60,

    /* U+6674 "晴" */
    0x11, 0x11, 0x44, 0xc6, 0x44, 0x1f, 0xcf, 0x38,
    0x8d, 0xa8, 0x83, 0xe0, 0xd1, 0x9a, 0xeb, 0xaa,
    0xe, 0xd, 0x11, 0x2b, 0x42, 0x20, 0xe6, 0xeb,
    0xff, 0xff, 0xff, 0xaf, 0x9e, 0x12, 0x22, 0x22,
    0x20, 0xe0, 0xd1, 0xe9, 0x99, 0x9e, 0xe, 0xd,
    0x1e, 0xaa, 0xaa, 0xe0, 0xfc, 0xf1, 0xe4, 0x44,
    0x4e, 0xc, 0x9, 0xe, 0x99, 0x99, 0xe0, 0x0,
    0x0, 0xe0, 0x7, 0xea, 0x0,

    /* U+6682 "暂" */
    0x0, 0x45, 0x0, 0x0, 0x2, 0x30, 0xc, 0xed,
    0xcc, 0x4d, 0xdb, 0x80, 0x7, 0xa5, 0x30, 0x1c,
    0x22, 0x20, 0xc, 0xce, 0xdc, 0x2e, 0xaf, 0xb3,
    0x0, 0x9, 0x86, 0x69, 0xd, 0x10, 0x1e, 0xde,
    0xb7, 0xc5, 0xd, 0x10, 0x0, 0x5, 0x32, 0x80,
    0x8, 0x0, 0x1, 0xfb, 0xbb, 0xbb, 0xbf, 0x20,
    0x1, 0xe8, 0x88, 0x88, 0x8e, 0x20, 0x1, 0xd3,
    0x33, 0x33, 0x3d, 0x20, 0x1, 0xfc, 0xcc, 0xcc,
    0xcf, 0x20,

    /* U+66F2 "曲" */
    0x0, 0x1d, 0x1, 0xd0, 0x0, 0x0, 0x1d, 0x1,
    0xd0, 0x0, 0xce, 0xef, 0xee, 0xfe, 0xe2, 0xd1,
    0x1d, 0x1, 0xd0, 0xc2, 0xd1, 0x1d, 0x1, 0xd0,
    0xc2, 0xd1, 0x1d, 0x1, 0xd0, 0xc2, 0xde, 0xef,
    0xee, 0xfe, 0xf2, 0xd1, 0x1d, 0x1, 0xd0, 0xc2,
    0xd1, 0x1d, 0x1, 0xd0, 0xc2, 0xdb, 0xbf, 0xbb,
    0xfb, 0xe2, 0xd4, 0x33, 0x33, 0x33, 0xd2,

    /* U+66F4 "更" */
    0xe, 0xee, 0xef, 0xee, 0xee, 0xe0, 0x2, 0xaa,
    0xad, 0xca, 0xaa, 0x20, 0x4, 0xb2, 0x29, 0x82,
    0x2c, 0x30, 0x4, 0xeb, 0xbd, 0xdb, 0xbe, 0x30,
    0x4, 0xb1, 0x18, 0x71, 0x1b, 0x30, 0x4, 0xfd,
    0xde, 0xed, 0xdf, 0x30, 0x0, 0x27, 0xb, 0x40,
    0x0, 0x0, 0x0, 0xb, 0xce, 0x0, 0x0, 0x0,
    0x0, 0x28, 0xee, 0xb7, 0x31, 0x0, 0x3e, 0xc7,
    0x10, 0x59, 0xcf, 0xf2, 0x0, 0x0, 0x0, 0x0,
    0x0, 0x0,

    /* U+6708 "月" */
    0x0, 0xde, 0xee, 0xee, 0xed, 0x0, 0xd1, 0x0,
    0x0, 0x1d, 0x0, 0xdb, 0xbb, 0xbb, 0xbd, 0x0,
    0xd4, 0x33, 0x33, 0x4d, 0x0, 0xd1, 0x0, 0x0,
    0x1d, 0x0, 0xec, 0xbb, 0xbb, 0xcd, 0x2, 0xd2,
    0x22, 0x22, 0x3d, 0x7, 0x80, 0x0, 0x0, 0x1d,
    0x1e, 0x20, 0x0, 0x0, 0x1d, 0x59, 0x0, 0x0,
    0x3e, 0xf9, 0x0, 0x0, 0x0, 0x0, 0x0,

    /* U+6709 "有" */
    0x0, 0x0, 0x6, 0x0, 0x0, 0x0, 0x3, 0x33,
    0x8b, 0x33, 0x33, 0x30, 0x1a, 0xab, 0xfa, 0xaa,
    0xaa, 0xa1, 0x0, 0xa, 0x80, 0x0, 0x0, 0x0,
    0x0, 0x6f, 0xee, 0xee, 0xef, 0x30, 0x7, 0xdf,
    0x0, 0x0, 0xb, 0x30, 0x1b, 0x1e, 0xdd, 0xdd,
    0xdf, 0x30, 0x0, 0xe, 0x0, 0x0, 0xb, 0x30,
    0x0, 0xe, 0xdd, 0xdd, 0xdf, 0x30, 0x0, 0xe,
    0x0, 0x0, 0xb, 0x30, 0x0, 0xe, 0x0, 0xd,
    0xed, 0x10, 0x0, 0x1, 0x0, 0x0, 0x0, 0x0,

    /* U+672A "未" */
    0x0, 0x0, 0x8, 0x60, 0x0, 0x0, 0x0, 0x0,
    0x8, 0x60, 0x0, 0x0, 0x4, 0xee, 0xef, 0xee,
    0xee, 0x40, 0x0, 0x0, 0x8, 0x60, 0x0, 0x0,
    0x1, 0x11, 0x18, 0x71, 0x11, 0x0, 0xb, 0xdd,
    0xdf, 0xfd, 0xdd, 0xa0, 0x0, 0x0, 0xbd, 0xd9,
    0x0, 0x0, 0x0, 0x9, 0x98, 0x6b, 0x80, 0x0,
    0x1, 0xba, 0x8, 0x60, 0xbb, 0x20, 0x3e, 0x60,
    0x8, 0x60, 0x7, 0xf2, 0x1, 0x0, 0x8, 0x60,
    0x0, 0x10,

    /* U+672C "本" */
    0x0, 0x0, 0x8, 0x60, 0x0, 0x0, 0x0, 0x0,
    0x8, 0x60, 0x0, 0x0, 0xd, 0xdd, 0xde, 0xed,
    0xdd, 0xc0, 0x0, 0x0, 0x7f, 0xf6, 0x0, 0x0,
    0x0, 0x1, 0xe9, 0x8d, 0x0, 0x0, 0x0, 0xb,
    0x78, 0x68, 0x90, 0x0, 0x0, 0x8c, 0x8, 0x60,
    0xd6, 0x0, 0x6, 0xd1, 0x8, 0x60, 0x1e, 0x70,
    0x4d, 0x4e, 0xef, 0xee, 0xe3, 0xd3, 0x0, 0x0,
    0x8, 0x60, 0x0, 0x0, 0x0, 0x0, 0x8, 0x60,
    0x0, 0x0,

    /* U+673A "机" */
    0x0, 0x86, 0x0, 0x0, 0x0, 0x0, 0x0, 0x86,
    0x4, 0xff, 0xfd, 0x0, 0x3c, 0xed, 0xc5, 0xa0,
    0x1d, 0x0, 0x2, 0xc8, 0x24, 0xa0, 0x1d, 0x0,
    0x0, 0xff, 0x24, 0xa0, 0x1d, 0x0, 0x5, 0xfa,
    0xd6, 0xa0, 0x1d, 0x0, 0xd, 0xa6, 0x77, 0x90,
    0x1d, 0x0, 0x7a, 0x86, 0xa, 0x60, 0x1d, 0x0,
    0x41, 0x86, 0xe, 0x20, 0x1d, 0x10, 0x0, 0x86,
    0x7a, 0x0, 0x1e, 0x69, 0x0, 0x87, 0xb0, 0x0,
    0xe, 0xf4,

    /* U+6761 "条" */
    0x0, 0x2, 0xa0, 0x0, 0x0, 0x0, 0x0, 0x1d,
    0xed, 0xdd, 0xea, 0x0, 0x5, 0xda, 0xb0, 0x6,
    0xe2, 0x0, 0x3, 0x10, 0x7e, 0xcc, 0x20, 0x0,
    0x5, 0x8c, 0xea, 0x8d, 0xd9, 0x71, 0x8, 0x63,
    0x2, 0x30, 0x15, 0x80, 0x2e, 0xee, 0xee, 0xfe,
    0xee, 0xe2, 0x0, 0x4, 0x6, 0x90, 0x20, 0x0,
    0x0, 0x8c, 0x6, 0x92, 0xd8, 0x0, 0x9, 0xc1,
    0x6, 0x80, 0x1b, 0xa0, 0x4, 0x0, 0x8f, 0x50,
    0x0, 0x30,

    /* U+6765 "来" */
    0x0, 0x0, 0x4, 0xb0, 0x0, 0x0, 0x7, 0xcc,
    0xcd, 0xec, 0xcc, 0xc0, 0x0, 0x53, 0x15, 0xb1,
    0x17, 0x20, 0x0, 0x6c, 0x4, 0xb0, 0x7c, 0x0,
    0x0, 0xa, 0x24, 0xb0, 0x91, 0x0, 0x2e, 0xee,
    0xee, 0xfe, 0xee, 0xe8, 0x0, 0x0, 0x7d, 0xdd,
    0x10, 0x0, 0x0, 0x6, 0xd4, 0xb6, 0xc1, 0x0,
    0x0, 0x9d, 0x14, 0xb0, 0x7e, 0x40, 0x1d, 0xa0,
    0x4, 0xb0, 0x4, 0xe7, 0x3, 0x0, 0x4, 0xb0,
    0x0, 0x1,

    /* U+6770 "杰" */
    0x0, 0x0, 0x7, 0x70, 0x0, 0x0, 0x0, 0x0,
    0x7, 0x70, 0x0, 0x0, 0xe, 0xee, 0xff, 0xff,
    0xee, 0xe0, 0x0, 0x3, 0xd9, 0xad, 0x20, 0x0,
    0x0, 0x5e, 0x37, 0x73, 0xd4, 0x0, 0x2c, 0xc2,
    0x7, 0x70, 0x2c, 0xb2, 0x5, 0x0, 0x7, 0x70,
    0x0, 0x50, 0x0, 0x0, 0x2, 0x20, 0x0, 0x0,
    0x4, 0x92, 0x90, 0x57, 0xa, 0x60, 0x1e, 0x40,
    0xd4, 0x2e, 0x12, 0xe0, 0x16, 0x0, 0x53, 0x5,
    0x10, 0x71,

    /* U+677E "松" */
    0x0, 0x95, 0x0, 0x62, 0x16, 0x0, 0x0, 0x95,
    0x0, 0xc2, 0xd, 0x0, 0xc, 0xed, 0x81, 0xe0,
    0xd, 0x20, 0x2, 0xd6, 0x17, 0x92, 0x18, 0x80,
    0x0, 0xfd, 0x2e, 0x2a, 0x61, 0xe3, 0x5, 0xfb,
    0xa5, 0xe, 0x10, 0x41, 0xc, 0xb5, 0x50, 0x4c,
    0x14, 0x0, 0x4b, 0x95, 0x0, 0xa6, 0x1d, 0x0,
    0x1, 0x95, 0x1, 0xe0, 0xc, 0x30, 0x0, 0x95,
    0x8, 0xca, 0xde, 0x80, 0x0, 0x95, 0x4, 0x64,
    0x12, 0x90,

    /* U+677F "板" */
    0x0, 0x95, 0x0, 0x25, 0x8c, 0x70, 0x0, 0x95,
    0xa, 0xeb, 0x84, 0x0, 0x8, 0xca, 0x5a, 0x40,
    0x0, 0x0, 0x8, 0xda, 0x5a, 0x51, 0x11, 0x10,
    0x0, 0xe9, 0xb, 0xed, 0xbd, 0xa0, 0x3, 0xfe,
    0x5c, 0x8a, 0x7, 0x70, 0xa, 0xd6, 0x8e, 0x2d,
    0x1c, 0x30, 0x3d, 0x95, 0x1f, 0x6, 0xcb, 0x0,
    0x13, 0x95, 0x5b, 0x2, 0xf8, 0x0, 0x0, 0x95,
    0xb6, 0x4d, 0x6d, 0x80, 0x0, 0x95, 0x92, 0xb2,
    0x1, 0xa3,

    /* U+6797 "林" */
    0x0, 0x1e, 0x0, 0x1, 0xd0, 0x0, 0x0, 0x1e,
    0x0, 0x1, 0xd0, 0x0, 0xc, 0xcf, 0xc8, 0xac,
    0xfc, 0xa0, 0x2, 0x6e, 0x21, 0x16, 0xf4, 0x10,
    0x0, 0x9f, 0x60, 0xa, 0xf6, 0x0, 0x0, 0xde,
    0xd7, 0x1e, 0xfd, 0x0, 0x7, 0x8e, 0x15, 0x98,
    0xdb, 0x50, 0x2d, 0x1e, 0x4, 0xe2, 0xd3, 0xe1,
    0x13, 0x1e, 0x9, 0x51, 0xd0, 0x86, 0x0, 0x1e,
    0x0, 0x1, 0xd0, 0x0, 0x0, 0x1e, 0x0, 0x1,
    0xd0, 0x0,

    /* U+679C "果" */
    0x0, 0xfe, 0xee, 0xfe, 0xef, 0x60, 0x0, 0xf0,
    0x4, 0xa0, 0x8, 0x60, 0x0, 0xfc, 0xcd, 0xec,
    0xce, 0x60, 0x0, 0xf4, 0x47, 0xb4, 0x4a, 0x60,
    0x0, 0x88, 0x8a, 0xd8, 0x88, 0x30, 0xb, 0xbb,
    0xbd, 0xeb, 0xbb, 0xb6, 0x2, 0x22, 0xae, 0xed,
    0x42, 0x21, 0x0, 0x1b, 0xa5, 0xa6, 0xe5, 0x0,
    0x8, 0xe7, 0x4, 0xa0, 0x4e, 0xd3, 0x6, 0x10,
    0x4, 0xa0, 0x0, 0x61,

    /* U+67D3 "染" */
    0x0, 0xb3, 0x0, 0xe0, 0x0, 0x0, 0x1, 0x28,
    0x8c, 0xfc, 0xc2, 0x0, 0xb, 0x90, 0x13, 0xd1,
    0xb3, 0x0, 0x0, 0x38, 0x7, 0x90, 0xa3, 0x51,
    0x0, 0xb7, 0x6d, 0x10, 0xa7, 0xc2, 0x8, 0x72,
    0xa5, 0x20, 0x49, 0x70, 0x2a, 0xaa, 0xad, 0xca,
    0xaa, 0xa1, 0x3, 0x33, 0xce, 0xeb, 0x33, 0x30,
    0x0, 0x2c, 0x88, 0x69, 0xc2, 0x0, 0x2b, 0xd4,
    0x8, 0x60, 0x5e, 0xc2, 0x6, 0x0, 0x8, 0x60,
    0x0, 0x60,

    /* U+67E5 "查" */
    0x0, 0x0, 0x7, 0x70, 0x0, 0x0, 0x8, 0xdd,
    0xde, 0xed, 0xdd, 0x80, 0x0, 0x2, 0xcb, 0xbb,
    0x20, 0x0, 0x3, 0x9d, 0x27, 0x72, 0xca, 0x50,
    0x1d, 0x70, 0x4, 0x40, 0x5, 0xc1, 0x0, 0xcc,
    0xcc, 0xcc, 0xcc, 0x0, 0x0, 0xe5, 0x44, 0x44,
    0x5e, 0x0, 0x0, 0xe7, 0x77, 0x77, 0x7e, 0x0,
    0x0, 0xec, 0xcc, 0xcc, 0xce, 0x0, 0x0, 0x0,
    0x0, 0x0, 0x0, 0x0, 0x3e, 0xee, 0xee, 0xee,
    0xee, 0xe2,

    /* U+6807 "标" */
    0x0, 0x95, 0x0, 0x0, 0x0, 0x0, 0x0, 0x95,
    0x8, 0xee, 0xee, 0x40, 0x6, 0xb9, 0x40, 0x0,
    0x0, 0x0, 0x8, 0xeb, 0x73, 0x33, 0x33, 0x30,
    0x0, 0xe9, 0x2b, 0xbe, 0xcb, 0xb1, 0x3, 0xfe,
    0x50, 0xb, 0x40, 0x0, 0xb, 0xd6, 0x8a, 0x4b,
    0x4d, 0x20, 0x3c, 0x95, 0x1e, 0xb, 0x47, 0xa0,
    0x2, 0x95, 0x89, 0xb, 0x40, 0xe1, 0x0, 0x95,
    0x71, 0xc, 0x30, 0x61, 0x0, 0x95, 0x1, 0xee,
    0x10, 0x0,

    /* U+6846 "框" */
    0x0, 0xa3, 0x0, 0x0, 0x0, 0x0, 0x0, 0xa3,
    0x3f, 0xee, 0xee, 0xe5, 0x4, 0xc7, 0x6b, 0x11,
    0x11, 0x10, 0x9, 0xea, 0x8b, 0x9c, 0xfc, 0x90,
    0x0, 0xf9, 0x3b, 0x0, 0xe0, 0x0, 0x4, 0xfd,
    0x9b, 0x7d, 0xfd, 0x80, 0xa, 0xc5, 0x8b, 0x0,
    0xe0, 0x0, 0x3c, 0xa3, 0x3b, 0x0, 0xe0, 0x0,
    0x13, 0xa3, 0x3b, 0xcd, 0xdd, 0xd0, 0x0, 0xa3,
    0x3b, 0x0, 0x0, 0x0, 0x0, 0xa3, 0x3f, 0xee,
    0xee, 0xe5,

    /* U+6A21 "模" */
    0x0, 0x95, 0x0, 0xc2, 0xe, 0x0, 0x0, 0x95,
    0x2f, 0xff, 0xff, 0xf8, 0x8, 0xca, 0x60, 0xc2,
    0xe, 0x0, 0x6, 0xd9, 0x4b, 0xdc, 0xcc, 0xf0,
    0x0, 0xfb, 0xb, 0x87, 0x77, 0xe0, 0x3, 0xfd,
    0x7b, 0x43, 0x33, 0xe0, 0xa, 0xc6, 0x78, 0xce,
    0xec, 0xc0, 0x2d, 0x95, 0x2, 0x2b, 0x82, 0x21,
    0x24, 0x95, 0x2a, 0xbf, 0xfb, 0xa5, 0x0, 0x95,
    0x2, 0xb8, 0x7c, 0x30, 0x0, 0x95, 0x4c, 0x50,
    0x4, 0xc6,

    /* U+6A2A "横" */
    0x0, 0xe0, 0x2, 0xc0, 0x77, 0x0, 0x0, 0xe0,
    0x5d, 0xfd, 0xee, 0x90, 0x1c, 0xfc, 0x22, 0xc0,
    0x77, 0x0, 0x3, 0xf2, 0xdf, 0xff, 0xff, 0xf1,
    0x4, 0xf4, 0x0, 0xd, 0x0, 0x0, 0x8, 0xfc,
    0x4e, 0xcf, 0xcd, 0x80, 0xd, 0xe6, 0x5b, 0x5d,
    0x59, 0x80, 0x58, 0xe0, 0x4b, 0x5d, 0x59, 0x80,
    0x1, 0xe0, 0x4e, 0xcf, 0xcd, 0x80, 0x0, 0xe0,
    0x5, 0x70, 0x57, 0x10, 0x0, 0xe0, 0xa9, 0x20,
    0x7, 0xc0, 0x0, 0x0, 0x0, 0x0, 0x0, 0x0,

    /* U+6B21 "次" */
    0x0, 0x0, 0x4, 0x60, 0x0, 0x0, 0xb, 0x60,
    0xa, 0x60, 0x0, 0x0, 0x1, 0xe6, 0xf, 0xee,
    0xee, 0xa0, 0x0, 0x23, 0x8a, 0x3, 0xb, 0x50,
    0x0, 0x0, 0xe2, 0x2b, 0x2b, 0x0, 0x0, 0x2,
    0x20, 0x4b, 0x0, 0x0, 0x0, 0x6b, 0x0, 0x8f,
    0x10, 0x0, 0x0, 0xd4, 0x0, 0xda, 0x80, 0x0,
    0x6, 0xd0, 0x8, 0xa0, 0xd4, 0x0, 0x1e, 0x40,
    0x9c, 0x10, 0x3e, 0x50, 0x7, 0x8, 0xa0, 0x0,
    0x3, 0xd2, 0x0, 0x0, 0x0, 0x0, 0x0, 0x0,

    /* U+6B47 "歇" */
    0x0, 0x0, 0x0, 0x2, 0x20, 0x0, 0xe, 0xcc,
    0xcd, 0x8, 0x40, 0x0, 0xe, 0xcc, 0xcd, 0xc,
    0xbb, 0xe5, 0xe, 0x44, 0x4d, 0x2b, 0x41, 0xf1,
    0x8, 0xf8, 0x86, 0x74, 0xe5, 0x90, 0x1c, 0xec,
    0xcc, 0x30, 0xe0, 0x0, 0x66, 0xc, 0x2a, 0x41,
    0xf3, 0x0, 0xb, 0x5e, 0x8a, 0x35, 0xda, 0x0,
    0xe, 0x71, 0x6a, 0x3a, 0x7a, 0x30, 0xc, 0xcc,
    0x9c, 0x4e, 0x12, 0xd2, 0x0, 0x0, 0xab, 0x45,
    0x0, 0x54,

    /* U+6B4C "歌" */
    0x0, 0x0, 0x0, 0x0, 0x0, 0x0, 0xd, 0xee,
    0xef, 0x75, 0x70, 0x0, 0x8, 0xbc, 0x3f, 0x9,
    0xdc, 0xe3, 0x9, 0x38, 0x4f, 0xd, 0x21, 0xf0,
    0x7, 0xcc, 0x3f, 0x5a, 0xb7, 0xb0, 0x2, 0x22,
    0x2c, 0x33, 0xc2, 0x20, 0x18, 0x88, 0x8f, 0x50,
    0xf4, 0x0, 0xb, 0xce, 0x6e, 0x2, 0xea, 0x0,
    0xb, 0x28, 0x6e, 0x7, 0x8a, 0x30, 0xb, 0xbb,
    0x4e, 0xe, 0x23, 0xd1, 0x1, 0x4, 0xdb, 0x37,
    0x0, 0x73,

    /* U+6B63 "正" */
    0x8, 0xee, 0xee, 0xfe, 0xee, 0xe1, 0x0, 0x0,
    0x0, 0xe0, 0x0, 0x0, 0x0, 0x0, 0x0, 0xe0,
    0x0, 0x0, 0x0, 0x67, 0x0, 0xe0, 0x0, 0x0,
    0x0, 0x67, 0x0, 0xfe, 0xee, 0x90, 0x0, 0x67,
    0x0, 0xe0, 0x0, 0x0, 0x0, 0x67, 0x0, 0xe0,
    0x0, 0x0, 0x0, 0x67, 0x0, 0xe0, 0x0, 0x0,
    0x0, 0x67, 0x0, 0xe0, 0x0, 0x0, 0x2e, 0xef,
    0xee, 0xfe, 0xee, 0xe8,

    /* U+6B65 "步" */
    0x0, 0x0, 0x6, 0x80, 0x0, 0x0, 0x0, 0x29,
    0x6, 0x91, 0x11, 0x0, 0x0, 0x3b, 0x6, 0xed,
    0xdd, 0x10, 0x0, 0x3b, 0x6, 0x80, 0x0, 0x0,
    0x1e, 0xee, 0xee, 0xee, 0xee, 0xe6, 0x0, 0x0,
    0x2, 0x30, 0x0, 0x0, 0x0, 0xc, 0x36, 0x80,
    0x9, 0x0, 0x0, 0x9a, 0x6, 0x80, 0xc8, 0x0,
    0x1, 0xb0, 0x6, 0xbd, 0x70, 0x0, 0x0, 0x0,
    0x5c, 0xc3, 0x0, 0x0, 0x5, 0xcd, 0x93, 0x0,
    0x0, 0x0, 0x1, 0x20, 0x0, 0x0, 0x0, 0x0,

    /* U+6C11 "民" */
    0x1f, 0xee, 0xee, 0xee, 0xed, 0x1, 0xd0, 0x0,
    0x0, 0x1, 0xd0, 0x1f, 0xee, 0xee, 0xee, 0xed,
    0x1, 0xd0, 0x0, 0xb4, 0x0, 0x0, 0x1d, 0x0,
    0x9, 0x50, 0x0, 0x1, 0xfe, 0xee, 0xef, 0xee,
    0xe2, 0x1d, 0x0, 0x2, 0xe0, 0x0, 0x1, 0xd0,
    0x0, 0xb, 0x70, 0x1, 0x1e, 0x7a, 0xd1, 0x2e,
    0x76, 0x80, 0x97, 0x30, 0x0, 0x3d, 0xe2,

    /* U+6C14 "气" */
    0x0, 0x37, 0x0, 0x0, 0x0, 0x0, 0x0, 0xae,
    0xdd, 0xdd, 0xdd, 0xb0, 0x3, 0xe1, 0x11, 0x11,
    0x11, 0x10, 0xd, 0x5c, 0xdd, 0xdd, 0xda, 0x0,
    0x5, 0x0, 0x0, 0x0, 0x0, 0x0, 0x0, 0xee,
    0xee, 0xee, 0xf7, 0x0, 0x0, 0x0, 0x0, 0x0,
    0x77, 0x0, 0x0, 0x0, 0x0, 0x0, 0x68, 0x0,
    0x0, 0x0, 0x0, 0x0, 0x49, 0x0, 0x0, 0x0,
    0x0, 0x0, 0x1d, 0x76, 0x0, 0x0, 0x0, 0x0,
    0x9, 0xe1,

    /* U+6C5F "江" */
    0x4, 0x10, 0x0, 0x0, 0x0, 0x0, 0x7, 0xe1,
    0xae, 0xef, 0xee, 0xe2, 0x0, 0x10, 0x0, 0xb,
    0x30, 0x0, 0x15, 0x0, 0x0, 0xb, 0x30, 0x0,
    0x1b, 0xa0, 0x0, 0xb, 0x30, 0x0, 0x0, 0x20,
    0x0, 0xb, 0x30, 0x0, 0x0, 0x23, 0x0, 0xb,
    0x30, 0x0, 0x0, 0xa6, 0x0, 0xb, 0x30, 0x0,
    0x1, 0xe0, 0x0, 0xb, 0x30, 0x0, 0xa, 0x80,
    0x0, 0xb, 0x30, 0x0, 0x2e, 0x10, 0xee, 0xef,
    0xee, 0xe6, 0x1, 0x0, 0x0, 0x0, 0x0, 0x0,

    /* U+6CBB "治" */
    0x5, 0x10, 0x0, 0x81, 0x0, 0x0, 0x5, 0xd3,
    0x4, 0xd0, 0x0, 0x0, 0x0, 0x31, 0x1e, 0x40,
    0xc5, 0x0, 0x17, 0x1, 0xc8, 0x2, 0x5f, 0x20,
    0x9, 0xa8, 0xfe, 0xec, 0xaa, 0xc0, 0x0, 0x10,
    0x0, 0x0, 0x0, 0x40, 0x0, 0x80, 0xde, 0xee,
    0xee, 0x30, 0x3, 0xd0, 0xe0, 0x0, 0xb, 0x30,
    0x9, 0x80, 0xe0, 0x0, 0xb, 0x30, 0x2f, 0x20,
    0xec, 0xcc, 0xce, 0x30, 0x39, 0x0, 0xe1, 0x11,
    0x1b, 0x30,

    /* U+6D41 "流" */
    0x2, 0x0, 0x0, 0x23, 0x0, 0x0, 0x8, 0xc2,
    0x22, 0x4d, 0x22, 0x20, 0x0, 0x53, 0x9a, 0xfb,
    0xaa, 0xa2, 0x4, 0x0, 0x5, 0xc0, 0x2a, 0x0,
    0x1c, 0x90, 0x3d, 0x43, 0x5f, 0x60, 0x0, 0x30,
    0x8b, 0xa9, 0x76, 0xa0, 0x0, 0x80, 0xd, 0x1b,
    0x2a, 0x0, 0x2, 0xd0, 0xe, 0x1d, 0x3b, 0x0,
    0x8, 0x80, 0x4b, 0x1d, 0x3b, 0x0, 0x1f, 0x20,
    0xc5, 0x1d, 0x2b, 0x63, 0x39, 0x6, 0x90, 0x1d,
    0x1e, 0xe2, 0x0, 0x0, 0x0, 0x0, 0x0, 0x0,

    /* U+6D6A "浪" */
    0x0, 0x30, 0x0, 0x7, 0x0, 0x0, 0x2, 0xd9,
    0x12, 0x2e, 0x42, 0x10, 0x0, 0x8, 0x3e, 0xaa,
    0xab, 0xd0, 0x6, 0x10, 0x2d, 0x22, 0x23, 0xd0,
    0x6, 0xe5, 0x2e, 0xbb, 0xbb, 0xd0, 0x0, 0x22,
    0x2d, 0x33, 0x34, 0xd0, 0x0, 0x4, 0x2e, 0xae,
    0xba, 0x80, 0x0, 0x6a, 0x2c, 0x6, 0xa2, 0xb4,
    0x0, 0xd4, 0x2c, 0x0, 0xde, 0x50, 0x7, 0xc0,
    0x2c, 0x17, 0x3e, 0x50, 0xe, 0x30, 0x2f, 0xd7,
    0x3, 0xd9, 0x1, 0x0, 0x2, 0x0, 0x0, 0x1,

    /* U+6DF1 "深" */
    0x3, 0x0, 0x0, 0x0, 0x0, 0x0, 0xb, 0xb0,
    0xed, 0xdd, 0xdd, 0xe0, 0x0, 0x30, 0xe0, 0x40,
    0x20, 0xe0, 0x36, 0x0, 0x4a, 0xb0, 0xbb, 0x50,
    0x1b, 0x80, 0xaa, 0xa, 0x8, 0x90, 0x0, 0x10,
    0x10, 0xe, 0x0, 0x0, 0x0, 0x42, 0xbd, 0xef,
    0xed, 0xc0, 0x0, 0xd3, 0x2, 0xdf, 0xc1, 0x0,
    0x5, 0xc0, 0x3d, 0x3e, 0x5c, 0x10, 0x1e, 0x45,
    0xd3, 0xe, 0x6, 0xe0, 0x39, 0x0, 0x10, 0xe,
    0x0, 0x20,

    /* U+6E05 "清" */
    0x6, 0x70, 0x24, 0x4d, 0x54, 0x41, 0x1, 0xb4,
    0x58, 0x8e, 0x98, 0x82, 0x0, 0x0, 0x2a, 0xae,
    0xba, 0x90, 0x9, 0x10, 0x2, 0x2d, 0x32, 0x10,
    0x6, 0xe1, 0xff, 0xff, 0xff, 0xf9, 0x0, 0x20,
    0x2, 0x22, 0x22, 0x10, 0x0, 0x5, 0x3e, 0x99,
    0x9b, 0xb0, 0x0, 0x79, 0x3e, 0xaa, 0xab, 0xb0,
    0x1, 0xe2, 0x3c, 0x44, 0x46, 0xb0, 0x9, 0xa0,
    0x3e, 0x99, 0x9b, 0xb0, 0xb, 0x10, 0x3b, 0x0,
    0x8e, 0x70,

    /* U+6E32 "渲" */
    0x6, 0x0, 0x0, 0x72, 0x0, 0x0, 0x8, 0xc4,
    0x99, 0xcc, 0x99, 0x70, 0x0, 0x17, 0x94, 0x44,
    0x44, 0xd0, 0x35, 0x6, 0x5c, 0xcc, 0xc5, 0xa0,
    0x2d, 0x70, 0x12, 0x22, 0x22, 0x0, 0x1, 0x20,
    0xac, 0xaa, 0xae, 0x20, 0x0, 0x52, 0xa8, 0x66,
    0x6e, 0x20, 0x0, 0xe2, 0xa7, 0x55, 0x5d, 0x20,
    0x6, 0xb0, 0xad, 0xcc, 0xcf, 0x20, 0xe, 0x40,
    0x0, 0x0, 0x0, 0x0, 0x5b, 0xb, 0xee, 0xee,
    0xee, 0xe1, 0x0, 0x0, 0x0, 0x0, 0x0, 0x0,

    /* U+6E90 "源" */
    0x0, 0x0, 0x0, 0x0, 0x0, 0x0, 0x9, 0x71,
    0xfd, 0xde, 0xfd, 0xd6, 0x0, 0x31, 0xd3, 0xad,
    0xda, 0xa0, 0x1a, 0x11, 0xd5, 0xa2, 0x22, 0xe0,
    0x7, 0xb1, 0xd5, 0xed, 0xdd, 0xf0, 0x0, 0x11,
    0xd5, 0x90, 0x0, 0xe0, 0x0, 0x42, 0xd5, 0xed,
    0xed, 0xe0, 0x1, 0xd4, 0xb0, 0x41, 0xe1, 0x20,
    0x6, 0x88, 0x73, 0xd0, 0xe4, 0xd1, 0xd, 0x3e,
    0x3d, 0x30, 0xe0, 0x78, 0x1a, 0x38, 0x1, 0x5f,
    0xa0, 0x0,

    /* U+6F02 "漂" */
    0x0, 0x0, 0x0, 0x0, 0x0, 0x0, 0x8, 0xb3,
    0xdd, 0xfd, 0xfd, 0xd6, 0x0, 0x22, 0xae, 0xfe,
    0xfe, 0xe0, 0x19, 0x10, 0xb3, 0xb2, 0xd1, 0xd0,
    0x6, 0xb0, 0xbe, 0xfd, 0xfd, 0xf0, 0x0, 0x0,
    0x15, 0x55, 0x55, 0x40, 0x0, 0x80, 0x28, 0x88,
    0x88, 0x60, 0x1, 0xe2, 0xdd, 0xdd, 0xdd, 0xd6,
    0x8, 0x90, 0x15, 0xb, 0x35, 0x10, 0xe, 0x30,
    0xc6, 0xb, 0x26, 0xb0, 0x2a, 0x3, 0x70, 0xee,
    0x10, 0x81,

    /* U+6F2B "漫" */
    0x0, 0x0, 0x0, 0x0, 0x0, 0x0, 0x8, 0xb2,
    0x6d, 0xbb, 0xbc, 0x70, 0x0, 0x53, 0x6c, 0x99,
    0x9b, 0x70, 0x18, 0x10, 0x4a, 0x99, 0x9a, 0x50,
    0x7, 0xc0, 0xcc, 0xcc, 0xcc, 0xc0, 0x0, 0x0,
    0xe0, 0xd0, 0xd0, 0xe0, 0x0, 0x80, 0xaa, 0xaa,
    0xaa, 0xa0, 0x1, 0xe0, 0xbc, 0xcc, 0xcc, 0x90,
    0x7, 0xa0, 0x1d, 0x50, 0x4e, 0x30, 0xe, 0x40,
    0x2, 0xed, 0xf3, 0x0, 0x2c, 0x1, 0xdd, 0x96,
    0xad, 0xe2, 0x0, 0x0, 0x0, 0x0, 0x0, 0x0,

    /* U+6F6E "潮" */
    0x3, 0x0, 0x3a, 0x0, 0x0, 0x0, 0xb8, 0x9e,
    0xfd, 0x7f, 0xdf, 0x0, 0x32, 0x6b, 0x31, 0xb0,
    0xe3, 0x80, 0xaa, 0x9e, 0x3f, 0xdf, 0xa, 0x8a,
    0xa9, 0xe3, 0xb0, 0xe0, 0x0, 0xa6, 0x3c, 0x3b,
    0xe, 0x0, 0x5a, 0xed, 0xf4, 0xfd, 0xf0, 0x49,
    0x2, 0xb0, 0x39, 0xe, 0xa, 0x5c, 0xdf, 0xdb,
    0x70, 0xe1, 0xe0, 0x2, 0xb0, 0xb3, 0xe, 0x49,
    0x0, 0x2b, 0xc, 0x1d, 0xc0, 0x0, 0x0, 0x10,
    0x0, 0x0,

    /* U+7075 "灵" */
    0x3, 0xee, 0xee, 0xee, 0xef, 0x10, 0x0, 0x66,
    0x66, 0x66, 0x6e, 0x10, 0x0, 0x44, 0x44, 0x44,
    0x4e, 0x10, 0x5, 0xff, 0xff, 0xff, 0xff, 0x10,
    0x0, 0x10, 0x3, 0x90, 0x2, 0x0, 0x0, 0xa7,
    0x6, 0xb0, 0x7d, 0x0, 0x4, 0xd0, 0xd, 0xeb,
    0xb1, 0x0, 0x0, 0x10, 0xab, 0x2e, 0x30, 0x0,
    0x2, 0x7e, 0xa0, 0x3, 0xea, 0x40, 0x3e, 0xa3,
    0x0, 0x0, 0x7, 0xc1,

    /* U+70B9 "点" */
    0x0, 0x0, 0xd, 0x10, 0x0, 0x0, 0x0, 0x0,
    0xd, 0x43, 0x33, 0x20, 0x0, 0x0, 0xd, 0xba,
    0xaa, 0x70, 0x0, 0x0, 0xd, 0x10, 0x0, 0x0,
    0x1, 0xfe, 0xee, 0xee, 0xef, 0x10, 0x1, 0xd0,
    0x0, 0x0, 0xd, 0x10, 0x1, 0xd0, 0x0, 0x0,
    0xd, 0x10, 0x1, 0xee, 0xee, 0xee, 0xee, 0x10,
    0x0, 0x60, 0x30, 0x32, 0x7, 0x10, 0x8, 0x91,
    0xe0, 0x6b, 0x7, 0xa0, 0x1d, 0x10, 0xb4, 0xc,
    0x10, 0xd1, 0x0, 0x0, 0x0, 0x0, 0x0, 0x0,

    /* U+70BC "炼" */
    0x0, 0xd0, 0x0, 0xa, 0x20, 0x0, 0x0, 0xd1,
    0x0, 0xe, 0x0, 0x0, 0x1, 0xdc, 0x7e, 0xef,
    0xee, 0xe1, 0x1c, 0xd8, 0x1, 0x96, 0x10, 0x0,
    0x4a, 0xd0, 0x2d, 0xfd, 0xf0, 0x0, 0x76, 0xd0,
    0x9, 0x70, 0xe0, 0x0, 0x1, 0xc0, 0xe, 0xcc,
    0xfc, 0xc0, 0x4, 0xf4, 0x3, 0x10, 0xe3, 0x20,
    0xa, 0x6d, 0x2d, 0x40, 0xe4, 0xb0, 0x1e, 0x3,
    0x7b, 0x0, 0xe0, 0xd2, 0x66, 0x0, 0x21, 0x3e,
    0xc0, 0x20, 0x0, 0x0, 0x0, 0x0, 0x0, 0x0,

    /* U+70ED "热" */
    0x0, 0x0, 0x0, 0x0, 0x0, 0x0, 0x0, 0x5a,
    0x0, 0x2c, 0x0, 0x0, 0x0, 0x5a, 0x3, 0x7d,
    0x65, 0x0, 0x1d, 0xef, 0xb4, 0xae, 0x9e, 0x0,
    0x0, 0x5a, 0x4, 0x5b, 0xd, 0x0, 0x0, 0x7d,
    0xa4, 0xeb, 0xd, 0x0, 0x1d, 0xcb, 0x0, 0x9e,
    0x7d, 0x2, 0x0, 0x5a, 0x1, 0xe1, 0x2d, 0x49,
    0x7, 0xf7, 0xc, 0x60, 0xa, 0xe4, 0x0, 0x50,
    0x32, 0x4, 0x1, 0x50, 0x9, 0x90, 0xa6, 0xd,
    0x13, 0xe2, 0xa, 0x0, 0x47, 0x6, 0x40, 0x75,

    /* U+7231 "爱" */
    0x0, 0x1, 0x12, 0x35, 0x78, 0x10, 0x6, 0xdd,
    0xcc, 0xa9, 0x99, 0x10, 0x0, 0x3b, 0xa, 0x40,
    0x98, 0x0, 0xb, 0xdf, 0xde, 0xed, 0xfe, 0xa0,
    0xd, 0x10, 0x90, 0x0, 0x3, 0xb0, 0x7, 0x78,
    0xe7, 0x77, 0x77, 0x70, 0x5, 0x6f, 0x86, 0x66,
    0x66, 0x60, 0x0, 0x9f, 0xcc, 0xcc, 0xcb, 0x0,
    0x8, 0xd7, 0xd3, 0x3, 0xd5, 0x0, 0x2b, 0x11,
    0x8f, 0xef, 0x60, 0x0, 0x0, 0xdd, 0xa6, 0x48,
    0xce, 0xe1, 0x0, 0x0, 0x0, 0x0, 0x0, 0x0,

    /* U+7235 "爵" */
    0x0, 0x0, 0x0, 0x0, 0x1, 0x10, 0x1c, 0xcc,
    0xcc, 0xcc, 0xcb, 0x70, 0x0, 0xb2, 0x1a, 0x21,
    0x89, 0x0, 0x9, 0x98, 0xe8, 0xac, 0x8c, 0x40,
    0x9, 0xcb, 0xfb, 0xcd, 0xbd, 0x40, 0x7, 0x88,
    0x84, 0x0, 0x8, 0x10, 0xe, 0x44, 0x89, 0xdd,
    0xdf, 0xd3, 0xe, 0x77, 0xa9, 0x14, 0xb, 0x10,
    0xe, 0xbb, 0xc7, 0xd, 0xb, 0x10, 0xe, 0x3,
    0xb4, 0x2, 0xb, 0x10, 0xc, 0xc9, 0x6a, 0x6,
    0xdd, 0x0,

    /* U+7247 "片" */
    0x0, 0x0, 0x0, 0x0, 0x0, 0x0, 0xd, 0x10,
    0x3, 0xb0, 0x0, 0x0, 0xd1, 0x0, 0x3b, 0x0,
    0x0, 0xd, 0x10, 0x3, 0xb0, 0x0, 0x0, 0xde,
    0xee, 0xef, 0xee, 0xa0, 0xd, 0x10, 0x0, 0x0,
    0x0, 0x0, 0xd1, 0x0, 0x0, 0x0, 0x0, 0xf,
    0xee, 0xee, 0xef, 0x0, 0x2, 0xd0, 0x0, 0x0,
    0xd0, 0x0, 0x69, 0x0, 0x0, 0xd, 0x0, 0xd,
    0x30, 0x0, 0x0, 0xd0, 0x3, 0x90, 0x0, 0x0,
    0xd, 0x0,

    /* U+72B6 "状" */
    0x0, 0x0, 0x0, 0x0, 0x0, 0x0, 0x0, 0xd,
    0x10, 0xe, 0x2, 0x0, 0x0, 0xd, 0x10, 0xe,
    0xd, 0x20, 0x2d, 0xd, 0x10, 0xe, 0x3, 0x30,
    0x7, 0x7d, 0x3b, 0xbf, 0xbb, 0xa0, 0x0, 0xd,
    0x24, 0x4f, 0x94, 0x30, 0x0, 0x1e, 0x10, 0x2e,
    0xa0, 0x0, 0x3, 0xdf, 0x10, 0x68, 0xd0, 0x0,
    0x6e, 0x4d, 0x10, 0xb4, 0x96, 0x0, 0x32, 0xd,
    0x13, 0xd0, 0x2e, 0x0, 0x0, 0xd, 0x2d, 0x40,
    0x9, 0xb0, 0x0, 0xd, 0x65, 0x0, 0x0, 0xa0,

    /* U+72EC "独" */
    0xa, 0xa, 0x20, 0xc, 0x20, 0x0, 0x9, 0xcc,
    0x0, 0xc, 0x20, 0x0, 0x4, 0xf4, 0x2e, 0xef,
    0xee, 0xc0, 0x3e, 0xa7, 0x2b, 0xc, 0x21, 0xe0,
    0x2, 0x4b, 0x2b, 0xc, 0x21, 0xe0, 0x0, 0xcd,
    0x2b, 0xc, 0x21, 0xe0, 0x9, 0x9e, 0x2f, 0xef,
    0xee, 0xc0, 0x5b, 0xe, 0x16, 0xc, 0x23, 0x20,
    0x0, 0x1d, 0x0, 0xc, 0x27, 0xa0, 0x0, 0x4a,
    0x0, 0xc, 0x58, 0xf1, 0xc, 0xe3, 0x8e, 0xdc,
    0x95, 0x95, 0x0, 0x0, 0x0, 0x0, 0x0, 0x0,

    /* U+73AF "环" */
    0x0, 0x0, 0x0, 0x0, 0x0, 0x0, 0x7e, 0xfe,
    0x5d, 0xdf, 0xed, 0xd0, 0x2, 0xc0, 0x0, 0xd,
    0x20, 0x0, 0x2, 0xc0, 0x0, 0x4f, 0x10, 0x0,
    0x4b, 0xeb, 0x0, 0xbf, 0x84, 0x0, 0x14, 0xc2,
    0x4, 0xad, 0x3d, 0x0, 0x2, 0xc0, 0xd, 0x2d,
    0x19, 0x80, 0x2, 0xc5, 0x98, 0xd, 0x11, 0xb0,
    0x29, 0xf9, 0x10, 0xd, 0x10, 0x0, 0x47, 0x10,
    0x0, 0xd, 0x10, 0x0, 0x0, 0x0, 0x0, 0xd,
    0x10, 0x0,

    /* U+7403 "球" */
    0x0, 0x0, 0x0, 0xa, 0x47, 0x0, 0x4e, 0xfe,
    0x30, 0xa, 0x49, 0x30, 0x0, 0xe0, 0x5d, 0xdf,
    0xed, 0xd0, 0x0, 0xe0, 0x2, 0xa, 0x43, 0x10,
    0x1b, 0xfb, 0x1d, 0x1a, 0x5e, 0x30, 0x2, 0xe2,
    0x6, 0x6e, 0xe7, 0x0, 0x0, 0xe0, 0x0, 0xbf,
    0xe5, 0x0, 0x0, 0xe2, 0x9, 0xba, 0x5e, 0x40,
    0x16, 0xfc, 0x9c, 0x1a, 0x43, 0xe2, 0x39, 0x30,
    0x31, 0xa, 0x30, 0x30, 0x0, 0x0, 0x4, 0xee,
    0x10, 0x0,

    /* U+74F7 "瓷" */
    0x4, 0x10, 0x7, 0x20, 0x0, 0x0, 0x6, 0xe4,
    0x3e, 0xdf, 0xde, 0xc0, 0x0, 0x10, 0xd3, 0x2f,
    0x1b, 0x50, 0x0, 0x57, 0x1, 0xca, 0xd5, 0x0,
    0x3e, 0xa2, 0xac, 0x50, 0x2a, 0xd2, 0x19, 0x77,
    0x87, 0x77, 0x77, 0x81, 0x15, 0x5f, 0x55, 0x55,
    0x55, 0x51, 0x0, 0x3f, 0xdd, 0xdd, 0xc0, 0x0,
    0x0, 0x77, 0x4, 0x30, 0xe0, 0x10, 0x0, 0xb3,
    0x24, 0xc2, 0xe0, 0x96, 0x0, 0xed, 0xb4, 0x0,
    0xcd, 0xd1, 0x0, 0x10, 0x0, 0x0, 0x0, 0x0,

    /* U+7528 "用" */
    0x1, 0xfe, 0xee, 0xfe, 0xee, 0xd0, 0x1d, 0x0,
    0x1d, 0x0, 0x1d, 0x1, 0xd1, 0x12, 0xd1, 0x12,
    0xd0, 0x1f, 0xcc, 0xcf, 0xcc, 0xcd, 0x1, 0xd0,
    0x1, 0xd0, 0x1, 0xd0, 0x2f, 0xbb, 0xcf, 0xbb,
    0xcd, 0x4, 0xb2, 0x23, 0xe2, 0x23, 0xd0, 0x77,
    0x0, 0x1d, 0x0, 0x1d, 0xd, 0x20, 0x1, 0xd0,
    0x2, 0xd2, 0xc0, 0x0, 0x9, 0xb, 0xf9, 0x0,
    0x0, 0x0, 0x0, 0x0, 0x0,

    /* U+7535 "电" */
    0x0, 0x1, 0xe0, 0x0, 0x0, 0x0, 0x0, 0x1e,
    0x0, 0x0, 0x0, 0xde, 0xee, 0xfe, 0xee, 0xa0,
    0xd, 0x10, 0x1e, 0x0, 0x4a, 0x0, 0xdc, 0xcc,
    0xfc, 0xcd, 0xa0, 0xd, 0x32, 0x3e, 0x22, 0x5a,
    0x0, 0xd1, 0x1, 0xe0, 0x4, 0xa0, 0xd, 0xee,
    0xef, 0xee, 0xea, 0x0, 0xa0, 0x1, 0xe0, 0x0,
    0x1, 0x0, 0x0, 0xe, 0x0, 0x0, 0xe2, 0x0,
    0x0, 0xbe, 0xee, 0xeb, 0x0,

    /* U+767D "白" */
    0x0, 0x0, 0x52, 0x0, 0x0, 0x0, 0x0, 0xe2,
    0x0, 0x0, 0x3f, 0xee, 0xee, 0xee, 0xed, 0x3c,
    0x0, 0x0, 0x0, 0x1d, 0x3c, 0x0, 0x0, 0x0,
    0x1d, 0x3f, 0xcc, 0xcc, 0xcc, 0xcd, 0x3c, 0x22,
    0x22, 0x22, 0x3d, 0x3c, 0x0, 0x0, 0x0, 0x1d,
    0x3c, 0x0, 0x0, 0x0, 0x1d, 0x3f, 0xee, 0xee,
    0xee, 0xed, 0x2b, 0x0, 0x0, 0x0, 0x1d,

    /* U+7684 "的" */
    0x9, 0x20, 0x1, 0xa0, 0x0, 0x5, 0xe5, 0x40,
    0x7a, 0x0, 0x0, 0xe9, 0x9d, 0xe, 0xfe, 0xee,
    0x1d, 0x0, 0xda, 0x90, 0x0, 0xe1, 0xd0, 0xd,
    0x40, 0x10, 0xe, 0xf, 0xcc, 0xd0, 0x3d, 0x0,
    0xe0, 0xd2, 0x2d, 0x0, 0xb5, 0xf, 0xd, 0x0,
    0xd0, 0x3, 0x30, 0xf0, 0xd0, 0xd, 0x0, 0x0,
    0x1d, 0xf, 0xee, 0xd0, 0x0, 0x4, 0xb0, 0x80,
    0x4, 0x0, 0x6e, 0xe4, 0x0,

    /* U+76F4 "直" */
    0x0, 0x0, 0x5, 0xa0, 0x0, 0x0, 0xd, 0xee,
    0xee, 0xfe, 0xee, 0xd0, 0x0, 0x0, 0xb, 0x40,
    0x0, 0x0, 0x0, 0x6c, 0xcf, 0xdc, 0xc5, 0x0,
    0x0, 0x88, 0x22, 0x22, 0x87, 0x0, 0x0, 0x8d,
    0xcc, 0xcc, 0xd7, 0x0, 0x0, 0x8a, 0x66, 0x66,
    0xa7, 0x0, 0x0, 0x8a, 0x66, 0x66, 0xa7, 0x0,
    0x0, 0x8d, 0xcc, 0xcc, 0xd7, 0x0, 0x0, 0x86,
    0x0, 0x0, 0x77, 0x0, 0x2e, 0xfe, 0xee, 0xee,
    0xff, 0xe2,

    /* U+76F8 "相" */
    0x0, 0x86, 0x0, 0x0, 0x0, 0x0, 0x8, 0x60,
    0x8e, 0xdd, 0xde, 0x16, 0xba, 0x68, 0x60, 0x0,
    0xe2, 0x8d, 0xb8, 0x87, 0x22, 0x2e, 0x0, 0xed,
    0x18, 0xcb, 0xbb, 0xe0, 0x5f, 0xbc, 0x86, 0x0,
    0xe, 0xd, 0xa6, 0x58, 0xed, 0xdd, 0xe8, 0x98,
    0x60, 0x86, 0x0, 0xe, 0x10, 0x86, 0x8, 0x60,
    0x0, 0xe0, 0x8, 0x60, 0x8e, 0xdd, 0xde, 0x0,
    0x86, 0x8, 0x60, 0x0, 0xe0,

    /* U+770B "看" */
    0x0, 0x0, 0x0, 0x0, 0x12, 0x10, 0x2, 0xcc,
    0xcf, 0xcb, 0xba, 0x60, 0x1, 0xee, 0xef, 0xee,
    0xee, 0x50, 0x16, 0x66, 0xe8, 0x66, 0x66, 0x60,
    0x18, 0x8f, 0xa8, 0x88, 0x88, 0x81, 0x1, 0xcf,
    0xee, 0xee, 0xee, 0x50, 0x3e, 0x7e, 0x55, 0x55,
    0x5a, 0x60, 0x12, 0xe, 0x87, 0x77, 0x7c, 0x60,
    0x0, 0xe, 0xdd, 0xdd, 0xde, 0x60, 0x0, 0xe,
    0x0, 0x0, 0x8, 0x60, 0x0, 0xe, 0xee, 0xee,
    0xef, 0x60,

    /* U+793A "示" */
    0x3, 0xee, 0xee, 0xee, 0xee, 0x30, 0x0, 0x0,
    0x0, 0x0, 0x0, 0x0, 0x0, 0x0, 0x0, 0x0,
    0x0, 0x0, 0x1e, 0xee, 0xee, 0xfe, 0xee, 0xe1,
    0x0, 0x0, 0x6, 0x80, 0x0, 0x0, 0x0, 0x1b,
    0x6, 0x81, 0xb1, 0x0, 0x0, 0x99, 0x6, 0x80,
    0x7c, 0x0, 0x5, 0xe1, 0x6, 0x80, 0xa, 0xa0,
    0x2f, 0x30, 0x7, 0x80, 0x0, 0xd2, 0x3, 0x2,
    0xee, 0x50, 0x0, 0x0,

    /* U+79C3 "秃" */
    0x0, 0x1, 0x22, 0x47, 0x96, 0x0, 0x3, 0xdd,
    0xce, 0xb8, 0x63, 0x0, 0x0, 0x0, 0xb, 0x40,
    0x0, 0x0, 0x8e, 0xee, 0xff, 0xfe, 0xee, 0xe1,
    0x0, 0x19, 0xbc, 0x8d, 0x40, 0x0, 0x28, 0xe7,
    0xb, 0x42, 0xcc, 0x60, 0x38, 0x11, 0x14, 0x21,
    0x5, 0xa0, 0x0, 0xf, 0xdd, 0xdf, 0x30, 0x0,
    0x0, 0x2e, 0x0, 0xc, 0x30, 0x0, 0x0, 0xa9,
    0x0, 0xc, 0x31, 0xe0, 0xd, 0xa0, 0x0, 0x9,
    0xfe, 0x70, 0x0, 0x0, 0x0, 0x0, 0x0, 0x0,

    /* U+7A3B "稻" */
    0x1, 0x36, 0x50, 0x12, 0x47, 0x80, 0x1d, 0xea,
    0x4c, 0xcb, 0x97, 0x60, 0x0, 0x85, 0x7, 0xa,
    0x20, 0xd2, 0x17, 0xb9, 0x78, 0x84, 0x77, 0xa0,
    0x17, 0xda, 0x71, 0x45, 0x0, 0x10, 0x0, 0xfd,
    0x1a, 0xb4, 0x7c, 0xf0, 0x5, 0xfa, 0x7d, 0x0,
    0x0, 0xe0, 0x1e, 0xa5, 0xd, 0xc8, 0x7c, 0xf0,
    0x38, 0x85, 0xd, 0x0, 0x0, 0xe0, 0x0, 0x85,
    0xd, 0x32, 0x22, 0xe0, 0x0, 0x85, 0xd, 0xbb,
    0xbb, 0xf0,

    /* U+7A7A "空" */
    0x0, 0x0, 0x6, 0x80, 0x0, 0x0, 0x1d, 0xdd,
    0xde, 0xfd, 0xdd, 0xd1, 0x1d, 0x0, 0x10, 0x1,
    0x0, 0xd1, 0x4, 0x5, 0xd3, 0xa, 0xb2, 0x40,
    0x5, 0xcb, 0x20, 0x0, 0x5e, 0x70, 0x5, 0x30,
    0x0, 0x0, 0x2, 0x60, 0x3, 0xff, 0xff, 0xff,
    0xff, 0x70, 0x0, 0x0, 0x2, 0xd0, 0x0, 0x0,
    0x0, 0x0, 0x2, 0xd0, 0x0, 0x0, 0x0, 0x0,
    0x2, 0xd0, 0x0, 0x0, 0xc, 0xee, 0xee, 0xfe,
    0xee, 0xe2,

    /* U+7B7E "签" */
    0x0, 0x0, 0x0, 0x0, 0x0, 0x0, 0x0, 0x67,
    0x0, 0x9, 0x40, 0x0, 0x0, 0xee, 0xdd, 0x4f,
    0xdd, 0xd7, 0x9, 0x94, 0xd0, 0x87, 0x4c, 0x0,
    0xb, 0x10, 0x98, 0x90, 0x7, 0x10, 0x0, 0x2,
    0xbc, 0xdb, 0x30, 0x0, 0x2, 0x9e, 0x60, 0x6,
    0xeb, 0x60, 0xb, 0x64, 0xee, 0xee, 0x55, 0xb4,
    0x0, 0x23, 0x9, 0x10, 0x66, 0x0, 0x0, 0x2d,
    0x8, 0x70, 0xd3, 0x0, 0x0, 0x8, 0x2, 0x26,
    0xb0, 0x0, 0x7, 0xee, 0xee, 0xef, 0xee, 0xd0,

    /* U+7C7B "类" */
    0x0, 0x76, 0x6, 0x80, 0x84, 0x0, 0x0, 0x1c,
    0x16, 0x83, 0xb0, 0x0, 0xa, 0xcc, 0xcd, 0xec,
    0xcc, 0xb0, 0x1, 0x14, 0xda, 0x85, 0x21, 0x10,
    0x2, 0x9d, 0x26, 0x86, 0xe7, 0x0, 0x9, 0x60,
    0x3, 0x40, 0x1b, 0x70, 0x0, 0x0, 0xc, 0x20,
    0x0, 0x0, 0x2e, 0xee, 0xef, 0xee, 0xee, 0xe2,
    0x0, 0x1, 0xb8, 0xc6, 0x0, 0x0, 0x2, 0x8e,
    0x80, 0x1a, 0xd7, 0x30, 0x3d, 0x92, 0x0, 0x0,
    0x29, 0xd2,

    /* U+7CBE "精" */
    0x0, 0x85, 0x2, 0x44, 0xe4, 0x41, 0xb, 0x85,
    0xc4, 0x88, 0xf8, 0x83, 0xb, 0x99, 0x90, 0xaa,
    0xfa, 0xa1, 0x3, 0x86, 0x20, 0x22, 0xe2, 0x20,
    0x1f, 0xff, 0xcd, 0xff, 0xff, 0xfb, 0x0, 0xd5,
    0x0, 0x22, 0x22, 0x20, 0x2, 0xfa, 0x3, 0xe9,
    0x99, 0xf0, 0xa, 0xdd, 0x83, 0xea, 0xaa, 0xf0,
    0x2c, 0x85, 0x43, 0xd4, 0x44, 0xe0, 0x2, 0x85,
    0x3, 0xe9, 0x99, 0xf0, 0x0, 0x85, 0x3, 0xc0,
    0xd, 0xc0,

    /* U+7D20 "素" */
    0x0, 0x0, 0x4, 0xa0, 0x0, 0x0, 0x4, 0xcc,
    0xcd, 0xec, 0xcc, 0xc0, 0x0, 0x88, 0x8a, 0xd8,
    0x88, 0x50, 0x0, 0x44, 0x48, 0xb4, 0x44, 0x30,
    0x2c, 0xcc, 0xcc, 0xcc, 0xcc, 0xc7, 0x0, 0x6,
    0xa0, 0x19, 0x40, 0x0, 0x0, 0x7b, 0xbf, 0xe6,
    0x45, 0x0, 0x0, 0x6b, 0xc7, 0x23, 0x6f, 0x60,
    0x3, 0xbb, 0xab, 0xe8, 0x96, 0xa0, 0x2, 0x7d,
    0x12, 0xd1, 0xcc, 0x40, 0xb, 0x61, 0x4e, 0xa0,
    0x3, 0xa0,

    /* U+7D22 "索" */
    0x0, 0x0, 0xb, 0x40, 0x0, 0x0, 0x8, 0xdd,
    0xdf, 0xed, 0xdd, 0x80, 0x0, 0x0, 0xb, 0x40,
    0x0, 0x0, 0xf, 0xdd, 0xdd, 0xdd, 0xdd, 0xf0,
    0xf, 0x6, 0x80, 0x5, 0x0, 0xf0, 0x2, 0xbd,
    0x9c, 0xe8, 0x50, 0x10, 0x0, 0x28, 0xc8, 0x10,
    0x8c, 0x10, 0x7, 0xfe, 0xbb, 0xbb, 0xaa, 0xb0,
    0x0, 0x14, 0x9, 0x64, 0x60, 0x10, 0x5, 0xd8,
    0x9, 0x61, 0x8d, 0x40, 0x2a, 0x30, 0x9e, 0x30,
    0x2, 0x90,

    /* U+7EBF "线" */
    0x0, 0x94, 0x0, 0x1d, 0x57, 0x0, 0x0, 0xe0,
    0x0, 0x1d, 0x9, 0x0, 0x7, 0x75, 0x91, 0x4e,
    0x9b, 0x80, 0x1f, 0x8d, 0x2b, 0xbf, 0x53, 0x0,
    0x7, 0xb9, 0x0, 0xe, 0x15, 0x81, 0x3, 0xd0,
    0x17, 0xaf, 0xd9, 0x60, 0x1e, 0xcd, 0x77, 0x4b,
    0x45, 0xa0, 0x17, 0x40, 0x0, 0x6, 0xbe, 0x20,
    0x3, 0x6b, 0x90, 0x7, 0xf5, 0x42, 0x3d, 0x94,
    0x6, 0xdc, 0xaa, 0xa4, 0x0, 0x0, 0x7, 0x40,
    0xa, 0xd0,

    /* U+7EC8 "终" */
    0x0, 0x83, 0x0, 0x3b, 0x0, 0x0, 0x0, 0xe0,
    0x0, 0xbe, 0xcc, 0x50, 0x7, 0x84, 0x97, 0xe1,
    0x1e, 0x30, 0x1f, 0x8d, 0x4d, 0xc7, 0x8a, 0x0,
    0x7, 0xb9, 0x0, 0xe, 0xf2, 0x0, 0x3, 0xd0,
    0x16, 0xdb, 0x7e, 0x92, 0x1e, 0xcd, 0x59, 0x55,
    0x1, 0x71, 0x6, 0x30, 0x0, 0x29, 0xe9, 0x0,
    0x4, 0x8c, 0x97, 0xa4, 0x15, 0x0, 0x2b, 0x73,
    0x0, 0x5b, 0xe8, 0x10, 0x0, 0x0, 0x0, 0x0,
    0x29, 0x40,

    /* U+7ED3 "结" */
    0x0, 0x93, 0x0, 0x4, 0xa0, 0x0, 0x0, 0xe0,
    0x0, 0x4, 0xa0, 0x0, 0x7, 0x92, 0x5d, 0xee,
    0xfe, 0xe5, 0x1e, 0x4b, 0x40, 0x4, 0xa0, 0x0,
    0x19, 0xca, 0x5, 0xab, 0xda, 0x90, 0x3, 0xd1,
    0x1, 0x22, 0x22, 0x20, 0x1e, 0xcc, 0x42, 0xcc,
    0xcc, 0x90, 0x16, 0x30, 0x3, 0xb1, 0x13, 0xc0,
    0x14, 0x8c, 0x83, 0xa0, 0x1, 0xc0, 0x3b, 0x73,
    0x3, 0xfd, 0xdd, 0xc0, 0x0, 0x0, 0x3, 0xb1,
    0x12, 0xc0,

    /* U+7EDC "络" */
    0x0, 0x56, 0x0, 0x2c, 0x0, 0x0, 0x0, 0xb3,
    0x0, 0x9f, 0xdd, 0xb0, 0x3, 0xc1, 0xc4, 0xf3,
    0x8, 0x90, 0xc, 0x8a, 0x79, 0x7d, 0x4e, 0x10,
    0x9, 0xbe, 0x0, 0xa, 0xf6, 0x0, 0x0, 0xc5,
    0x3, 0xad, 0x8e, 0xa3, 0x9, 0xc7, 0x78, 0x60,
    0x1, 0x85, 0xc, 0xa6, 0x12, 0xfc, 0xcc, 0xd0,
    0x2, 0x59, 0xb2, 0xb0, 0x1, 0xd0, 0xc, 0x95,
    0x12, 0xea, 0xaa, 0xd0, 0x0, 0x0, 0x2, 0xc3,
    0x34, 0xd0,

    /* U+7F51 "网" */
    0xde, 0xee, 0xee, 0xee, 0xed, 0xd1, 0x3, 0x40,
    0x6, 0x2d, 0xd4, 0x77, 0x8a, 0xe, 0x2d, 0xd1,
    0xcd, 0x4a, 0x9d, 0x1d, 0xd1, 0x2f, 0x11, 0xe9,
    0x1d, 0xd1, 0x5f, 0x80, 0xdb, 0x1d, 0xd1, 0xd4,
    0xb8, 0xac, 0x5d, 0xd9, 0x90, 0x4d, 0x14, 0x6d,
    0xd3, 0x0, 0x1, 0x0, 0x1d, 0xd1, 0x0, 0x0,
    0xa, 0xf9, 0x0, 0x0, 0x0, 0x0, 0x0,

    /* U+7F8E "美" */
    0x0, 0x3, 0x10, 0x0, 0x51, 0x0, 0x0, 0x5,
    0xc0, 0x5, 0xc0, 0x0, 0x8, 0xee, 0xee, 0xfe,
    0xee, 0xc0, 0x0, 0x11, 0x15, 0xb1, 0x11, 0x0,
    0x1, 0xcc, 0xcd, 0xec, 0xcc, 0x60, 0x4, 0x66,
    0x68, 0xc6, 0x66, 0x61, 0x4, 0x55, 0x57, 0xa5,
    0x55, 0x51, 0x1c, 0xcc, 0xcd, 0xec, 0xcc, 0xc6,
    0x1, 0x11, 0x7e, 0x7c, 0x31, 0x10, 0x4, 0x7c,
    0xc2, 0x4, 0xd9, 0x41, 0xa, 0x73, 0x0, 0x0,
    0x5, 0xb4,

    /* U+7FA4 "群" */
    0x0, 0x0, 0x0, 0x2, 0x3, 0x20, 0xc, 0xfe,
    0xe7, 0x2c, 0xd, 0x30, 0x0, 0xa3, 0x87, 0x49,
    0x7e, 0x60, 0x5d, 0xfd, 0xee, 0x68, 0xe8, 0x81,
    0x0, 0xe0, 0x87, 0x0, 0xd1, 0x0, 0x1e, 0xfd,
    0xd5, 0x7e, 0xfe, 0xc0, 0x9, 0x81, 0x10, 0x0,
    0xd1, 0x0, 0x4f, 0xec, 0xd7, 0x45, 0xe5, 0x51,
    0x17, 0x90, 0x67, 0x56, 0xe7, 0x61, 0x5, 0xeb,
    0xd7, 0x0, 0xd1, 0x0, 0x5, 0x91, 0x77, 0x0,
    0xd1, 0x0, 0x0, 0x0, 0x0, 0x0, 0x10, 0x0,

    /* U+8046 "聆" */
    0x0, 0x0, 0x0, 0x3, 0x0, 0x0, 0x8f, 0xef,
    0xe1, 0x1f, 0x60, 0x0, 0xf, 0x8, 0x60, 0x99,
    0xd3, 0x0, 0xf, 0xde, 0x66, 0xd2, 0x3e, 0x50,
    0xf, 0x8, 0x9d, 0x1c, 0x53, 0xe1, 0xf, 0x9c,
    0x61, 0x2, 0x20, 0x0, 0xf, 0x4a, 0x7a, 0xdd,
    0xde, 0x30, 0xf, 0x4c, 0xc0, 0x0, 0x4d, 0x0,
    0x7f, 0xab, 0x61, 0x82, 0xd3, 0x0, 0x20, 0x8,
    0x61, 0x8f, 0xb0, 0x0, 0x0, 0x8, 0x60, 0x2,
    0xc5, 0x0, 0x0, 0x0, 0x0, 0x0, 0x0, 0x0,

    /* U+8089 "肉" */
    0x0, 0x0, 0x14, 0x0, 0x0, 0x0, 0x0, 0x5,
    0x90, 0x0, 0x0, 0xde, 0xee, 0xfe, 0xee, 0xef,
    0x5d, 0x10, 0xe, 0xc3, 0x0, 0x95, 0xd1, 0xa,
    0xa6, 0xe9, 0x9, 0x5d, 0x4d, 0xa2, 0x91, 0xbc,
    0x95, 0xd1, 0x30, 0x8d, 0x0, 0x29, 0x5d, 0x10,
    0x6e, 0x8e, 0x50, 0x95, 0xd3, 0xcc, 0x20, 0x2d,
    0x89, 0x5d, 0x14, 0x0, 0x0, 0x2, 0xa5, 0xd1,
    0x0, 0x0, 0x6, 0xee, 0x21, 0x0, 0x0, 0x0,
    0x0, 0x0,

    /* U+8150 "腐" */
    0x0, 0x0, 0x5, 0x30, 0x0, 0x0, 0xc, 0xdd,
    0xdd, 0xdd, 0xdd, 0xd3, 0xc, 0x21, 0xd3, 0x11,
    0x2a, 0x10, 0xc, 0x5e, 0xb8, 0xba, 0xbe, 0xa2,
    0xc, 0x26, 0xb0, 0xb2, 0x1b, 0x0, 0xc, 0x12,
    0x90, 0x53, 0xc7, 0x0, 0xe, 0x3c, 0xcc, 0xec,
    0xcc, 0x80, 0xf, 0x2c, 0x19, 0xbb, 0x52, 0xb0,
    0x2d, 0x2c, 0x75, 0xa2, 0x97, 0xb0, 0x79, 0x2c,
    0x5b, 0x9c, 0x62, 0xb0, 0x74, 0x2c, 0x31, 0x0,
    0x4d, 0x80,

    /* U+81EA "自" */
    0x0, 0x0, 0x52, 0x0, 0x0, 0x2, 0x22, 0xf3,
    0x22, 0x21, 0x1f, 0xcc, 0xcc, 0xcc, 0xdb, 0x1d,
    0x0, 0x0, 0x0, 0x3b, 0x1f, 0xee, 0xee, 0xee,
    0xeb, 0x1d, 0x0, 0x0, 0x0, 0x3b, 0x1d, 0x11,
    0x11, 0x11, 0x4b, 0x1f, 0xdd, 0xdd, 0xdd, 0xdb,
    0x1d, 0x0, 0x0, 0x0, 0x3b, 0x1f, 0xee, 0xee,
    0xee, 0xeb, 0x1d, 0x0, 0x0, 0x0, 0x3b,

    /* U+81F4 "致" */
    0x0, 0x0, 0x0, 0x4, 0x10, 0x0, 0x2e, 0xff,
    0xee, 0xc, 0x30, 0x0, 0x0, 0xc5, 0xa0, 0xf,
    0xee, 0xe2, 0x4, 0xc0, 0xc5, 0x4a, 0x5, 0x90,
    0xe, 0xde, 0xdb, 0xb9, 0x8, 0x70, 0x4, 0x45,
    0x6, 0xee, 0xb, 0x40, 0x0, 0x3c, 0x0, 0x19,
    0x8f, 0x0, 0xd, 0xdf, 0xd9, 0x2, 0xf9, 0x0,
    0x0, 0x3c, 0x0, 0x4, 0xfa, 0x0, 0x14, 0x8e,
    0xcc, 0x4e, 0x4b, 0xa0, 0x2b, 0x86, 0x20, 0xd4,
    0x0, 0xb3, 0x0, 0x0, 0x0, 0x0, 0x0, 0x0,

    /* U+822A "航" */
    0x0, 0x48, 0x0, 0x8, 0x20, 0x0, 0x5, 0xba,
    0x60, 0x8, 0x80, 0x0, 0xd, 0x77, 0xf7, 0xee,
    0xfe, 0xe2, 0xd, 0x75, 0xe0, 0x0, 0x0, 0x0,
    0xd, 0x6, 0xe0, 0x9c, 0xcc, 0x0, 0x7f, 0xee,
    0xf0, 0xc2, 0x1e, 0x0, 0xd, 0x31, 0xe0, 0xc1,
    0xe, 0x0, 0xd, 0x75, 0xe0, 0xc0, 0xe, 0x0,
    0xe, 0x66, 0xe0, 0xe0, 0xe, 0x0, 0x1c, 0x0,
    0xe4, 0xb0, 0xe, 0x66, 0x69, 0x1d, 0xda, 0x40,
    0xc, 0xd3, 0x0, 0x0, 0x0, 0x0, 0x0, 0x0,

    /* U+82B1 "花" */
    0x0, 0x5, 0xa0, 0x4, 0xa0, 0x0, 0x1e, 0xee,
    0xfe, 0xee, 0xfe, 0xe6, 0x0, 0x4, 0x90, 0x3,
    0x80, 0x0, 0x0, 0x1, 0x70, 0x62, 0x0, 0x0,
    0x0, 0xa, 0x70, 0xb4, 0x4, 0xa0, 0x0, 0x7d,
    0x0, 0xb5, 0x9d, 0x20, 0x7, 0xfb, 0x0, 0xcf,
    0x91, 0x0, 0xa, 0x4b, 0xe, 0xf5, 0x0, 0x0,
    0x0, 0x3b, 0x1, 0xb4, 0x0, 0x10, 0x0, 0x3b,
    0x0, 0xb5, 0x0, 0x87, 0x0, 0x3b, 0x0, 0x7e,
    0xee, 0xd2,

    /* U+8427 "萧" */
    0x0, 0x7, 0x80, 0x5, 0x90, 0x0, 0x1d, 0xde,
    0xed, 0xde, 0xfd, 0xd6, 0x0, 0x3, 0x48, 0x32,
    0x40, 0x0, 0x5, 0xcc, 0xce, 0xdc, 0xcd, 0x40,
    0x7, 0x77, 0x7c, 0x97, 0x7c, 0x93, 0x5, 0x55,
    0x5c, 0x85, 0x5b, 0x92, 0x5, 0xcc, 0xce, 0xdc,
    0xcd, 0x40, 0x3, 0xa1, 0x4a, 0x46, 0x8, 0x40,
    0x4, 0x97, 0x8a, 0x4b, 0x49, 0x50, 0x9, 0x7e,
    0x2a, 0x45, 0x99, 0x50, 0xb, 0x1, 0xa, 0x40,
    0x9, 0x50,

    /* U+8681 "蚁" */
    0x0, 0x66, 0x0, 0xa, 0x30, 0x0, 0x0, 0x66,
    0x0, 0x16, 0x90, 0x40, 0xd, 0xee, 0xc1, 0xd2,
    0x93, 0xa0, 0xe, 0x66, 0xe0, 0xd1, 0x6, 0x80,
    0xe, 0x66, 0xe0, 0x95, 0x9, 0x50, 0xe, 0x66,
    0xe0, 0x3b, 0xe, 0x10, 0xe, 0xee, 0xd0, 0xd,
    0x7b, 0x0, 0x0, 0x67, 0x20, 0x5, 0xf4, 0x0,
    0x0, 0x68, 0xb0, 0x9, 0xf6, 0x0, 0x6, 0xcd,
    0xe0, 0x8d, 0x2d, 0x60, 0x7, 0x30, 0x14, 0xc1,
    0x1, 0xc2, 0x0, 0x0, 0x0, 0x0, 0x0, 0x0,

    /* U+8682 "蚂" */
    0x0, 0x86, 0x0, 0x0, 0x0, 0x0, 0x0, 0x86,
    0x5, 0xee, 0xef, 0x70, 0xd, 0xee, 0xc0, 0x92,
    0x8, 0x40, 0xe, 0x86, 0xe0, 0xe1, 0xb, 0x20,
    0xe, 0x86, 0xe0, 0xe0, 0xe, 0x0, 0xe, 0x86,
    0xe2, 0xd6, 0x6e, 0x61, 0xe, 0xee, 0xd2, 0x88,
    0x88, 0xd4, 0x0, 0x86, 0x0, 0x0, 0x0, 0xb3,
    0x0, 0x87, 0xb9, 0xee, 0xe8, 0xd1, 0x6, 0xcd,
    0xe1, 0x0, 0x0, 0xe0, 0x6, 0x30, 0x10, 0x0,
    0xee, 0x70,

    /* U+8840 "血" */
    0x0, 0x0, 0x6, 0x20, 0x0, 0x0, 0x0, 0x0,
    0xd, 0x10, 0x0, 0x0, 0x2, 0xee, 0xef, 0xee,
    0xee, 0x70, 0x2, 0xc0, 0x86, 0xe, 0x6, 0x80,
    0x2, 0xc0, 0x86, 0xe, 0x6, 0x80, 0x2, 0xc0,
    0x86, 0xe, 0x6, 0x80, 0x2, 0xc0, 0x86, 0xe,
    0x6, 0x80, 0x2, 0xc0, 0x86, 0xe, 0x6, 0x80,
    0x2, 0xc0, 0x86, 0xe, 0x6, 0x80, 0x5, 0xd3,
    0x98, 0x3e, 0x38, 0xa2, 0x2a, 0xaa, 0xaa, 0xaa,
    0xaa, 0xa7,

    /* U+884C "行" */
    0x0, 0x16, 0x0, 0x0, 0x0, 0x0, 0x0, 0xb6,
    0x8, 0xee, 0xee, 0xe0, 0xb, 0x90, 0x0, 0x0,
    0x0, 0x0, 0x16, 0xc, 0x20, 0x0, 0x0, 0x0,
    0x0, 0x8a, 0x1e, 0xee, 0xef, 0xe7, 0x8, 0xf0,
    0x0, 0x0, 0x3c, 0x0, 0x3b, 0xe0, 0x0, 0x0,
    0x3c, 0x0, 0x0, 0xe0, 0x0, 0x0, 0x3c, 0x0,
    0x0, 0xe0, 0x0, 0x0, 0x3c, 0x0, 0x0, 0xe0,
    0x0, 0x1, 0x3c, 0x0, 0x0, 0xe0, 0x0, 0xd,
    0xe8, 0x0,

    /* U+8868 "表" */
    0x0, 0x0, 0x4, 0xb0, 0x0, 0x0, 0xa, 0xff,
    0xff, 0xff, 0xff, 0xf2, 0x0, 0x0, 0x4, 0xb0,
    0x0, 0x0, 0x4, 0xee, 0xee, 0xfe, 0xee, 0xa0,
    0x0, 0x0, 0x4, 0xb0, 0x0, 0x0, 0x1e, 0xee,
    0xff, 0xfe, 0xee, 0xe8, 0x0, 0x4, 0xd2, 0x77,
    0x2, 0x90, 0x2, 0x9f, 0x70, 0x1d, 0xad, 0x50,
    0x1e, 0x79, 0x70, 0x4, 0xf2, 0x0, 0x0, 0x8,
    0x75, 0x90, 0x5e, 0x71, 0x0, 0x7, 0xea, 0x50,
    0x2, 0x98, 0x0, 0x0, 0x0, 0x0, 0x0, 0x0,

    /* U+88AB "被" */
    0x2, 0x80, 0x0, 0xd, 0x10, 0x0, 0xd, 0x10,
    0x0, 0xd1, 0x0, 0x3d, 0xdf, 0x4e, 0xef, 0xee,
    0xb0, 0x1, 0xd0, 0xe0, 0xd1, 0x88, 0x0, 0xb5,
    0x3e, 0xd, 0x14, 0x10, 0xaf, 0xa8, 0xed, 0xdd,
    0xf4, 0x89, 0xed, 0x3e, 0x50, 0xe, 0x10, 0xe,
    0x22, 0xe8, 0x77, 0x90, 0x0, 0xe0, 0x5a, 0xd,
    0xe1, 0x0, 0xe, 0xb, 0x68, 0xdd, 0x91, 0x0,
    0xe1, 0xa5, 0x90, 0x8, 0xa0,

    /* U+89C6 "视" */
    0x0, 0x40, 0x0, 0x0, 0x0, 0x0, 0x1, 0xd4,
    0x19, 0xed, 0xdf, 0x30, 0x1d, 0xdd, 0xc9, 0x41,
    0xb, 0x30, 0x0, 0x7, 0x79, 0x4a, 0x3b, 0x30,
    0x0, 0x1d, 0x9, 0x4b, 0x3b, 0x30, 0x0, 0xce,
    0x39, 0x4c, 0x2b, 0x30, 0xb, 0xe9, 0x99, 0x4e,
    0x2b, 0x30, 0x2a, 0x86, 0x6, 0x6f, 0xa8, 0x20,
    0x0, 0x76, 0x0, 0xbc, 0xa0, 0x0, 0x0, 0x76,
    0x1a, 0xb4, 0xa0, 0x85, 0x0, 0x76, 0xc8, 0x2,
    0xec, 0xd1, 0x0, 0x0, 0x0, 0x0, 0x0, 0x0,

    /* U+89C9 "觉" */
    0x0, 0x62, 0xa, 0x20, 0x67, 0x0, 0x0, 0x49,
    0x5, 0x52, 0xd2, 0x0, 0xd, 0xdd, 0xdd, 0xde,
    0xed, 0xd0, 0xe, 0x0, 0x0, 0x0, 0x0, 0xe0,
    0x5, 0x3d, 0xdd, 0xdd, 0xd0, 0x60, 0x0, 0x49,
    0x0, 0x0, 0xe0, 0x0, 0x0, 0x49, 0xb, 0x30,
    0xe0, 0x0, 0x0, 0x49, 0x1e, 0x10, 0xe0, 0x0,
    0x0, 0x13, 0xa7, 0xe0, 0x50, 0x20, 0x0, 0x2a,
    0xb0, 0xe0, 0x0, 0xc3, 0x2d, 0xd6, 0x0, 0xae,
    0xee, 0xb0, 0x1, 0x0, 0x0, 0x0, 0x0, 0x0,

    /* U+89E6 "触" */
    0x0, 0xb2, 0x0, 0x0, 0xe0, 0x0, 0x5, 0xfd,
    0xd3, 0x0, 0xe0, 0x0, 0x2e, 0x23, 0xd0, 0x48,
    0xf8, 0x60, 0x6f, 0xdf, 0xed, 0x87, 0xe5, 0xd0,
    0xd, 0x1d, 0xe, 0x82, 0xe0, 0xd0, 0xd, 0xdf,
    0xce, 0x82, 0xe0, 0xd0, 0xd, 0x1d, 0xe, 0x8a,
    0xf9, 0xd0, 0xd, 0xdf, 0xde, 0x13, 0xe3, 0x30,
    0xe, 0xd, 0xe, 0x0, 0xe6, 0x80, 0x1e, 0xa,
    0xe, 0x13, 0xe9, 0xc0, 0x39, 0x5, 0xea, 0x89,
    0x63, 0xb0, 0x0, 0x0, 0x0, 0x0, 0x0, 0x0,

    /* U+8BA1 "计" */
    0x4, 0x80, 0x0, 0xf, 0x0, 0x0, 0x1, 0xe3,
    0x0, 0xf, 0x0, 0x0, 0x0, 0x52, 0x0, 0xf,
    0x0, 0x0, 0x13, 0x30, 0x0, 0xf, 0x0, 0x0,
    0x5a, 0xf4, 0xee, 0xef, 0xee, 0xe3, 0x0, 0xe0,
    0x0, 0xf, 0x0, 0x0, 0x0, 0xe0, 0x0, 0xf,
    0x0, 0x0, 0x0, 0xe0, 0x0, 0xf, 0x0, 0x0,
    0x0, 0xe6, 0x50, 0xf, 0x0, 0x0, 0x0, 0xdb,
    0x0, 0xf, 0x0, 0x0, 0x0, 0x10, 0x0, 0xf,
    0x0, 0x0,

    /* U+8BA4 "认" */
    0x4, 0x80, 0x0, 0xe, 0x0, 0x0, 0x1, 0xe2,
    0x0, 0xf, 0x0, 0x0, 0x0, 0x63, 0x0, 0xf,
    0x0, 0x0, 0x0, 0x0, 0x0, 0xf, 0x0, 0x0,
    0x7d, 0xf0, 0x0, 0x2f, 0x0, 0x0, 0x0, 0xe0,
    0x0, 0x4f, 0x30, 0x0, 0x0, 0xe0, 0x0, 0x7e,
    0x80, 0x0, 0x0, 0xe0, 0x0, 0xc6, 0xd0, 0x0,
    0x0, 0xe3, 0x34, 0xe0, 0x87, 0x0, 0x0, 0xed,
    0x4e, 0x40, 0xd, 0x40, 0x0, 0x63, 0xd6, 0x0,
    0x3, 0xe1, 0x0, 0x0, 0x20, 0x0, 0x0, 0x10,

    /* U+8BAF "讯" */
    0x0, 0x20, 0x0, 0x0, 0x0, 0x0, 0x3, 0xd0,
    0xdf, 0xee, 0xeb, 0x0, 0x0, 0x93, 0xb, 0x30,
    0x3b, 0x0, 0x1, 0x0, 0xb, 0x30, 0x3b, 0x0,
    0x4b, 0xd0, 0xb, 0x30, 0x3b, 0x0, 0x0, 0xd2,
    0xef, 0xee, 0x7c, 0x0, 0x0, 0xd0, 0xb, 0x30,
    0x1d, 0x0, 0x0, 0xd0, 0xb, 0x30, 0xe, 0x0,
    0x0, 0xd7, 0x1b, 0x30, 0xe, 0x15, 0x0, 0xfa,
    0xb, 0x30, 0xc, 0x89, 0x0, 0x20, 0xa, 0x30,
    0x6, 0xe3,

    /* U+8BBE "设" */
    0x0, 0x20, 0x0, 0x0, 0x0, 0x0, 0x4, 0xd0,
    0x3, 0xfe, 0xea, 0x0, 0x0, 0x84, 0x5, 0x90,
    0x4a, 0x0, 0x13, 0x30, 0xa, 0x60, 0x4b, 0x0,
    0x48, 0xf0, 0x49, 0x0, 0x19, 0xa2, 0x0, 0xe0,
    0x1d, 0xdd, 0xdd, 0x40, 0x0, 0xe0, 0x4, 0xb0,
    0x1e, 0x10, 0x0, 0xe0, 0x0, 0xc5, 0xb6, 0x0,
    0x0, 0xe8, 0x50, 0x4f, 0xc0, 0x0, 0x0, 0xda,
    0x49, 0xe8, 0xcc, 0x50, 0x0, 0x10, 0x98, 0x10,
    0x6, 0xa0,

    /* U+8BBF "访" */
    0x4, 0x80, 0x0, 0x9, 0x30, 0x0, 0x0, 0xe3,
    0x0, 0x7, 0x90, 0x0, 0x0, 0x42, 0x1e, 0xee,
    0xfe, 0xe2, 0x24, 0x40, 0x0, 0xc2, 0x0, 0x0,
    0x6c, 0xf0, 0x0, 0xd2, 0x0, 0x0, 0x0, 0xe0,
    0x0, 0xed, 0xdd, 0xc0, 0x0, 0xe0, 0x0, 0xf0,
    0x5, 0xb0, 0x0, 0xe0, 0x4, 0xc0, 0x5, 0xb0,
    0x0, 0xe5, 0x4b, 0x60, 0x7, 0xa0, 0x0, 0xec,
    0x9d, 0x0, 0xa, 0x80, 0x0, 0x23, 0xc1, 0x8,
    0xfd, 0x20, 0x0, 0x0, 0x0, 0x0, 0x0, 0x0,

    /* U+8BC6 "识" */
    0x2, 0x40, 0x0, 0x0, 0x0, 0x0, 0x2, 0xe1,
    0xd, 0xdd, 0xde, 0xb0, 0x0, 0x73, 0xd, 0x10,
    0x3, 0xb0, 0x0, 0x0, 0xd, 0x10, 0x3, 0xb0,
    0x7d, 0xf0, 0xd, 0x10, 0x3, 0xb0, 0x0, 0xe0,
    0xd, 0x10, 0x4, 0xb0, 0x0, 0xe0, 0xa, 0xcc,
    0xcc, 0x90, 0x0, 0xe0, 0x0, 0x30, 0x12, 0x0,
    0x0, 0xe3, 0x23, 0xe0, 0x3e, 0x10, 0x0, 0xed,
    0x2d, 0x40, 0x7, 0xb0, 0x0, 0x62, 0xa8, 0x0,
    0x0, 0xd3, 0x0, 0x0, 0x10, 0x0, 0x0, 0x10,

    /* U+8BCD "词" */
    0x0, 0x20, 0x0, 0x0, 0x0, 0x0, 0x4e, 0x0,
    0xce, 0xee, 0xed, 0x0, 0x84, 0x0, 0x0, 0x1,
    0xd0, 0x11, 0x1, 0xdd, 0xdd, 0x1d, 0x6b, 0xf0,
    0x0, 0x0, 0x1, 0xd0, 0xe, 0x0, 0xcd, 0xea,
    0x1d, 0x0, 0xe0, 0xc, 0x13, 0xa1, 0xd0, 0xe,
    0x0, 0xc2, 0x4a, 0x1d, 0x0, 0xe3, 0x3c, 0xdd,
    0x81, 0xd0, 0xd, 0xc1, 0x30, 0x0, 0x1d, 0x0,
    0x20, 0x0, 0x0, 0x6f, 0x90,

    /* U+8BDD "话" */
    0x1, 0x20, 0x0, 0x0, 0x15, 0x20, 0x4, 0xd0,
    0x38, 0xbd, 0xd9, 0x30, 0x0, 0x94, 0x26, 0x3d,
    0x20, 0x0, 0x0, 0x0, 0x1, 0x1d, 0x21, 0x10,
    0x7d, 0xf0, 0xad, 0xdf, 0xdd, 0xd1, 0x0, 0xe0,
    0x0, 0xd, 0x20, 0x0, 0x0, 0xe0, 0x2e, 0xef,
    0xee, 0x60, 0x0, 0xe0, 0x2c, 0x0, 0x7, 0x70,
    0x0, 0xe9, 0x5c, 0x0, 0x7, 0x70, 0x0, 0xd9,
    0x2e, 0xbb, 0xbd, 0x70, 0x0, 0x10, 0x2d, 0x33,
    0x39, 0x70,

    /* U+8BED "语" */
    0x1, 0x20, 0x0, 0x0, 0x0, 0x0, 0x4, 0xd0,
    0x9d, 0xee, 0xdd, 0xb0, 0x0, 0x94, 0x0, 0xa4,
    0x0, 0x0, 0x0, 0x0, 0x4d, 0xfd, 0xde, 0x0,
    0x7d, 0xf0, 0x2, 0xc0, 0xf, 0x0, 0x0, 0xe0,
    0x7a, 0xd8, 0x8f, 0x80, 0x0, 0xe0, 0x33, 0x33,
    0x33, 0x30, 0x0, 0xe0, 0x3f, 0xdd, 0xde, 0x80,
    0x0, 0xe5, 0x6b, 0x0, 0x6, 0x80, 0x0, 0xec,
    0x4c, 0x22, 0x27, 0x80, 0x0, 0x61, 0x3e, 0xbb,
    0xbc, 0x80,

    /* U+8C23 "谣" */
    0x2, 0x40, 0x1, 0x13, 0x58, 0x60, 0x2, 0xd0,
    0x7c, 0xca, 0x86, 0x50, 0x0, 0x71, 0x53, 0x1b,
    0x4, 0xb0, 0x1, 0x0, 0x39, 0xb, 0xd, 0x30,
    0x4d, 0xd0, 0xc, 0x22, 0x23, 0x10, 0x0, 0xd0,
    0x7c, 0xae, 0xba, 0x90, 0x0, 0xd0, 0x82, 0x1c,
    0x31, 0x10, 0x0, 0xd0, 0xbc, 0xbf, 0xcb, 0xc2,
    0x0, 0xd8, 0x86, 0xc, 0x11, 0xd0, 0x0, 0xf7,
    0x89, 0x5d, 0x65, 0xd0, 0x0, 0x20, 0x48, 0x88,
    0x88, 0xd0,

    /* U+8C61 "象" */
    0x0, 0x7, 0x60, 0x0, 0x0, 0x0, 0x0, 0x5e,
    0xcc, 0xcf, 0x50, 0x0, 0x9, 0xf8, 0x77, 0xbe,
    0x77, 0x50, 0x6, 0xe4, 0x49, 0xb4, 0x46, 0xc0,
    0x1, 0xfc, 0xcf, 0xdc, 0xcd, 0xc0, 0x0, 0x4a,
    0xcd, 0x50, 0x4, 0x20, 0xb, 0xa5, 0x6c, 0xd4,
    0xbc, 0x30, 0x4, 0x9d, 0x73, 0xfa, 0xd4, 0x0,
    0x6, 0x43, 0xac, 0xd3, 0x4d, 0x10, 0x8, 0xdb,
    0x50, 0xd2, 0x7, 0xd3, 0x5, 0x10, 0xae, 0xa0,
    0x0, 0x45,

    /* U+8D44 "资" */
    0x2, 0x0, 0x6, 0x20, 0x0, 0x0, 0x8, 0xe3,
    0x1f, 0xed, 0xdd, 0xb0, 0x0, 0x41, 0xd6, 0xf,
    0x8, 0x80, 0x0, 0x1, 0x30, 0x7e, 0xa4, 0x0,
    0x5, 0xbb, 0x3a, 0xc1, 0x7d, 0x61, 0x4d, 0x71,
    0xa7, 0x11, 0x13, 0x91, 0x0, 0xdb, 0xbb, 0xbb,
    0xbd, 0x0, 0x0, 0xd1, 0x6, 0x60, 0x1d, 0x0,
    0x0, 0xd1, 0xd, 0x30, 0x1d, 0x0, 0x0, 0x72,
    0xb9, 0x39, 0x46, 0x0, 0x8, 0xce, 0x60, 0x5,
    0xae, 0x90, 0x4, 0x30, 0x0, 0x0, 0x1, 0x30,

    /* U+8F66 "车" */
    0x0, 0x0, 0x6, 0x0, 0x0, 0x0, 0x0, 0x11,
    0x5c, 0x11, 0x11, 0x10, 0x8, 0xdd, 0xfd, 0xdd,
    0xdd, 0xd1, 0x0, 0x7, 0xa0, 0xb0, 0x0, 0x0,
    0x0, 0x4c, 0x10, 0xe1, 0x0, 0x0, 0x0, 0xee,
    0xdd, 0xfd, 0xdd, 0x70, 0x0, 0x0, 0x0, 0xe1,
    0x0, 0x0, 0x0, 0x0, 0x0, 0xe1, 0x0, 0x0,
    0x2d, 0xdd, 0xdd, 0xfd, 0xdd, 0xd9, 0x0, 0x0,
    0x0, 0xe1, 0x0, 0x0, 0x0, 0x0, 0x0, 0xe1,
    0x0, 0x0,

    /* U+8F7B "轻" */
    0x0, 0x31, 0x0, 0x0, 0x0, 0x0, 0x0, 0xc2,
    0x2, 0xaa, 0xaa, 0x60, 0x5e, 0xfe, 0xd0, 0x33,
    0x3c, 0x50, 0x7, 0x82, 0x0, 0x0, 0x8a, 0x0,
    0xd, 0x2c, 0x0, 0x5c, 0xac, 0x60, 0x4e, 0xcf,
    0xb6, 0xa2, 0x0, 0x85, 0x0, 0xc, 0x0, 0xaa,
    0xaa, 0x90, 0x2, 0x5e, 0xb0, 0x34, 0xe3, 0x30,
    0x4e, 0xce, 0x30, 0x1, 0xd0, 0x0, 0x0, 0xc,
    0x0, 0x1, 0xd0, 0x0, 0x0, 0xc, 0xb, 0xdd,
    0xfd, 0xd4,

    /* U+8F91 "辑" */
    0x0, 0x21, 0x0, 0x0, 0x0, 0x0, 0x0, 0xb3,
    0x5, 0xec, 0xce, 0x30, 0x5d, 0xfd, 0xb5, 0x92,
    0x2b, 0x30, 0x7, 0x82, 0x4, 0xbb, 0xbb, 0x30,
    0xd, 0x2c, 0x2c, 0xda, 0xae, 0xa0, 0x4f, 0xcf,
    0xc5, 0xb6, 0x6d, 0x10, 0x0, 0xc, 0x5, 0xa5,
    0x5d, 0x10, 0x2, 0x5e, 0xb5, 0xec, 0xcf, 0x10,
    0x4c, 0xad, 0x25, 0x70, 0x1c, 0x61, 0x0, 0xc,
    0x3e, 0xed, 0xbe, 0x81, 0x0, 0xc, 0x0, 0x0,
    0xc, 0x10,

    /* U+8F93 "输" */
    0x0, 0x90, 0x0, 0x8, 0x10, 0x0, 0x14, 0xd3,
    0x0, 0x9b, 0xc1, 0x0, 0x5d, 0xdb, 0x19, 0xa0,
    0x4d, 0x60, 0xb, 0x50, 0xc9, 0xdd, 0xdb, 0xb4,
    0x2d, 0xa3, 0x37, 0x75, 0x1, 0x50, 0x7d, 0xeb,
    0x6b, 0x6c, 0x85, 0xb0, 0x2, 0xb5, 0x5d, 0xbc,
    0x85, 0xb0, 0x2, 0xba, 0x59, 0x2c, 0x85, 0xb0,
    0x7e, 0xe7, 0x5e, 0xcc, 0x85, 0xb0, 0x0, 0xa3,
    0x58, 0xb, 0x23, 0xb0, 0x0, 0xa3, 0x58, 0xb8,
    0x5e, 0x80, 0x0, 0x0, 0x0, 0x0, 0x0, 0x0,

    /* U+8FB9 "边" */
    0x7, 0x0, 0x0, 0xb3, 0x0, 0x0, 0x9, 0xb0,
    0x0, 0xc2, 0x0, 0x0, 0x0, 0x44, 0xdd, 0xfd,
    0xdd, 0x30, 0x0, 0x0, 0x11, 0xf1, 0x1c, 0x30,
    0x4c, 0xb0, 0x2, 0xd0, 0xc, 0x30, 0x2, 0xf0,
    0x7, 0x90, 0xc, 0x30, 0x0, 0xf0, 0xd, 0x40,
    0xd, 0x20, 0x0, 0xf0, 0x8b, 0x0, 0xe, 0x0,
    0x0, 0xf3, 0xd1, 0x9, 0xdb, 0x0, 0x8, 0xfa,
    0x41, 0x1, 0x20, 0x0, 0x3c, 0x16, 0xce, 0xff,
    0xff, 0xf1, 0x0, 0x0, 0x0, 0x0, 0x0, 0x0,

    /* U+8FC5 "迅" */
    0x0, 0x0, 0x0, 0x0, 0x0, 0x0, 0xd, 0x30,
    0xde, 0xfe, 0xee, 0x0, 0x2, 0xa0, 0x2, 0xc0,
    0xe, 0x0, 0x0, 0x0, 0x2, 0xc0, 0xe, 0x0,
    0x4c, 0xb3, 0xee, 0xfe, 0xae, 0x0, 0x2, 0xf0,
    0x2, 0xc0, 0xe, 0x0, 0x0, 0xf0, 0x2, 0xc0,
    0xe, 0x37, 0x0, 0xf0, 0x2, 0xc0, 0xd, 0x78,
    0x0, 0xf0, 0x2, 0xc0, 0x6, 0xf3, 0x8, 0xeb,
    0x42, 0x20, 0x0, 0x10, 0x3c, 0x15, 0xce, 0xff,
    0xff, 0xf4, 0x0, 0x0, 0x0, 0x0, 0x0, 0x0,

    /* U+8FD8 "还" */
    0x0, 0x0, 0x0, 0x0, 0x0, 0x0, 0xd, 0x50,
    0xde, 0xef, 0xee, 0xe0, 0x1, 0x90, 0x0, 0x2e,
    0x0, 0x0, 0x0, 0x0, 0x0, 0xcc, 0x11, 0x0,
    0x4c, 0xb0, 0xa, 0x9c, 0x5d, 0x10, 0x2, 0xf0,
    0xb9, 0x2c, 0x7, 0xc0, 0x0, 0xf2, 0x90, 0x2c,
    0x0, 0x80, 0x0, 0xf0, 0x0, 0x2c, 0x0, 0x0,
    0x0, 0xf0, 0x0, 0x2c, 0x0, 0x0, 0x6, 0xf8,
    0x31, 0x13, 0x0, 0x0, 0x3d, 0x16, 0xce, 0xff,
    0xff, 0xf3, 0x0, 0x0, 0x0, 0x0, 0x0, 0x0,

    /* U+8FDB "进" */
    0x7, 0x0, 0x5, 0x90, 0xb3, 0x0, 0xa, 0xb0,
    0x5, 0x90, 0xb3, 0x0, 0x0, 0x50, 0xde, 0xfe,
    0xfe, 0xe1, 0x0, 0x0, 0x5, 0x90, 0xb3, 0x0,
    0x3a, 0x90, 0x5, 0x90, 0xb3, 0x0, 0x14, 0xf4,
    0xee, 0xfe, 0xfe, 0xe3, 0x0, 0xf0, 0x9, 0x60,
    0xb3, 0x0, 0x0, 0xf0, 0x2e, 0x10, 0xb3, 0x0,
    0x0, 0xf1, 0xd7, 0x0, 0xa3, 0x0, 0xb, 0xdd,
    0x72, 0x10, 0x0, 0x0, 0x3c, 0x5, 0xce, 0xff,
    0xff, 0xf3, 0x0, 0x0, 0x0, 0x0, 0x0, 0x0,

    /* U+8FDC "远" */
    0x0, 0x0, 0x0, 0x0, 0x0, 0x0, 0xd, 0x40,
    0x9e, 0xee, 0xee, 0x20, 0x2, 0x90, 0x0, 0x0,
    0x0, 0x0, 0x0, 0x2, 0xbb, 0xbb, 0xbb, 0x80,
    0x4c, 0xb0, 0x8, 0x76, 0x90, 0x0, 0x2, 0xf0,
    0x9, 0x56, 0x80, 0x0, 0x0, 0xf0, 0xd, 0x36,
    0x80, 0x0, 0x0, 0xf0, 0x5d, 0x6, 0x80, 0xe0,
    0x0, 0xf3, 0xd2, 0x3, 0xdd, 0xa0, 0x7, 0xfa,
    0x41, 0x0, 0x0, 0x0, 0x3c, 0x16, 0xce, 0xff,
    0xff, 0xe0, 0x0, 0x0, 0x0, 0x0, 0x0, 0x0,

    /* U+8FDF "迟" */
    0x0, 0x0, 0x0, 0x0, 0x0, 0x0, 0xd, 0x40,
    0xf, 0xee, 0xef, 0x10, 0x2, 0xa0, 0xe, 0x0,
    0xd, 0x10, 0x0, 0x0, 0xe, 0x22, 0x2d, 0x10,
    0x4c, 0xb0, 0xf, 0xaa, 0xaf, 0x10, 0x2, 0xf0,
    0x1d, 0x1, 0xb, 0x10, 0x0, 0xf0, 0x4b, 0xd,
    0x40, 0x0, 0x0, 0xf0, 0x97, 0x3, 0xe3, 0x0,
    0x0, 0xf1, 0xf1, 0x0, 0x5e, 0x0, 0x5, 0xf8,
    0x51, 0x0, 0x4, 0x0, 0x3d, 0x16, 0xce, 0xff,
    0xff, 0xe0, 0x0, 0x0, 0x0, 0x0, 0x0, 0x0,

    /* U+9002 "适" */
    0x2, 0x0, 0x1, 0x34, 0x68, 0x0, 0xd, 0x70,
    0xcd, 0xcf, 0x75, 0x10, 0x1, 0x80, 0x0, 0xf,
    0x0, 0x0, 0x0, 0x2, 0xdd, 0xdf, 0xdd, 0xc0,
    0x39, 0x90, 0x0, 0xf, 0x0, 0x0, 0x13, 0xf0,
    0x9d, 0xdf, 0xdd, 0x10, 0x0, 0xf0, 0xb4, 0x0,
    0xe, 0x10, 0x0, 0xf0, 0xb4, 0x0, 0xe, 0x10,
    0x0, 0xf0, 0x9d, 0xdd, 0xdd, 0x10, 0x7, 0xfa,
    0x31, 0x0, 0x0, 0x0, 0x3c, 0x16, 0xce, 0xff,
    0xff, 0xe0, 0x0, 0x0, 0x0, 0x0, 0x0, 0x0,

    /* U+9009 "选" */
    0x3, 0x0, 0x7, 0x1e, 0x0, 0x0, 0xd, 0x70,
    0x4b, 0x1e, 0x0, 0x0, 0x1, 0xa0, 0xbe, 0xef,
    0xee, 0x30, 0x0, 0x0, 0xa0, 0x1e, 0x0, 0x0,
    0x4c, 0xb5, 0xdd, 0xef, 0xdd, 0xd0, 0x2, 0xf0,
    0x5, 0x96, 0x80, 0x0, 0x0, 0xf0, 0xa, 0x56,
    0x80, 0x10, 0x0, 0xf0, 0x7e, 0x6, 0x80, 0xc1,
    0x0, 0xf3, 0xc2, 0x4, 0xed, 0xb0, 0x9, 0xeb,
    0x41, 0x0, 0x0, 0x0, 0x3c, 0x15, 0xce, 0xff,
    0xff, 0xf3, 0x0, 0x0, 0x0, 0x0, 0x0, 0x0,

    /* U+9010 "逐" */
    0x0, 0x0, 0x0, 0x0, 0x0, 0x0, 0xd, 0x40,
    0xde, 0xef, 0xee, 0xb0, 0x2, 0xa0, 0x5, 0xd9,
    0x1, 0x20, 0x0, 0x1, 0xc7, 0x7e, 0x2d, 0x50,
    0x4c, 0xb0, 0x5c, 0xbb, 0xf5, 0x0, 0x2, 0xf0,
    0xa5, 0x6f, 0xcc, 0x0, 0x0, 0xf0, 0x2a, 0xd9,
    0x78, 0xc0, 0x0, 0xf1, 0xe8, 0x8, 0x60, 0x70,
    0x0, 0xf0, 0x9, 0xee, 0x10, 0x0, 0x8, 0xfa,
    0x41, 0x21, 0x0, 0x0, 0x3c, 0x16, 0xce, 0xff,
    0xff, 0xf3, 0x0, 0x0, 0x0, 0x0, 0x0, 0x0,

    /* U+9053 "道" */
    0x2, 0x0, 0x17, 0x0, 0x28, 0x0, 0xd, 0x72,
    0x7f, 0x87, 0xcc, 0x72, 0x1, 0x82, 0x66, 0xac,
    0x66, 0x62, 0x0, 0x0, 0xac, 0xee, 0xcc, 0x90,
    0x27, 0x60, 0xd0, 0x0, 0x3, 0xa0, 0x38, 0xf0,
    0xdc, 0xcc, 0xcc, 0xa0, 0x0, 0xf0, 0xd7, 0x66,
    0x68, 0xa0, 0x0, 0xf0, 0xd5, 0x44, 0x47, 0xa0,
    0x0, 0xf0, 0xbc, 0xcc, 0xcd, 0x90, 0x7, 0xfa,
    0x41, 0x0, 0x0, 0x0, 0x3c, 0x16, 0xce, 0xff,
    0xff, 0xf6, 0x0, 0x0, 0x0, 0x0, 0x0, 0x0,

    /* U+90A6 "邦" */
    0x0, 0x8, 0x60, 0x0, 0x0, 0x0, 0x1, 0x19,
    0x71, 0xa, 0xee, 0xe9, 0xc, 0xde, 0xed, 0xaa,
    0x50, 0xa5, 0x0, 0x8, 0x60, 0xa, 0x51, 0xd0,
    0x8, 0xde, 0xed, 0x6a, 0x58, 0x70, 0x0, 0x8,
    0x60, 0xa, 0x54, 0xd0, 0x2b, 0xbe, 0xdb, 0x9a,
    0x50, 0x87, 0x2, 0x2e, 0x42, 0x2a, 0x50, 0x4a,
    0x0, 0x4d, 0x0, 0xa, 0x63, 0x89, 0x1, 0xd4,
    0x0, 0xa, 0x6a, 0xb1, 0x7, 0x70, 0x0, 0xa,
    0x50, 0x0,

    /* U+90E8 "部" */
    0x0, 0x7, 0x0, 0x0, 0x0, 0x0, 0xa, 0xcf,
    0xdc, 0x6b, 0xee, 0xf3, 0x1, 0x40, 0x6, 0xb,
    0x30, 0xe0, 0x1, 0xe0, 0x2d, 0xb, 0x36, 0x80,
    0x0, 0x70, 0x78, 0xb, 0x3c, 0x20, 0x1d, 0xdd,
    0xdd, 0xcb, 0x3a, 0x70, 0x0, 0x0, 0x0, 0xb,
    0x30, 0xd1, 0xa, 0xed, 0xdf, 0x4b, 0x30, 0xa4,
    0xa, 0x30, 0xa, 0x4b, 0x43, 0xc3, 0xa, 0x30,
    0xa, 0x4b, 0x5c, 0x90, 0xa, 0xdd, 0xde, 0x4b,
    0x30, 0x0,

    /* U+9192 "醒" */
    0x0, 0x0, 0x0, 0x0, 0x0, 0x0, 0x4d, 0xfe,
    0xec, 0x7d, 0xcc, 0xd0, 0x2, 0xb9, 0x51, 0x79,
    0x67, 0xd0, 0xe, 0xdc, 0xc9, 0x78, 0x44, 0xd0,
    0xc, 0xb7, 0x79, 0x5d, 0xed, 0xb0, 0xc, 0xc7,
    0x99, 0x64, 0xc2, 0x0, 0xe, 0x93, 0xc9, 0xcc,
    0xfd, 0xc0, 0xe, 0x76, 0x8b, 0xb1, 0xc4, 0x10,
    0xd, 0x55, 0x89, 0x2a, 0xeb, 0x80, 0xe, 0xbb,
    0xc9, 0x0, 0xc2, 0x0, 0xc, 0x11, 0x59, 0xbe,
    0xfe, 0xe3,

    /* U+91CC "里" */
    0x3, 0xfe, 0xee, 0xfe, 0xef, 0x50, 0x3, 0xb0,
    0x6, 0x80, 0xa, 0x50, 0x3, 0xfd, 0xde, 0xed,
    0xdf, 0x50, 0x3, 0xb0, 0x6, 0x80, 0xa, 0x50,
    0x3, 0xfd, 0xde, 0xed, 0xde, 0x50, 0x0, 0x11,
    0x17, 0x81, 0x11, 0x0, 0x5, 0xbb, 0xbd, 0xdb,
    0xbb, 0x50, 0x1, 0x33, 0x38, 0x93, 0x33, 0x10,
    0x1, 0x11, 0x17, 0x81, 0x11, 0x10, 0x2d, 0xdd,
    0xdd, 0xdd, 0xdd, 0xd3,

    /* U+91D1 "金" */
    0x0, 0x0, 0x2, 0x40, 0x0, 0x0, 0x0, 0x0,
    0x4d, 0xd6, 0x0, 0x0, 0x0, 0x19, 0xc1, 0x1c,
    0xb3, 0x0, 0x7, 0xe9, 0x21, 0x11, 0x8e, 0xc2,
    0x19, 0x18, 0xde, 0xed, 0xc0, 0x60, 0x0, 0x0,
    0x7, 0x80, 0x0, 0x0, 0x7, 0xee, 0xef, 0xfe,
    0xee, 0x70, 0x0, 0x0, 0x7, 0x80, 0x11, 0x0,
    0x0, 0x5a, 0x7, 0x80, 0xb6, 0x0, 0x0, 0xd,
    0x27, 0x83, 0xd0, 0x0, 0xe, 0xef, 0xef, 0xff,
    0xfe, 0xe0,

    /* U+94AE "钮" */
    0x0, 0x50, 0x0, 0x0, 0x0, 0x0, 0x3, 0xd0,
    0x2, 0xef, 0xee, 0xf0, 0xb, 0xdd, 0xa0, 0xe,
    0x0, 0xe0, 0x4c, 0x11, 0x10, 0xd, 0x0, 0xe0,
    0x4, 0xdc, 0x60, 0x2c, 0x1, 0xd0, 0x0, 0x75,
    0x5, 0xce, 0xbc, 0xc0, 0x1d, 0xee, 0xb0, 0x59,
    0x3, 0xb0, 0x0, 0x75, 0x0, 0x68, 0x4, 0xa0,
    0x0, 0x75, 0x0, 0x86, 0x5, 0x90, 0x0, 0x79,
    0x70, 0x95, 0x5, 0x90, 0x0, 0x5b, 0x3a, 0xfe,
    0xee, 0xf7,

    /* U+955C "镜" */
    0x0, 0x40, 0x0, 0x4, 0x20, 0x0, 0x5, 0xa0,
    0x8, 0xad, 0xca, 0x90, 0xc, 0xdd, 0x62, 0xb5,
    0x5c, 0x20, 0x3b, 0x55, 0x2a, 0xba, 0xab, 0xa3,
    0x1, 0xc7, 0x17, 0xcc, 0xcc, 0x70, 0x0, 0xa3,
    0xa, 0x63, 0x37, 0x90, 0x1d, 0xfd, 0x6a, 0x97,
    0x7a, 0x90, 0x0, 0xa3, 0xa, 0xdc, 0xcd, 0x90,
    0x0, 0xa3, 0x0, 0x95, 0xb3, 0x10, 0x0, 0xab,
    0x54, 0xe1, 0xb3, 0x75, 0x0, 0x77, 0x5d, 0x30,
    0x8d, 0xd2, 0x0, 0x0, 0x0, 0x0, 0x0, 0x0,

    /* U+95E8 "门" */
    0x4, 0x10, 0x0, 0x0, 0x0, 0x5, 0xb0, 0xcd,
    0xdd, 0xdd, 0x90, 0x20, 0x0, 0x0, 0x1d, 0xd1,
    0x0, 0x0, 0x0, 0x1d, 0xd1, 0x0, 0x0, 0x0,
    0x1d, 0xd1, 0x0, 0x0, 0x0, 0x1d, 0xd1, 0x0,
    0x0, 0x0, 0x1d, 0xd1, 0x0, 0x0, 0x0, 0x1d,
    0xd1, 0x0, 0x0, 0x0, 0x1d, 0xd1, 0x0, 0x0,
    0x0, 0x1d, 0xd1, 0x0, 0x0, 0x3, 0xf9,

    /* U+95EE "问" */
    0x4, 0x20, 0x0, 0x0, 0x0, 0x5, 0xd0, 0xcd,
    0xdd, 0xdd, 0x90, 0x20, 0x0, 0x0, 0x1d, 0xd1,
    0x0, 0x0, 0x0, 0x1d, 0xd1, 0x2f, 0xee, 0xf0,
    0x1d, 0xd1, 0x2c, 0x0, 0xe0, 0x1d, 0xd1, 0x2c,
    0x0, 0xe0, 0x1d, 0xd1, 0x2e, 0xbb, 0xf0, 0x1d,
    0xd1, 0x3, 0x33, 0x30, 0x1d, 0xd1, 0x0, 0x0,
    0x0, 0x1d, 0xd1, 0x0, 0x0, 0x4, 0xf9,

    /* U+95FB "闻" */
    0x4, 0x10, 0x0, 0x0, 0x0, 0x6, 0xb0, 0xcd,
    0xdd, 0xdd, 0x90, 0x53, 0x33, 0x32, 0x1d, 0xd1,
    0x8e, 0xa9, 0xe7, 0x1d, 0xd1, 0xd, 0xbb, 0xd0,
    0x1d, 0xd1, 0xd, 0x20, 0xc0, 0x1d, 0xd1, 0xd,
    0xdd, 0xd0, 0x1d, 0xd1, 0xd, 0x10, 0xd1, 0x1d,
    0xd2, 0xdf, 0xed, 0xfb, 0x1d, 0xd1, 0x0, 0x0,
    0xc0, 0x1d, 0xd1, 0x0, 0x0, 0x55, 0xf9,

    /* U+9648 "陈" */
    0x0, 0x0, 0x0, 0x31, 0x0, 0xf, 0xde, 0xb0,
    0xd, 0x10, 0x0, 0xd0, 0x77, 0xce, 0xed, 0xdd,
    0x1d, 0xd, 0x0, 0xa5, 0x70, 0x0, 0xd4, 0xb0,
    0x1d, 0xd, 0x0, 0xd, 0xb, 0x39, 0x81, 0xd1,
    0x10, 0xd0, 0x58, 0x8b, 0xbf, 0xbb, 0x3d, 0x17,
    0x80, 0x80, 0xd5, 0x20, 0xd8, 0xb1, 0x6a, 0xd,
    0x4d, 0xd, 0x0, 0x2d, 0x10, 0xd0, 0x87, 0xd0,
    0x0, 0x13, 0xda, 0x0, 0x10,

    /* U+966A "陪" */
    0x0, 0x0, 0x0, 0x32, 0x0, 0xf, 0xde, 0xba,
    0xde, 0xed, 0xd0, 0xd0, 0x77, 0x14, 0x0, 0x42,
    0xd, 0xd, 0x10, 0xe1, 0xc, 0x40, 0xd4, 0xb0,
    0x6, 0x21, 0xe0, 0xd, 0xb, 0x6e, 0xee, 0xee,
    0xe8, 0xd0, 0x57, 0x11, 0x11, 0x11, 0xd, 0x17,
    0x8b, 0xcb, 0xbb, 0xd0, 0xd8, 0xb2, 0xb4, 0x0,
    0x1d, 0xd, 0x0, 0xb, 0x51, 0x12, 0xd0, 0xd0,
    0x0, 0xbd, 0xdd, 0xdd, 0x0,

    /* U+968F "随" */
    0x0, 0x0, 0x0, 0x3, 0x0, 0xf, 0xcf, 0x66,
    0x13, 0xe2, 0x20, 0xe1, 0xc2, 0xb7, 0xfc, 0xaa,
    0x1e, 0x76, 0x0, 0x7f, 0x66, 0x60, 0xeb, 0x34,
    0x88, 0xe5, 0x5e, 0xe, 0x4a, 0x2d, 0xd, 0xcc,
    0xf0, 0xe0, 0xd0, 0xc0, 0xd1, 0x1d, 0xe, 0xe,
    0xc, 0xd, 0xbb, 0xf0, 0xeb, 0xb0, 0xc0, 0xd0,
    0x2d, 0xe, 0x0, 0x2d, 0x6b, 0x1a, 0x80, 0xe0,
    0x7, 0x27, 0xcd, 0xdd, 0x10,

    /* U+9752 "青" */
    0x2, 0x44, 0x47, 0xb4, 0x44, 0x40, 0x5, 0x88,
    0x8a, 0xd8, 0x88, 0x80, 0x2, 0xaa, 0xab, 0xda,
    0xaa, 0x60, 0x0, 0x22, 0x26, 0xa2, 0x22, 0x10,
    0x2f, 0xff, 0xff, 0xff, 0xff, 0xf9, 0x0, 0x22,
    0x22, 0x22, 0x22, 0x10, 0x0, 0xdb, 0xaa, 0xaa,
    0xad, 0x60, 0x0, 0xd9, 0x99, 0x99, 0x9c, 0x60,
    0x0, 0xda, 0x99, 0x99, 0x9c, 0x60, 0x0, 0xd3,
    0x22, 0x22, 0x2a, 0x60, 0x0, 0xd2, 0x0, 0x8,
    0xee, 0x30,

    /* U+9762 "面" */
    0x8e, 0xee, 0xef, 0xee, 0xee, 0xe1, 0x0, 0x0,
    0x4a, 0x0, 0x0, 0x0, 0xd, 0xee, 0xfe, 0xee,
    0xee, 0x50, 0xe, 0x3, 0xa0, 0x3b, 0x9, 0x60,
    0xe, 0x3, 0xfe, 0xeb, 0x9, 0x60, 0xe, 0x3,
    0xa0, 0x3b, 0x9, 0x60, 0xe, 0x3, 0xfd, 0xdb,
    0x9, 0x60, 0xe, 0x3, 0xa0, 0x3b, 0x9, 0x60,
    0xe, 0xab, 0xea, 0xbe, 0xad, 0x60, 0xe, 0x33,
    0x33, 0x33, 0x3a, 0x60,

    /* U+97F3 "音" */
    0x0, 0x0, 0x6, 0x50, 0x0, 0x0, 0x7, 0xee,
    0xee, 0xfe, 0xee, 0xd0, 0x0, 0x7, 0x40, 0x0,
    0xa1, 0x0, 0x5, 0x58, 0xd5, 0x59, 0xd5, 0x53,
    0x18, 0x88, 0x88, 0x88, 0x88, 0x85, 0x0, 0x7a,
    0xaa, 0xaa, 0xaa, 0x0, 0x0, 0xa6, 0x33, 0x33,
    0x3f, 0x0, 0x0, 0xa6, 0x22, 0x22, 0x2f, 0x0,
    0x0, 0xac, 0xaa, 0xaa, 0xaf, 0x0, 0x0, 0xa6,
    0x22, 0x22, 0x2f, 0x0, 0x0, 0xac, 0xbb, 0xbb,
    0xbf, 0x0,

    /* U+97F5 "韵" */
    0x0, 0x34, 0x0, 0x6, 0x0, 0x0, 0x19, 0xbd,
    0x97, 0x2d, 0x0, 0x0, 0x6, 0x54, 0x74, 0xae,
    0xdd, 0xf2, 0x5, 0x80, 0xd2, 0xc0, 0x0, 0xb2,
    0x3b, 0xfb, 0xfb, 0xb, 0x30, 0xb2, 0x2, 0x22,
    0x22, 0x2, 0xd0, 0xc1, 0xe, 0xdd, 0xe7, 0x0,
    0x18, 0xf1, 0xe, 0x0, 0x67, 0x17, 0xd8, 0xe0,
    0xe, 0xdd, 0xe7, 0x99, 0x10, 0xd0, 0xe, 0x11,
    0x77, 0x0, 0x2, 0xc0, 0xe, 0xbb, 0xd7, 0xa,
    0xee, 0x40, 0x0, 0x0, 0x0, 0x0, 0x0, 0x0,

    /* U+9875 "页" */
    0xc, 0xee, 0xef, 0xfe, 0xee, 0xd0, 0x0, 0x0,
    0xc, 0x50, 0x0, 0x0, 0x0, 0xde, 0xee, 0xee,
    0xee, 0x0, 0x0, 0xd1, 0x2, 0x10, 0xe, 0x0,
    0x0, 0xd1, 0x8, 0x60, 0xe, 0x0, 0x0, 0xd1,
    0x8, 0x60, 0xe, 0x0, 0x0, 0xd1, 0xb, 0x40,
    0xe, 0x0, 0x0, 0xa1, 0x3e, 0x3, 0xa, 0x0,
    0x0, 0x5, 0xd3, 0x2b, 0xd5, 0x0, 0x9, 0xd9,
    0x10, 0x0, 0x2b, 0xc0, 0x3, 0x0, 0x0, 0x0,
    0x0, 0x20,

    /* U+9879 "项" */
    0x15, 0x55, 0x6d, 0xdf, 0xdd, 0xd1, 0x2, 0xe2,
    0xb, 0xcf, 0xcc, 0x80, 0x0, 0xe0, 0xe, 0x11,
    0x14, 0xb0, 0x0, 0xe0, 0xe, 0x8, 0x43, 0xb0,
    0x0, 0xe0, 0xe, 0x9, 0x43, 0xb0, 0x0, 0xe0,
    0xe, 0xa, 0x33, 0xb0, 0x0, 0xe5, 0x1e, 0xd,
    0x13, 0xb0, 0x2b, 0xe8, 0x15, 0x7a, 0x85, 0x30,
    0x13, 0x0, 0x2a, 0xd1, 0x2d, 0x80, 0x0, 0x0,
    0x96, 0x0, 0x0, 0x91,

    /* U+987A "顺" */
    0xd, 0x0, 0xd0, 0x0, 0x0, 0x0, 0xd, 0x56,
    0xd0, 0xcd, 0xfd, 0xd2, 0xd, 0x56, 0xd0, 0x6c,
    0xfc, 0xa0, 0xd, 0x56, 0xd0, 0x87, 0x11, 0xd0,
    0xd, 0x56, 0xd0, 0x86, 0xb2, 0xd0, 0xd, 0x56,
    0xd0, 0x86, 0xc2, 0xd0, 0xd, 0x56, 0xd0, 0x86,
    0xd1, 0xd0, 0xd, 0x56, 0xd0, 0x86, 0xe0, 0xd0,
    0x1c, 0x56, 0xd0, 0x38, 0xc7, 0x40, 0x49, 0x56,
    0xd0, 0x4e, 0x2a, 0xa0, 0x45, 0x0, 0xd3, 0xc3,
    0x0, 0xb2,

    /* U+9891 "频" */
    0x0, 0xd, 0x0, 0x0, 0x0, 0x0, 0x4, 0x7d,
    0x12, 0xdd, 0xfd, 0xd4, 0x5, 0x8d, 0xb3, 0x35,
    0xe5, 0x50, 0x5, 0x8d, 0x0, 0xb8, 0x66, 0xf0,
    0xc, 0xcc, 0xca, 0xb3, 0x90, 0xf0, 0x1, 0x18,
    0x0, 0xb3, 0xe0, 0xf0, 0x7, 0x6d, 0x57, 0xb3,
    0xe0, 0xf0, 0xd, 0x1d, 0xc4, 0xb3, 0xf0, 0xf0,
    0x16, 0xf, 0xb0, 0x69, 0xb5, 0x80, 0x0, 0x8c,
    0x10, 0x6e, 0x2b, 0xa0, 0xb, 0x80, 0x8, 0xc2,
    0x0, 0xb4, 0x0, 0x0, 0x0, 0x0, 0x0, 0x0,

    /* U+98CE "风" */
    0x1, 0xfe, 0xee, 0xee, 0xeb, 0x0, 0x1, 0xd0,
    0x0, 0x0, 0x3b, 0x0, 0x1, 0xd3, 0x30, 0xb,
    0x3b, 0x0, 0x1, 0xd2, 0xd2, 0x68, 0x3c, 0x0,
    0x1, 0xd0, 0x3d, 0xe1, 0x2c, 0x0, 0x1, 0xd0,
    0xc, 0xd0, 0x1d, 0x0, 0x3, 0xb0, 0x9a, 0xa7,
    0xe, 0x0, 0x7, 0x79, 0xb0, 0x1e, 0x2e, 0x15,
    0xe, 0x21, 0x0, 0x4, 0x1b, 0x7a, 0x39, 0x0,
    0x0, 0x0, 0x4, 0xf5,

    /* U+98DF "食" */
    0x0, 0x0, 0x0, 0x0, 0x0, 0x0, 0x0, 0x0,
    0x1c, 0x80, 0x0, 0x0, 0x0, 0x6, 0xd6, 0x9d,
    0x50, 0x0, 0x28, 0xda, 0x18, 0x32, 0xae, 0xa2,
    0x57, 0xab, 0xbd, 0xdb, 0xb8, 0x61, 0x0, 0xd4,
    0x33, 0x33, 0x6b, 0x0, 0x0, 0xdd, 0xdd, 0xdd,
    0xeb, 0x0, 0x0, 0xd2, 0x11, 0x11, 0x4b, 0x0,
    0x0, 0xde, 0xee, 0xee, 0xea, 0x0, 0x0, 0xd1,
    0x2c, 0x72, 0x2c, 0x40, 0x0, 0xd1, 0x17, 0x7c,
    0xfb, 0x0, 0x0, 0xcd, 0xc8, 0x0, 0x3a, 0xe1,
    0x0, 0x10, 0x0, 0x0, 0x0, 0x10,

    /* U+9986 "馆" */
    0x1, 0x70, 0x0, 0x4, 0x60, 0x0, 0x5, 0xa2,
    0x17, 0x7a, 0xe7, 0x74, 0xa, 0xcd, 0x9e, 0x55,
    0x55, 0x98, 0xe, 0x1d, 0x35, 0xbb, 0xbb, 0xa1,
    0x58, 0xd1, 0x3, 0xc1, 0x13, 0xc0, 0x0, 0xd0,
    0x3, 0xe9, 0x99, 0xc0, 0x0, 0xd0, 0x3, 0xc3,
    0x33, 0x20, 0x0, 0xd0, 0x3, 0xeb, 0xbb, 0xb0,
    0x0, 0xd0, 0x13, 0xc2, 0x22, 0xe0, 0x0, 0xd9,
    0x83, 0xc1, 0x11, 0xe0, 0x0, 0xd7, 0x3, 0xeb,
    0xbb, 0xf0,

    /* U+9988 "馈" */
    0x0, 0x0, 0x0, 0x0, 0x0, 0x0, 0x2, 0xa0,
    0x0, 0xa, 0x40, 0x0, 0x6, 0xa2, 0x1e, 0xce,
    0xdd, 0x90, 0xa, 0xee, 0x8d, 0xa, 0x45, 0x90,
    0xe, 0x18, 0x6a, 0xbe, 0xcb, 0x60, 0x5b, 0x8a,
    0x69, 0x9d, 0xb9, 0x91, 0x33, 0xf0, 0x14, 0x44,
    0x44, 0x30, 0x0, 0xf0, 0xe, 0x99, 0x9c, 0x70,
    0x0, 0xf0, 0xe, 0x7, 0x27, 0x70, 0x0, 0xf0,
    0xe, 0xe, 0x17, 0x70, 0x0, 0xf7, 0x58, 0x8a,
    0x89, 0x20, 0x0, 0xf9, 0x3c, 0xc1, 0xb, 0x80,
    0x0, 0x0, 0x13, 0x0, 0x0, 0x20,

    /* U+9996 "首" */
    0x0, 0x4, 0x50, 0x0, 0x90, 0x0, 0x0, 0x2,
    0xa0, 0x7, 0x90, 0x0, 0x2e, 0xee, 0xee, 0xee,
    0xee, 0xe8, 0x0, 0x0, 0xb, 0x40, 0x0, 0x0,
    0x0, 0xae, 0xee, 0xee, 0xef, 0x20, 0x0, 0xa4,
    0x0, 0x0, 0xc, 0x20, 0x0, 0xad, 0xcc, 0xcc,
    0xcf, 0x20, 0x0, 0xa7, 0x44, 0x44, 0x4d, 0x20,
    0x0, 0xa9, 0x77, 0x77, 0x7e, 0x20, 0x0, 0xab,
    0xaa, 0xaa, 0xae, 0x20, 0x0, 0xa6, 0x33, 0x33,
    0x3d, 0x20,

    /* U+9999 "香" */
    0x0, 0x0, 0x11, 0x23, 0x55, 0x0, 0x1, 0xdd,
    0xde, 0xca, 0x87, 0x0, 0x1a, 0xaa, 0xad, 0xca,
    0xaa, 0xa1, 0x2, 0x24, 0xdd, 0xad, 0x52, 0x20,
    0x0, 0x7d, 0x49, 0x62, 0xd9, 0x30, 0x2e, 0x81,
    0x9, 0x60, 0x7, 0xf2, 0x0, 0xed, 0xdd, 0xdd,
    0xdd, 0x0, 0x0, 0xf0, 0x0, 0x0, 0x1d, 0x0,
    0x0, 0xfc, 0xcc, 0xcc, 0xdd, 0x0, 0x0, 0xf1,
    0x11, 0x11, 0x2d, 0x0, 0x0, 0xfb, 0xbb, 0xbb,
    0xbd, 0x0,

    /* U+9AD8 "高" */
    0x0, 0x0, 0x5, 0x60, 0x0, 0x0, 0x1c, 0xcc,
    0xcd, 0xdc, 0xcc, 0xc7, 0x0, 0x36, 0x66, 0x66,
    0x65, 0x0, 0x0, 0x7a, 0x66, 0x66, 0x7d, 0x0,
    0x0, 0x7e, 0xcc, 0xcc, 0xdd, 0x0, 0x3, 0x55,
    0x55, 0x55, 0x55, 0x50, 0xc, 0x97, 0x77, 0x77,
    0x77, 0xe2, 0xc, 0x35, 0xcc, 0xcc, 0xa0, 0xc2,
    0xc, 0x37, 0x70, 0x1, 0xc0, 0xc2, 0xc, 0x35,
    0xcc, 0xcc, 0xa0, 0xc2, 0xc, 0x30, 0x0, 0x0,
    0x8d, 0xd0,

    /* U+9B54 "魔" */
    0x0, 0x0, 0x6, 0x30, 0x0, 0x0, 0xc, 0xdd,
    0xdd, 0xdd, 0xdd, 0xd0, 0xc, 0x32, 0x92, 0x2,
    0x92, 0x10, 0xc, 0x6d, 0xfb, 0x2e, 0xff, 0x80,
    0xc, 0x88, 0xd6, 0xa6, 0xc4, 0xb1, 0xc, 0x3a,
    0xac, 0xea, 0xaa, 0x40, 0xe, 0x4c, 0x66, 0xf6,
    0x6a, 0x60, 0xf, 0x2c, 0x69, 0xc6, 0x6a, 0x60,
    0x2d, 0x1b, 0xbf, 0xfb, 0xec, 0x40, 0x79, 0x5,
    0xc6, 0xd7, 0xbc, 0x30, 0x74, 0x9a, 0x30, 0xbc,
    0xbb, 0xc1,

    /* U+9E3D "鸽" */
    0x0, 0x77, 0x0, 0x6, 0x60, 0x0, 0x2, 0xed,
    0x30, 0xae, 0xdc, 0x80, 0x1d, 0x53, 0xe2, 0xe1,
    0x24, 0xb0, 0x86, 0x0, 0x30, 0xe2, 0xc4, 0xa0,
    0xa, 0xcc, 0xb0, 0xe0, 0x26, 0x80, 0x2, 0x33,
    0x20, 0xe0, 0x6b, 0x20, 0xe, 0xaa, 0xe0, 0xed,
    0xdd, 0xd2, 0xe, 0x0, 0xe0, 0x0, 0x0, 0xc2,
    0xe, 0x0, 0xe2, 0x77, 0x73, 0xc1, 0xe, 0xcc,
    0xe2, 0x77, 0x73, 0xe0, 0x8, 0x0, 0x60, 0x0,
    0x8e, 0x90,

    /* U+9E70 "鹰" */
    0x0, 0x0, 0x8, 0x10, 0x0, 0x0, 0xc, 0xdd,
    0xde, 0xdd, 0xed, 0xd0, 0xc, 0x28, 0x5a, 0xbb,
    0xc8, 0x60, 0xc, 0x8f, 0x7f, 0x99, 0xe9, 0x20,
    0xc, 0x6d, 0x4d, 0x99, 0xe9, 0x20, 0xc, 0x1d,
    0xc, 0x99, 0xe9, 0x80, 0xe, 0x19, 0x9d, 0xa9,
    0x98, 0x0, 0xf, 0xc, 0x16, 0xa2, 0x9b, 0x0,
    0x2d, 0xb, 0xaa, 0xaa, 0xaa, 0x90, 0x79, 0x48,
    0x88, 0x88, 0x40, 0xd0, 0x84, 0x1, 0x11, 0x11,
    0x3c, 0x90, 0x0, 0x0, 0x0, 0x0, 0x0, 0x0,

    /* U+9ED8 "默" */
    0x0, 0x0, 0x0, 0x0, 0xe0, 0x0, 0xf, 0xcf,
    0xcf, 0x0, 0xe5, 0x60, 0xc, 0x7d, 0x8d, 0x0,
    0xe1, 0xa0, 0xc, 0x7d, 0x7d, 0x36, 0xe6, 0x60,
    0xa, 0xaf, 0xaa, 0x25, 0xf8, 0x50, 0xa, 0xaf,
    0xa8, 0x0, 0xf6, 0x0, 0x1, 0x2d, 0x34, 0x2,
    0xe9, 0x0, 0x2b, 0xcd, 0xb9, 0x5, 0x9c, 0x0,
    0x5, 0x33, 0x79, 0x2b, 0x49, 0x50, 0xd, 0x57,
    0xd5, 0xbd, 0x2, 0xd0, 0x26, 0x24, 0x40, 0x74,
    0x0, 0x71
};


/*---------------------
 *  GLYPH DESCRIPTION
 *--------------------*/

static const lv_font_fmt_txt_glyph_dsc_t glyph_dsc[] = {
    {.bitmap_index = 0, .adv_w = 0, .box_w = 0, .box_h = 0, .ofs_x = 0, .ofs_y = 0} /* id = 0 reserved */,
    {.bitmap_index = 0, .adv_w = 192, .box_w = 11, .box_h = 2, .ofs_x = 0, .ofs_y = 4},
    {.bitmap_index = 11, .adv_w = 192, .box_w = 12, .box_h = 10, .ofs_x = 0, .ofs_y = -1},
    {.bitmap_index = 71, .adv_w = 192, .box_w = 12, .box_h = 10, .ofs_x = 0, .ofs_y = -1},
    {.bitmap_index = 131, .adv_w = 192, .box_w = 12, .box_h = 10, .ofs_x = 0, .ofs_y = -1},
    {.bitmap_index = 191, .adv_w = 192, .box_w = 12, .box_h = 10, .ofs_x = 0, .ofs_y = -1},
    {.bitmap_index = 251, .adv_w = 192, .box_w = 11, .box_h = 11, .ofs_x = 0, .ofs_y = -1},
    {.bitmap_index = 312, .adv_w = 192, .box_w = 12, .box_h = 12, .ofs_x = 0, .ofs_y = -2},
    {.bitmap_index = 384, .adv_w = 192, .box_w = 12, .box_h = 11, .ofs_x = 0, .ofs_y = -1},
    {.bitmap_index = 450, .adv_w = 192, .box_w = 10, .box_h = 11, .ofs_x = 1, .ofs_y = -1},
    {.bitmap_index = 505, .adv_w = 192, .box_w = 12, .box_h = 12, .ofs_x = 0, .ofs_y = -2},
    {.bitmap_index = 577, .adv_w = 192, .box_w = 11, .box_h = 11, .ofs_x = 1, .ofs_y = -1},
    {.bitmap_index = 638, .adv_w = 192, .box_w = 12, .box_h = 11, .ofs_x = 0, .ofs_y = -1},
    {.bitmap_index = 704, .adv_w = 192, .box_w = 12, .box_h = 9, .ofs_x = 0, .ofs_y = 0},
    {.bitmap_index = 758, .adv_w = 192, .box_w = 12, .box_h = 10, .ofs_x = 0, .ofs_y = -1},
    {.bitmap_index = 818, .adv_w = 192, .box_w = 12, .box_h = 10, .ofs_x = 0, .ofs_y = -1},
    {.bitmap_index = 878, .adv_w = 192, .box_w = 12, .box_h = 12, .ofs_x = 0, .ofs_y = -2},
    {.bitmap_index = 950, .adv_w = 192, .box_w = 12, .box_h = 12, .ofs_x = 0, .ofs_y = -2},
    {.bitmap_index = 1022, .adv_w = 192, .box_w = 12, .box_h = 11, .ofs_x = 0, .ofs_y = -1},
    {.bitmap_index = 1088, .adv_w = 192, .box_w = 11, .box_h = 12, .ofs_x = 1, .ofs_y = -2},
    {.bitmap_index = 1154, .adv_w = 192, .box_w = 12, .box_h = 12, .ofs_x = 0, .ofs_y = -2},
    {.bitmap_index = 1226, .adv_w = 192, .box_w = 12, .box_h = 11, .ofs_x = 0, .ofs_y = -1},
    {.bitmap_index = 1292, .adv_w = 192, .box_w = 12, .box_h = 12, .ofs_x = 0, .ofs_y = -2},
    {.bitmap_index = 1364, .adv_w = 192, .box_w = 12, .box_h = 12, .ofs_x = 0, .ofs_y = -2},
    {.bitmap_index = 1436, .adv_w = 192, .box_w = 12, .box_h = 12, .ofs_x = 0, .ofs_y = -2},
    {.bitmap_index = 1508, .adv_w = 192, .box_w = 12, .box_h = 13, .ofs_x = 0, .ofs_y = -2},
    {.bitmap_index = 1586, .adv_w = 192, .box_w = 12, .box_h = 11, .ofs_x = 0, .ofs_y = -1},
    {.bitmap_index = 1652, .adv_w = 192, .box_w = 12, .box_h = 11, .ofs_x = 0, .ofs_y = -1},
    {.bitmap_index = 1718, .adv_w = 192, .box_w = 12, .box_h = 11, .ofs_x = 0, .ofs_y = -1},
    {.bitmap_index = 1784, .adv_w = 192, .box_w = 12, .box_h = 11, .ofs_x = 0, .ofs_y = -2},
    {.bitmap_index = 1850, .adv_w = 192, .box_w = 12, .box_h = 12, .ofs_x = 0, .ofs_y = -2},
    {.bitmap_index = 1922, .adv_w = 192, .box_w = 12, .box_h = 12, .ofs_x = 0, .ofs_y = -2},
    {.bitmap_index = 1994, .adv_w = 192, .box_w = 12, .box_h = 11, .ofs_x = 0, .ofs_y = -1},
    {.bitmap_index = 2060, .adv_w = 192, .box_w = 12, .box_h = 12, .ofs_x = 0, .ofs_y = -2},
    {.bitmap_index = 2132, .adv_w = 192, .box_w = 12, .box_h = 12, .ofs_x = 0, .ofs_y = -2},
    {.bitmap_index = 2204, .adv_w = 192, .box_w = 12, .box_h = 12, .ofs_x = 0, .ofs_y = -2},
    {.bitmap_index = 2276, .adv_w = 192, .box_w = 10, .box_h = 12, .ofs_x = 1, .ofs_y = -2},
    {.bitmap_index = 2336, .adv_w = 192, .box_w = 12, .box_h = 10, .ofs_x = 0, .ofs_y = -1},
    {.bitmap_index = 2396, .adv_w = 192, .box_w = 12, .box_h = 11, .ofs_x = 0, .ofs_y = -1},
    {.bitmap_index = 2462, .adv_w = 192, .box_w = 12, .box_h = 12, .ofs_x = 0, .ofs_y = -2},
    {.bitmap_index = 2534, .adv_w = 192, .box_w = 12, .box_h = 12, .ofs_x = 0, .ofs_y = -2},
    {.bitmap_index = 2606, .adv_w = 192, .box_w = 11, .box_h = 11, .ofs_x = 0, .ofs_y = -1},
    {.bitmap_index = 2667, .adv_w = 192, .box_w = 11, .box_h = 11, .ofs_x = 0, .ofs_y = -1},
    {.bitmap_index = 2728, .adv_w = 192, .box_w = 12, .box_h = 12, .ofs_x = 0, .ofs_y = -2},
    {.bitmap_index = 2800, .adv_w = 192, .box_w = 11, .box_h = 11, .ofs_x = 0, .ofs_y = -1},
    {.bitmap_index = 2861, .adv_w = 192, .box_w = 11, .box_h = 11, .ofs_x = 0, .ofs_y = -1},
    {.bitmap_index = 2922, .adv_w = 192, .box_w = 12, .box_h = 12, .ofs_x = 0, .ofs_y = -2},
    {.bitmap_index = 2994, .adv_w = 192, .box_w = 12, .box_h = 12, .ofs_x = 0, .ofs_y = -2},
    {.bitmap_index = 3066, .adv_w = 192, .box_w = 11, .box_h = 10, .ofs_x = 1, .ofs_y = -1},
    {.bitmap_index = 3121, .adv_w = 192, .box_w = 12, .box_h = 11, .ofs_x = 0, .ofs_y = -1},
    {.bitmap_index = 3187, .adv_w = 192, .box_w = 12, .box_h = 11, .ofs_x = 0, .ofs_y = -1},
    {.bitmap_index = 3253, .adv_w = 192, .box_w = 12, .box_h = 12, .ofs_x = 0, .ofs_y = -1},
    {.bitmap_index = 3325, .adv_w = 192, .box_w = 12, .box_h = 11, .ofs_x = 0, .ofs_y = -1},
    {.bitmap_index = 3391, .adv_w = 192, .box_w = 12, .box_h = 12, .ofs_x = 0, .ofs_y = -2},
    {.bitmap_index = 3463, .adv_w = 192, .box_w = 12, .box_h = 11, .ofs_x = 0, .ofs_y = -1},
    {.bitmap_index = 3529, .adv_w = 192, .box_w = 11, .box_h = 11, .ofs_x = 0, .ofs_y = -2},
    {.bitmap_index = 3590, .adv_w = 192, .box_w = 11, .box_h = 10, .ofs_x = 0, .ofs_y = -1},
    {.bitmap_index = 3645, .adv_w = 192, .box_w = 12, .box_h = 11, .ofs_x = 0, .ofs_y = -2},
    {.bitmap_index = 3711, .adv_w = 192, .box_w = 12, .box_h = 12, .ofs_x = 0, .ofs_y = -2},
    {.bitmap_index = 3783, .adv_w = 192, .box_w = 12, .box_h = 11, .ofs_x = 0, .ofs_y = -2},
    {.bitmap_index = 3849, .adv_w = 192, .box_w = 12, .box_h = 12, .ofs_x = 0, .ofs_y = -2},
    {.bitmap_index = 3921, .adv_w = 192, .box_w = 12, .box_h = 11, .ofs_x = 0, .ofs_y = -1},
    {.bitmap_index = 3987, .adv_w = 192, .box_w = 12, .box_h = 11, .ofs_x = 0, .ofs_y = -1},
    {.bitmap_index = 4053, .adv_w = 192, .box_w = 11, .box_h = 11, .ofs_x = 0, .ofs_y = -1},
    {.bitmap_index = 4114, .adv_w = 192, .box_w = 12, .box_h = 10, .ofs_x = 0, .ofs_y = -1},
    {.bitmap_index = 4174, .adv_w = 192, .box_w = 11, .box_h = 11, .ofs_x = 1, .ofs_y = -1},
    {.bitmap_index = 4235, .adv_w = 192, .box_w = 11, .box_h = 12, .ofs_x = 0, .ofs_y = -2},
    {.bitmap_index = 4301, .adv_w = 192, .box_w = 11, .box_h = 11, .ofs_x = 1, .ofs_y = -1},
    {.bitmap_index = 4362, .adv_w = 192, .box_w = 12, .box_h = 11, .ofs_x = 0, .ofs_y = -1},
    {.bitmap_index = 4428, .adv_w = 192, .box_w = 10, .box_h = 11, .ofs_x = 1, .ofs_y = -2},
    {.bitmap_index = 4483, .adv_w = 192, .box_w = 12, .box_h = 12, .ofs_x = 0, .ofs_y = -2},
    {.bitmap_index = 4555, .adv_w = 192, .box_w = 11, .box_h = 11, .ofs_x = 1, .ofs_y = -1},
    {.bitmap_index = 4616, .adv_w = 192, .box_w = 11, .box_h = 10, .ofs_x = 1, .ofs_y = -1},
    {.bitmap_index = 4671, .adv_w = 192, .box_w = 12, .box_h = 11, .ofs_x = 0, .ofs_y = -1},
    {.bitmap_index = 4737, .adv_w = 192, .box_w = 12, .box_h = 11, .ofs_x = 0, .ofs_y = -2},
    {.bitmap_index = 4803, .adv_w = 192, .box_w = 11, .box_h = 11, .ofs_x = 0, .ofs_y = -1},
    {.bitmap_index = 4864, .adv_w = 192, .box_w = 10, .box_h = 12, .ofs_x = 1, .ofs_y = -2},
    {.bitmap_index = 4924, .adv_w = 192, .box_w = 10, .box_h = 12, .ofs_x = 1, .ofs_y = -2},
    {.bitmap_index = 4984, .adv_w = 192, .box_w = 12, .box_h = 11, .ofs_x = 0, .ofs_y = -1},
    {.bitmap_index = 5050, .adv_w = 192, .box_w = 12, .box_h = 10, .ofs_x = 0, .ofs_y = -1},
    {.bitmap_index = 5110, .adv_w = 192, .box_w = 12, .box_h = 11, .ofs_x = 0, .ofs_y = -1},
    {.bitmap_index = 5176, .adv_w = 192, .box_w = 12, .box_h = 10, .ofs_x = 0, .ofs_y = -1},
    {.bitmap_index = 5236, .adv_w = 192, .box_w = 10, .box_h = 10, .ofs_x = 1, .ofs_y = -1},
    {.bitmap_index = 5286, .adv_w = 192, .box_w = 12, .box_h = 11, .ofs_x = 0, .ofs_y = -1},
    {.bitmap_index = 5352, .adv_w = 192, .box_w = 11, .box_h = 11, .ofs_x = 0, .ofs_y = -2},
    {.bitmap_index = 5413, .adv_w = 192, .box_w = 11, .box_h = 11, .ofs_x = 0, .ofs_y = -1},
    {.bitmap_index = 5474, .adv_w = 192, .box_w = 12, .box_h = 10, .ofs_x = 0, .ofs_y = -1},
    {.bitmap_index = 5534, .adv_w = 192, .box_w = 13, .box_h = 12, .ofs_x = 0, .ofs_y = -2},
    {.bitmap_index = 5612, .adv_w = 192, .box_w = 12, .box_h = 11, .ofs_x = 0, .ofs_y = -1},
    {.bitmap_index = 5678, .adv_w = 192, .box_w = 12, .box_h = 11, .ofs_x = 0, .ofs_y = -1},
    {.bitmap_index = 5744, .adv_w = 192, .box_w = 12, .box_h = 12, .ofs_x = 0, .ofs_y = -2},
    {.bitmap_index = 5816, .adv_w = 192, .box_w = 12, .box_h = 11, .ofs_x = 0, .ofs_y = -1},
    {.bitmap_index = 5882, .adv_w = 192, .box_w = 12, .box_h = 12, .ofs_x = 0, .ofs_y = -2},
    {.bitmap_index = 5954, .adv_w = 192, .box_w = 12, .box_h = 12, .ofs_x = 0, .ofs_y = -2},
    {.bitmap_index = 6026, .adv_w = 192, .box_w = 12, .box_h = 10, .ofs_x = 0, .ofs_y = -1},
    {.bitmap_index = 6086, .adv_w = 192, .box_w = 12, .box_h = 12, .ofs_x = 0, .ofs_y = -2},
    {.bitmap_index = 6158, .adv_w = 192, .box_w = 12, .box_h = 11, .ofs_x = 0, .ofs_y = -1},
    {.bitmap_index = 6224, .adv_w = 192, .box_w = 12, .box_h = 11, .ofs_x = 0, .ofs_y = -1},
    {.bitmap_index = 6290, .adv_w = 192, .box_w = 12, .box_h = 12, .ofs_x = 0, .ofs_y = -2},
    {.bitmap_index = 6362, .adv_w = 192, .box_w = 12, .box_h = 12, .ofs_x = 0, .ofs_y = -2},
    {.bitmap_index = 6434, .adv_w = 192, .box_w = 12, .box_h = 10, .ofs_x = 0, .ofs_y = -1},
    {.bitmap_index = 6494, .adv_w = 192, .box_w = 12, .box_h = 12, .ofs_x = 0, .ofs_y = -2},
    {.bitmap_index = 6566, .adv_w = 192, .box_w = 12, .box_h = 11, .ofs_x = 0, .ofs_y = -1},
    {.bitmap_index = 6632, .adv_w = 192, .box_w = 12, .box_h = 11, .ofs_x = 0, .ofs_y = -1},
    {.bitmap_index = 6698, .adv_w = 192, .box_w = 12, .box_h = 11, .ofs_x = 0, .ofs_y = -1},
    {.bitmap_index = 6764, .adv_w = 192, .box_w = 12, .box_h = 11, .ofs_x = 0, .ofs_y = -1},
    {.bitmap_index = 6830, .adv_w = 192, .box_w = 12, .box_h = 11, .ofs_x = 0, .ofs_y = -1},
    {.bitmap_index = 6896, .adv_w = 192, .box_w = 12, .box_h = 10, .ofs_x = 0, .ofs_y = -1},
    {.bitmap_index = 6956, .adv_w = 192, .box_w = 12, .box_h = 11, .ofs_x = 0, .ofs_y = -2},
    {.bitmap_index = 7022, .adv_w = 192, .box_w = 12, .box_h = 11, .ofs_x = 0, .ofs_y = -2},
    {.bitmap_index = 7088, .adv_w = 192, .box_w = 10, .box_h = 11, .ofs_x = 1, .ofs_y = -1},
    {.bitmap_index = 7143, .adv_w = 192, .box_w = 12, .box_h = 11, .ofs_x = 0, .ofs_y = -1},
    {.bitmap_index = 7209, .adv_w = 192, .box_w = 12, .box_h = 12, .ofs_x = 0, .ofs_y = -1},
    {.bitmap_index = 7281, .adv_w = 192, .box_w = 12, .box_h = 10, .ofs_x = 0, .ofs_y = -1},
    {.bitmap_index = 7341, .adv_w = 192, .box_w = 12, .box_h = 12, .ofs_x = 0, .ofs_y = -1},
    {.bitmap_index = 7413, .adv_w = 192, .box_w = 12, .box_h = 13, .ofs_x = 0, .ofs_y = -2},
    {.bitmap_index = 7491, .adv_w = 192, .box_w = 12, .box_h = 12, .ofs_x = 0, .ofs_y = -2},
    {.bitmap_index = 7563, .adv_w = 192, .box_w = 12, .box_h = 12, .ofs_x = 0, .ofs_y = -2},
    {.bitmap_index = 7635, .adv_w = 192, .box_w = 12, .box_h = 11, .ofs_x = 0, .ofs_y = -1},
    {.bitmap_index = 7701, .adv_w = 192, .box_w = 12, .box_h = 11, .ofs_x = 0, .ofs_y = -1},
    {.bitmap_index = 7767, .adv_w = 192, .box_w = 12, .box_h = 12, .ofs_x = 0, .ofs_y = -2},
    {.bitmap_index = 7839, .adv_w = 192, .box_w = 12, .box_h = 12, .ofs_x = 0, .ofs_y = -2},
    {.bitmap_index = 7911, .adv_w = 192, .box_w = 12, .box_h = 12, .ofs_x = 0, .ofs_y = -2},
    {.bitmap_index = 7983, .adv_w = 192, .box_w = 12, .box_h = 12, .ofs_x = 0, .ofs_y = -2},
    {.bitmap_index = 8055, .adv_w = 192, .box_w = 12, .box_h = 11, .ofs_x = 0, .ofs_y = -2},
    {.bitmap_index = 8121, .adv_w = 192, .box_w = 12, .box_h = 11, .ofs_x = 0, .ofs_y = -1},
    {.bitmap_index = 8187, .adv_w = 192, .box_w = 10, .box_h = 11, .ofs_x = 1, .ofs_y = -1},
    {.bitmap_index = 8242, .adv_w = 192, .box_w = 10, .box_h = 11, .ofs_x = 1, .ofs_y = -1},
    {.bitmap_index = 8297, .adv_w = 192, .box_w = 12, .box_h = 11, .ofs_x = 0, .ofs_y = -1},
    {.bitmap_index = 8363, .adv_w = 192, .box_w = 12, .box_h = 11, .ofs_x = 0, .ofs_y = -1},
    {.bitmap_index = 8429, .adv_w = 192, .box_w = 12, .box_h = 11, .ofs_x = 0, .ofs_y = -1},
    {.bitmap_index = 8495, .adv_w = 192, .box_w = 12, .box_h = 12, .ofs_x = 0, .ofs_y = -2},
    {.bitmap_index = 8567, .adv_w = 192, .box_w = 12, .box_h = 11, .ofs_x = 0, .ofs_y = -1},
    {.bitmap_index = 8633, .adv_w = 192, .box_w = 12, .box_h = 11, .ofs_x = 0, .ofs_y = -1},
    {.bitmap_index = 8699, .adv_w = 192, .box_w = 12, .box_h = 11, .ofs_x = 0, .ofs_y = -1},
    {.bitmap_index = 8765, .adv_w = 192, .box_w = 12, .box_h = 11, .ofs_x = 0, .ofs_y = -1},
    {.bitmap_index = 8831, .adv_w = 192, .box_w = 12, .box_h = 11, .ofs_x = 0, .ofs_y = -1},
    {.bitmap_index = 8897, .adv_w = 192, .box_w = 12, .box_h = 11, .ofs_x = 0, .ofs_y = -1},
    {.bitmap_index = 8963, .adv_w = 192, .box_w = 12, .box_h = 11, .ofs_x = 0, .ofs_y = -1},
    {.bitmap_index = 9029, .adv_w = 192, .box_w = 12, .box_h = 12, .ofs_x = 0, .ofs_y = -1},
    {.bitmap_index = 9101, .adv_w = 192, .box_w = 12, .box_h = 13, .ofs_x = 0, .ofs_y = -2},
    {.bitmap_index = 9179, .adv_w = 192, .box_w = 12, .box_h = 13, .ofs_x = 0, .ofs_y = -2},
    {.bitmap_index = 9257, .adv_w = 192, .box_w = 12, .box_h = 11, .ofs_x = 0, .ofs_y = -1},
    {.bitmap_index = 9323, .adv_w = 192, .box_w = 12, .box_h = 11, .ofs_x = 0, .ofs_y = -1},
    {.bitmap_index = 9389, .adv_w = 192, .box_w = 12, .box_h = 11, .ofs_x = 0, .ofs_y = -1},
    {.bitmap_index = 9455, .adv_w = 192, .box_w = 12, .box_h = 11, .ofs_x = 0, .ofs_y = -1},
    {.bitmap_index = 9521, .adv_w = 192, .box_w = 12, .box_h = 11, .ofs_x = 0, .ofs_y = -1},
    {.bitmap_index = 9587, .adv_w = 192, .box_w = 12, .box_h = 12, .ofs_x = 0, .ofs_y = -2},
    {.bitmap_index = 9659, .adv_w = 192, .box_w = 12, .box_h = 12, .ofs_x = 0, .ofs_y = -2},
    {.bitmap_index = 9731, .adv_w = 192, .box_w = 12, .box_h = 11, .ofs_x = 0, .ofs_y = -1},
    {.bitmap_index = 9797, .adv_w = 192, .box_w = 12, .box_h = 12, .ofs_x = 0, .ofs_y = -1},
    {.bitmap_index = 9869, .adv_w = 192, .box_w = 12, .box_h = 11, .ofs_x = 0, .ofs_y = -1},
    {.bitmap_index = 9935, .adv_w = 192, .box_w = 12, .box_h = 12, .ofs_x = 0, .ofs_y = -2},
    {.bitmap_index = 10007, .adv_w = 192, .box_w = 12, .box_h = 12, .ofs_x = 0, .ofs_y = -1},
    {.bitmap_index = 10079, .adv_w = 192, .box_w = 12, .box_h = 11, .ofs_x = 0, .ofs_y = -1},
    {.bitmap_index = 10145, .adv_w = 192, .box_w = 12, .box_h = 11, .ofs_x = 0, .ofs_y = -1},
    {.bitmap_index = 10211, .adv_w = 192, .box_w = 12, .box_h = 11, .ofs_x = 0, .ofs_y = -1},
    {.bitmap_index = 10277, .adv_w = 192, .box_w = 12, .box_h = 11, .ofs_x = 0, .ofs_y = -1},
    {.bitmap_index = 10343, .adv_w = 192, .box_w = 12, .box_h = 12, .ofs_x = 0, .ofs_y = -2},
    {.bitmap_index = 10415, .adv_w = 192, .box_w = 12, .box_h = 11, .ofs_x = 0, .ofs_y = -1},
    {.bitmap_index = 10481, .adv_w = 192, .box_w = 12, .box_h = 11, .ofs_x = 0, .ofs_y = -1},
    {.bitmap_index = 10547, .adv_w = 192, .box_w = 12, .box_h = 12, .ofs_x = 0, .ofs_y = -2},
    {.bitmap_index = 10619, .adv_w = 192, .box_w = 12, .box_h = 12, .ofs_x = 0, .ofs_y = -2},
    {.bitmap_index = 10691, .adv_w = 192, .box_w = 12, .box_h = 11, .ofs_x = 0, .ofs_y = -1},
    {.bitmap_index = 10757, .adv_w = 192, .box_w = 12, .box_h = 13, .ofs_x = 0, .ofs_y = -2},
    {.bitmap_index = 10835, .adv_w = 192, .box_w = 12, .box_h = 11, .ofs_x = 0, .ofs_y = -1},
    {.bitmap_index = 10901, .adv_w = 192, .box_w = 12, .box_h = 11, .ofs_x = 0, .ofs_y = -1},
    {.bitmap_index = 10967, .adv_w = 192, .box_w = 12, .box_h = 11, .ofs_x = 0, .ofs_y = -1},
    {.bitmap_index = 11033, .adv_w = 192, .box_w = 12, .box_h = 11, .ofs_x = 0, .ofs_y = -2},
    {.bitmap_index = 11099, .adv_w = 192, .box_w = 11, .box_h = 11, .ofs_x = 1, .ofs_y = -1},
    {.bitmap_index = 11160, .adv_w = 192, .box_w = 10, .box_h = 11, .ofs_x = 1, .ofs_y = -2},
    {.bitmap_index = 11215, .adv_w = 192, .box_w = 12, .box_h = 11, .ofs_x = 0, .ofs_y = -2},
    {.bitmap_index = 11281, .adv_w = 192, .box_w = 12, .box_h = 10, .ofs_x = 0, .ofs_y = -1},
    {.bitmap_index = 11341, .adv_w = 192, .box_w = 12, .box_h = 10, .ofs_x = 0, .ofs_y = -1},
    {.bitmap_index = 11401, .adv_w = 192, .box_w = 11, .box_h = 11, .ofs_x = 1, .ofs_y = -1},
    {.bitmap_index = 11462, .adv_w = 192, .box_w = 12, .box_h = 11, .ofs_x = 0, .ofs_y = -1},
    {.bitmap_index = 11528, .adv_w = 192, .box_w = 10, .box_h = 11, .ofs_x = 1, .ofs_y = -1},
    {.bitmap_index = 11583, .adv_w = 192, .box_w = 12, .box_h = 11, .ofs_x = 0, .ofs_y = -2},
    {.bitmap_index = 11649, .adv_w = 192, .box_w = 10, .box_h = 11, .ofs_x = 0, .ofs_y = -2},
    {.bitmap_index = 11704, .adv_w = 192, .box_w = 12, .box_h = 12, .ofs_x = 0, .ofs_y = -2},
    {.bitmap_index = 11776, .adv_w = 192, .box_w = 12, .box_h = 11, .ofs_x = 0, .ofs_y = -1},
    {.bitmap_index = 11842, .adv_w = 192, .box_w = 12, .box_h = 11, .ofs_x = 0, .ofs_y = -1},
    {.bitmap_index = 11908, .adv_w = 192, .box_w = 12, .box_h = 11, .ofs_x = 0, .ofs_y = -1},
    {.bitmap_index = 11974, .adv_w = 192, .box_w = 12, .box_h = 11, .ofs_x = 0, .ofs_y = -1},
    {.bitmap_index = 12040, .adv_w = 192, .box_w = 12, .box_h = 11, .ofs_x = 0, .ofs_y = -1},
    {.bitmap_index = 12106, .adv_w = 192, .box_w = 12, .box_h = 11, .ofs_x = 0, .ofs_y = -1},
    {.bitmap_index = 12172, .adv_w = 192, .box_w = 12, .box_h = 11, .ofs_x = 0, .ofs_y = -1},
    {.bitmap_index = 12238, .adv_w = 192, .box_w = 12, .box_h = 11, .ofs_x = 0, .ofs_y = -1},
    {.bitmap_index = 12304, .adv_w = 192, .box_w = 12, .box_h = 11, .ofs_x = 0, .ofs_y = -1},
    {.bitmap_index = 12370, .adv_w = 192, .box_w = 12, .box_h = 10, .ofs_x = 0, .ofs_y = -1},
    {.bitmap_index = 12430, .adv_w = 192, .box_w = 12, .box_h = 11, .ofs_x = 0, .ofs_y = -1},
    {.bitmap_index = 12496, .adv_w = 192, .box_w = 12, .box_h = 11, .ofs_x = 0, .ofs_y = -1},
    {.bitmap_index = 12562, .adv_w = 192, .box_w = 12, .box_h = 11, .ofs_x = 0, .ofs_y = -1},
    {.bitmap_index = 12628, .adv_w = 192, .box_w = 12, .box_h = 11, .ofs_x = 0, .ofs_y = -1},
    {.bitmap_index = 12694, .adv_w = 192, .box_w = 12, .box_h = 11, .ofs_x = 0, .ofs_y = -1},
    {.bitmap_index = 12760, .adv_w = 192, .box_w = 12, .box_h = 12, .ofs_x = 0, .ofs_y = -2},
    {.bitmap_index = 12832, .adv_w = 192, .box_w = 12, .box_h = 12, .ofs_x = 0, .ofs_y = -2},
    {.bitmap_index = 12904, .adv_w = 192, .box_w = 12, .box_h = 11, .ofs_x = 0, .ofs_y = -1},
    {.bitmap_index = 12970, .adv_w = 192, .box_w = 12, .box_h = 11, .ofs_x = 0, .ofs_y = -1},
    {.bitmap_index = 13036, .adv_w = 192, .box_w = 12, .box_h = 10, .ofs_x = 0, .ofs_y = -1},
    {.bitmap_index = 13096, .adv_w = 192, .box_w = 12, .box_h = 12, .ofs_x = 0, .ofs_y = -2},
    {.bitmap_index = 13168, .adv_w = 192, .box_w = 11, .box_h = 10, .ofs_x = 1, .ofs_y = -1},
    {.bitmap_index = 13223, .adv_w = 192, .box_w = 12, .box_h = 11, .ofs_x = 0, .ofs_y = -1},
    {.bitmap_index = 13289, .adv_w = 192, .box_w = 12, .box_h = 12, .ofs_x = 0, .ofs_y = -2},
    {.bitmap_index = 13361, .adv_w = 192, .box_w = 12, .box_h = 11, .ofs_x = 0, .ofs_y = -1},
    {.bitmap_index = 13427, .adv_w = 192, .box_w = 12, .box_h = 12, .ofs_x = 0, .ofs_y = -2},
    {.bitmap_index = 13499, .adv_w = 192, .box_w = 12, .box_h = 12, .ofs_x = 0, .ofs_y = -2},
    {.bitmap_index = 13571, .adv_w = 192, .box_w = 12, .box_h = 11, .ofs_x = 0, .ofs_y = -1},
    {.bitmap_index = 13637, .adv_w = 192, .box_w = 12, .box_h = 11, .ofs_x = 0, .ofs_y = -1},
    {.bitmap_index = 13703, .adv_w = 192, .box_w = 12, .box_h = 12, .ofs_x = 0, .ofs_y = -2},
    {.bitmap_index = 13775, .adv_w = 192, .box_w = 12, .box_h = 11, .ofs_x = 0, .ofs_y = -1},
    {.bitmap_index = 13841, .adv_w = 192, .box_w = 12, .box_h = 11, .ofs_x = 0, .ofs_y = -1},
    {.bitmap_index = 13907, .adv_w = 192, .box_w = 12, .box_h = 12, .ofs_x = 0, .ofs_y = -2},
    {.bitmap_index = 13979, .adv_w = 192, .box_w = 11, .box_h = 12, .ofs_x = 0, .ofs_y = -2},
    {.bitmap_index = 14045, .adv_w = 192, .box_w = 12, .box_h = 10, .ofs_x = 0, .ofs_y = -1},
    {.bitmap_index = 14105, .adv_w = 192, .box_w = 12, .box_h = 12, .ofs_x = 0, .ofs_y = -2},
    {.bitmap_index = 14177, .adv_w = 192, .box_w = 12, .box_h = 12, .ofs_x = 0, .ofs_y = -2},
    {.bitmap_index = 14249, .adv_w = 192, .box_w = 12, .box_h = 12, .ofs_x = 0, .ofs_y = -1},
    {.bitmap_index = 14321, .adv_w = 192, .box_w = 12, .box_h = 12, .ofs_x = 0, .ofs_y = -2},
    {.bitmap_index = 14393, .adv_w = 192, .box_w = 12, .box_h = 11, .ofs_x = 0, .ofs_y = -1},
    {.bitmap_index = 14459, .adv_w = 192, .box_w = 11, .box_h = 12, .ofs_x = 0, .ofs_y = -1},
    {.bitmap_index = 14525, .adv_w = 192, .box_w = 12, .box_h = 12, .ofs_x = 0, .ofs_y = -1},
    {.bitmap_index = 14597, .adv_w = 192, .box_w = 12, .box_h = 12, .ofs_x = 0, .ofs_y = -2},
    {.bitmap_index = 14669, .adv_w = 192, .box_w = 12, .box_h = 11, .ofs_x = 0, .ofs_y = -1},
    {.bitmap_index = 14735, .adv_w = 192, .box_w = 12, .box_h = 11, .ofs_x = 0, .ofs_y = -1},
    {.bitmap_index = 14801, .adv_w = 192, .box_w = 12, .box_h = 12, .ofs_x = 0, .ofs_y = -2},
    {.bitmap_index = 14873, .adv_w = 192, .box_w = 11, .box_h = 11, .ofs_x = 0, .ofs_y = -2},
    {.bitmap_index = 14934, .adv_w = 192, .box_w = 11, .box_h = 11, .ofs_x = 1, .ofs_y = -1},
    {.bitmap_index = 14995, .adv_w = 192, .box_w = 10, .box_h = 11, .ofs_x = 1, .ofs_y = -1},
    {.bitmap_index = 15050, .adv_w = 192, .box_w = 11, .box_h = 11, .ofs_x = 1, .ofs_y = -1},
    {.bitmap_index = 15111, .adv_w = 192, .box_w = 12, .box_h = 11, .ofs_x = 0, .ofs_y = -1},
    {.bitmap_index = 15177, .adv_w = 192, .box_w = 11, .box_h = 11, .ofs_x = 0, .ofs_y = -1},
    {.bitmap_index = 15238, .adv_w = 192, .box_w = 12, .box_h = 11, .ofs_x = 0, .ofs_y = -1},
    {.bitmap_index = 15304, .adv_w = 192, .box_w = 12, .box_h = 10, .ofs_x = 0, .ofs_y = -1},
    {.bitmap_index = 15364, .adv_w = 192, .box_w = 12, .box_h = 12, .ofs_x = 0, .ofs_y = -2},
    {.bitmap_index = 15436, .adv_w = 192, .box_w = 12, .box_h = 11, .ofs_x = 0, .ofs_y = -1},
    {.bitmap_index = 15502, .adv_w = 192, .box_w = 12, .box_h = 11, .ofs_x = 0, .ofs_y = -1},
    {.bitmap_index = 15568, .adv_w = 192, .box_w = 12, .box_h = 12, .ofs_x = 0, .ofs_y = -1},
    {.bitmap_index = 15640, .adv_w = 192, .box_w = 12, .box_h = 11, .ofs_x = 0, .ofs_y = -1},
    {.bitmap_index = 15706, .adv_w = 192, .box_w = 12, .box_h = 11, .ofs_x = 0, .ofs_y = -1},
    {.bitmap_index = 15772, .adv_w = 192, .box_w = 12, .box_h = 11, .ofs_x = 0, .ofs_y = -1},
    {.bitmap_index = 15838, .adv_w = 192, .box_w = 12, .box_h = 11, .ofs_x = 0, .ofs_y = -1},
    {.bitmap_index = 15904, .adv_w = 192, .box_w = 12, .box_h = 11, .ofs_x = 0, .ofs_y = -1},
    {.bitmap_index = 15970, .adv_w = 192, .box_w = 12, .box_h = 11, .ofs_x = 0, .ofs_y = -1},
    {.bitmap_index = 16036, .adv_w = 192, .box_w = 12, .box_h = 11, .ofs_x = 0, .ofs_y = -1},
    {.bitmap_index = 16102, .adv_w = 192, .box_w = 12, .box_h = 11, .ofs_x = 0, .ofs_y = -1},
    {.bitmap_index = 16168, .adv_w = 192, .box_w = 10, .box_h = 11, .ofs_x = 1, .ofs_y = -2},
    {.bitmap_index = 16223, .adv_w = 192, .box_w = 12, .box_h = 11, .ofs_x = 0, .ofs_y = -1},
    {.bitmap_index = 16289, .adv_w = 192, .box_w = 12, .box_h = 12, .ofs_x = 0, .ofs_y = -2},
    {.bitmap_index = 16361, .adv_w = 192, .box_w = 12, .box_h = 12, .ofs_x = 0, .ofs_y = -2},
    {.bitmap_index = 16433, .adv_w = 192, .box_w = 11, .box_h = 12, .ofs_x = 1, .ofs_y = -2},
    {.bitmap_index = 16499, .adv_w = 192, .box_w = 12, .box_h = 11, .ofs_x = 0, .ofs_y = -1},
    {.bitmap_index = 16565, .adv_w = 192, .box_w = 10, .box_h = 11, .ofs_x = 1, .ofs_y = -1},
    {.bitmap_index = 16620, .adv_w = 192, .box_w = 12, .box_h = 12, .ofs_x = 0, .ofs_y = -2},
    {.bitmap_index = 16692, .adv_w = 192, .box_w = 12, .box_h = 12, .ofs_x = 0, .ofs_y = -2},
    {.bitmap_index = 16764, .adv_w = 192, .box_w = 12, .box_h = 11, .ofs_x = 0, .ofs_y = -1},
    {.bitmap_index = 16830, .adv_w = 192, .box_w = 12, .box_h = 11, .ofs_x = 0, .ofs_y = -1},
    {.bitmap_index = 16896, .adv_w = 192, .box_w = 12, .box_h = 12, .ofs_x = 0, .ofs_y = -2},
    {.bitmap_index = 16968, .adv_w = 192, .box_w = 12, .box_h = 11, .ofs_x = 0, .ofs_y = -1},
    {.bitmap_index = 17034, .adv_w = 192, .box_w = 12, .box_h = 11, .ofs_x = 0, .ofs_y = -1},
    {.bitmap_index = 17100, .adv_w = 192, .box_w = 12, .box_h = 11, .ofs_x = 0, .ofs_y = -1},
    {.bitmap_index = 17166, .adv_w = 192, .box_w = 12, .box_h = 12, .ofs_x = 0, .ofs_y = -2},
    {.bitmap_index = 17238, .adv_w = 192, .box_w = 11, .box_h = 11, .ofs_x = 0, .ofs_y = -1},
    {.bitmap_index = 17299, .adv_w = 192, .box_w = 12, .box_h = 12, .ofs_x = 0, .ofs_y = -2},
    {.bitmap_index = 17371, .adv_w = 192, .box_w = 12, .box_h = 12, .ofs_x = 0, .ofs_y = -2},
    {.bitmap_index = 17443, .adv_w = 192, .box_w = 12, .box_h = 12, .ofs_x = 0, .ofs_y = -2},
    {.bitmap_index = 17515, .adv_w = 192, .box_w = 12, .box_h = 11, .ofs_x = 0, .ofs_y = -1},
    {.bitmap_index = 17581, .adv_w = 192, .box_w = 12, .box_h = 12, .ofs_x = 0, .ofs_y = -2},
    {.bitmap_index = 17653, .adv_w = 192, .box_w = 12, .box_h = 11, .ofs_x = 0, .ofs_y = -1},
    {.bitmap_index = 17719, .adv_w = 192, .box_w = 12, .box_h = 11, .ofs_x = 0, .ofs_y = -1},
    {.bitmap_index = 17785, .adv_w = 192, .box_w = 12, .box_h = 12, .ofs_x = 0, .ofs_y = -2},
    {.bitmap_index = 17857, .adv_w = 192, .box_w = 12, .box_h = 12, .ofs_x = 0, .ofs_y = -2},
    {.bitmap_index = 17929, .adv_w = 192, .box_w = 11, .box_h = 11, .ofs_x = 0, .ofs_y = -1},
    {.bitmap_index = 17990, .adv_w = 192, .box_w = 12, .box_h = 11, .ofs_x = 0, .ofs_y = -1},
    {.bitmap_index = 18056, .adv_w = 192, .box_w = 12, .box_h = 11, .ofs_x = 0, .ofs_y = -1},
    {.bitmap_index = 18122, .adv_w = 192, .box_w = 12, .box_h = 11, .ofs_x = 0, .ofs_y = -1},
    {.bitmap_index = 18188, .adv_w = 192, .box_w = 12, .box_h = 11, .ofs_x = 0, .ofs_y = -1},
    {.bitmap_index = 18254, .adv_w = 192, .box_w = 12, .box_h = 12, .ofs_x = 0, .ofs_y = -2},
    {.bitmap_index = 18326, .adv_w = 192, .box_w = 12, .box_h = 11, .ofs_x = 0, .ofs_y = -1},
    {.bitmap_index = 18392, .adv_w = 192, .box_w = 12, .box_h = 11, .ofs_x = 0, .ofs_y = -1},
    {.bitmap_index = 18458, .adv_w = 192, .box_w = 12, .box_h = 11, .ofs_x = 0, .ofs_y = -1},
    {.bitmap_index = 18524, .adv_w = 192, .box_w = 12, .box_h = 12, .ofs_x = 0, .ofs_y = -2},
    {.bitmap_index = 18596, .adv_w = 192, .box_w = 12, .box_h = 12, .ofs_x = 0, .ofs_y = -2},
    {.bitmap_index = 18668, .adv_w = 192, .box_w = 12, .box_h = 12, .ofs_x = 0, .ofs_y = -2},
    {.bitmap_index = 18740, .adv_w = 192, .box_w = 12, .box_h = 12, .ofs_x = 0, .ofs_y = -2},
    {.bitmap_index = 18812, .adv_w = 192, .box_w = 12, .box_h = 12, .ofs_x = 0, .ofs_y = -2},
    {.bitmap_index = 18884, .adv_w = 192, .box_w = 12, .box_h = 12, .ofs_x = 0, .ofs_y = -2},
    {.bitmap_index = 18956, .adv_w = 192, .box_w = 12, .box_h = 12, .ofs_x = 0, .ofs_y = -2},
    {.bitmap_index = 19028, .adv_w = 192, .box_w = 12, .box_h = 12, .ofs_x = 0, .ofs_y = -2},
    {.bitmap_index = 19100, .adv_w = 192, .box_w = 12, .box_h = 12, .ofs_x = 0, .ofs_y = -2},
    {.bitmap_index = 19172, .adv_w = 192, .box_w = 12, .box_h = 12, .ofs_x = 0, .ofs_y = -2},
    {.bitmap_index = 19244, .adv_w = 192, .box_w = 12, .box_h = 12, .ofs_x = 0, .ofs_y = -2},
    {.bitmap_index = 19316, .adv_w = 192, .box_w = 12, .box_h = 11, .ofs_x = 0, .ofs_y = -1},
    {.bitmap_index = 19382, .adv_w = 192, .box_w = 12, .box_h = 11, .ofs_x = 0, .ofs_y = -1},
    {.bitmap_index = 19448, .adv_w = 192, .box_w = 12, .box_h = 11, .ofs_x = 0, .ofs_y = -1},
    {.bitmap_index = 19514, .adv_w = 192, .box_w = 12, .box_h = 10, .ofs_x = 0, .ofs_y = -1},
    {.bitmap_index = 19574, .adv_w = 192, .box_w = 12, .box_h = 11, .ofs_x = 0, .ofs_y = -1},
    {.bitmap_index = 19640, .adv_w = 192, .box_w = 12, .box_h = 11, .ofs_x = 0, .ofs_y = -1},
    {.bitmap_index = 19706, .adv_w = 192, .box_w = 12, .box_h = 12, .ofs_x = 0, .ofs_y = -2},
    {.bitmap_index = 19778, .adv_w = 192, .box_w = 10, .box_h = 11, .ofs_x = 1, .ofs_y = -1},
    {.bitmap_index = 19833, .adv_w = 192, .box_w = 10, .box_h = 11, .ofs_x = 1, .ofs_y = -1},
    {.bitmap_index = 19888, .adv_w = 192, .box_w = 10, .box_h = 11, .ofs_x = 1, .ofs_y = -1},
    {.bitmap_index = 19943, .adv_w = 192, .box_w = 11, .box_h = 11, .ofs_x = 1, .ofs_y = -1},
    {.bitmap_index = 20004, .adv_w = 192, .box_w = 11, .box_h = 11, .ofs_x = 1, .ofs_y = -1},
    {.bitmap_index = 20065, .adv_w = 192, .box_w = 11, .box_h = 11, .ofs_x = 1, .ofs_y = -1},
    {.bitmap_index = 20126, .adv_w = 192, .box_w = 12, .box_h = 11, .ofs_x = 0, .ofs_y = -1},
    {.bitmap_index = 20192, .adv_w = 192, .box_w = 12, .box_h = 10, .ofs_x = 0, .ofs_y = -1},
    {.bitmap_index = 20252, .adv_w = 192, .box_w = 12, .box_h = 11, .ofs_x = 0, .ofs_y = -1},
    {.bitmap_index = 20318, .adv_w = 192, .box_w = 12, .box_h = 12, .ofs_x = 0, .ofs_y = -2},
    {.bitmap_index = 20390, .adv_w = 192, .box_w = 12, .box_h = 11, .ofs_x = 0, .ofs_y = -2},
    {.bitmap_index = 20456, .adv_w = 192, .box_w = 12, .box_h = 10, .ofs_x = 0, .ofs_y = -1},
    {.bitmap_index = 20516, .adv_w = 192, .box_w = 12, .box_h = 11, .ofs_x = 0, .ofs_y = -1},
    {.bitmap_index = 20582, .adv_w = 192, .box_w = 12, .box_h = 12, .ofs_x = 0, .ofs_y = -2},
    {.bitmap_index = 20654, .adv_w = 192, .box_w = 12, .box_h = 10, .ofs_x = 0, .ofs_y = -1},
    {.bitmap_index = 20714, .adv_w = 192, .box_w = 12, .box_h = 13, .ofs_x = 0, .ofs_y = -2},
    {.bitmap_index = 20792, .adv_w = 192, .box_w = 12, .box_h = 11, .ofs_x = 0, .ofs_y = -1},
    {.bitmap_index = 20858, .adv_w = 192, .box_w = 12, .box_h = 13, .ofs_x = 0, .ofs_y = -2},
    {.bitmap_index = 20936, .adv_w = 192, .box_w = 12, .box_h = 11, .ofs_x = 0, .ofs_y = -1},
    {.bitmap_index = 21002, .adv_w = 192, .box_w = 12, .box_h = 11, .ofs_x = 0, .ofs_y = -1},
    {.bitmap_index = 21068, .adv_w = 192, .box_w = 12, .box_h = 11, .ofs_x = 0, .ofs_y = -1},
    {.bitmap_index = 21134, .adv_w = 192, .box_w = 12, .box_h = 11, .ofs_x = 0, .ofs_y = -1},
    {.bitmap_index = 21200, .adv_w = 192, .box_w = 12, .box_h = 11, .ofs_x = 0, .ofs_y = -1},
    {.bitmap_index = 21266, .adv_w = 192, .box_w = 12, .box_h = 12, .ofs_x = 0, .ofs_y = -2},
    {.bitmap_index = 21338, .adv_w = 192, .box_w = 12, .box_h = 11, .ofs_x = 0, .ofs_y = -1}
};

/*---------------------
 *  CHARACTER MAPPING
 *--------------------*/

static const uint16_t unicode_list_0[] = {
    0x0, 0x3, 0xa, 0xb, 0xd, 0xe, 0x13, 0x2a,
    0x2d, 0x48, 0x50, 0x8b, 0x8c, 0x8e, 0x92, 0xa4,
    0xae, 0xc0, 0xe5, 0x11a, 0x126, 0x134, 0x160, 0x1bf,
    0x1ca, 0x1ee, 0x25c, 0x2cf, 0x343, 0x349, 0x365, 0x368,
    0x373, 0x376, 0x378, 0x385, 0x38d, 0x3fb, 0x406, 0x407,
    0x417, 0x41d, 0x42b, 0x430, 0x436, 0x44d, 0x4a8, 0x53a,
    0x541, 0x548, 0x54e, 0x555, 0x557, 0x561, 0x585, 0x586,
    0x59f, 0x5bb, 0x5cc, 0x5cd, 0x5d1, 0x5e4, 0x5e5, 0x5ef,
    0x5f0, 0x5f2, 0x5f6, 0x608, 0x60c, 0x60e, 0x62c, 0x638,
    0x64a, 0x668, 0x68c, 0x696, 0x6cd, 0x761, 0x782, 0x7dc,
    0x868, 0x8de, 0x928, 0x93a, 0x947, 0x98b, 0x9ce, 0x9df,
    0x9fa, 0xa6b, 0xaeb, 0xb1c, 0xb27, 0xb29, 0xb31, 0xb3a,
    0xb55, 0xb7d, 0xbcb, 0xd50, 0xd64, 0xd83, 0xda4, 0xdb9,
    0xdcc, 0xdf8, 0xdfc, 0xe4f, 0xe55, 0xe71, 0x1002, 0x1026,
    0x1073, 0x1074, 0x1076, 0x107f, 0x108a, 0x108f, 0x1093, 0x1095,
    0x10a6, 0x10a7, 0x10f6, 0x1100, 0x110f, 0x1115, 0x1153, 0x1162,
    0x1181, 0x1188, 0x11aa, 0x11c3, 0x11d9, 0x1201, 0x1268, 0x12c5,
    0x12e0, 0x1308, 0x131f, 0x1375, 0x13d2, 0x1411, 0x1440, 0x144b,
    0x1467, 0x147e, 0x14a5, 0x14bc, 0x14df, 0x1501, 0x1507, 0x1509,
    0x1562, 0x156e, 0x15a0, 0x15a7, 0x15d0, 0x161c, 0x1678, 0x16ad,
    0x172f, 0x173e, 0x1745, 0x1770, 0x1774, 0x17b0, 0x17b9, 0x17e0,
    0x17f6, 0x180e, 0x182f, 0x183e, 0x186f, 0x1874, 0x1882, 0x18f2,
    0x18f4, 0x1908, 0x1909, 0x192a, 0x192c, 0x193a, 0x1961, 0x1965,
    0x1970, 0x197e, 0x197f, 0x1997, 0x199c, 0x19d3, 0x19e5, 0x1a07,
    0x1a46, 0x1c21, 0x1c2a, 0x1d21, 0x1d47, 0x1d4c, 0x1d63, 0x1d65,
    0x1e11, 0x1e14, 0x1e5f, 0x1ebb, 0x1f41, 0x1f6a, 0x1ff1, 0x2005,
    0x2032, 0x2090, 0x2102, 0x212b, 0x216e, 0x2275, 0x22b9, 0x22bc,
    0x22ed, 0x2431, 0x2435, 0x2447, 0x24b6, 0x24ec, 0x25af, 0x2603,
    0x26f7, 0x2728, 0x2735, 0x287d, 0x2884, 0x28f4, 0x28f8, 0x290b,
    0x2b3a, 0x2bc3, 0x2c3b, 0x2c7a, 0x2d7e, 0x2e7b, 0x2ebe, 0x2f20,
    0x2f22, 0x30bf, 0x30c8, 0x30d3, 0x30dc, 0x3151, 0x318e, 0x31a4,
    0x3246, 0x3289, 0x3350, 0x33ea, 0x33f4, 0x342a, 0x34b1, 0x3627,
    0x3881, 0x3882, 0x3a40, 0x3a4c, 0x3a68, 0x3aab, 0x3bc6, 0x3bc9,
    0x3be6, 0x3da1, 0x3da4, 0x3daf, 0x3dbe, 0x3dbf, 0x3dc6, 0x3dcd,
    0x3ddd, 0x3ded, 0x3e23, 0x3e61, 0x3f44, 0x4166, 0x417b, 0x4191,
    0x4193, 0x41b9, 0x41c5, 0x41d8, 0x41db, 0x41dc, 0x41df, 0x4202,
    0x4209, 0x4210, 0x4253, 0x42a6, 0x42e8, 0x4392, 0x43cc, 0x43d1,
    0x46ae, 0x475c, 0x47e8, 0x47ee, 0x47fb, 0x4848, 0x486a, 0x488f,
    0x4952, 0x4962, 0x49f3, 0x49f5, 0x4a75, 0x4a79, 0x4a7a, 0x4a91,
    0x4ace, 0x4adf, 0x4b86, 0x4b88, 0x4b96, 0x4b99, 0x4cd8, 0x4d54,
    0x503d, 0x5070, 0x50d8
};

/*Collect the unicode lists and glyph_id offsets*/
static const lv_font_fmt_txt_cmap_t cmaps[] =
{
    {
        .range_start = 19968, .range_length = 20697, .glyph_id_start = 1,
        .unicode_list = unicode_list_0, .glyph_id_ofs_list = NULL, .list_length = 323, .type = LV_FONT_FMT_TXT_CMAP_SPARSE_TINY
    }
};



/*--------------------
 *  ALL CUSTOM DATA
 *--------------------*/

#if LVGL_VERSION_MAJOR == 8
/*Store all the custom data of the font*/
static  lv_font_fmt_txt_glyph_cache_t cache;
#endif

#if LVGL_VERSION_MAJOR >= 8
static const lv_font_fmt_txt_dsc_t font_dsc = {
#else
static lv_font_fmt_txt_dsc_t font_dsc = {
#endif
    .glyph_bitmap = glyph_bitmap,
    .glyph_dsc = glyph_dsc,
    .cmaps = cmaps,
    .kern_dsc = NULL,
    .kern_scale = 0,
    .cmap_num = 1,
    .bpp = 4,
    .kern_classes = 0,
    .bitmap_format = 0,
#if LVGL_VERSION_MAJOR == 8
    .cache = &cache
#endif
};



/*-----------------
 *  PUBLIC FONT
 *----------------*/

/*Initialize a public general font descriptor*/
#if LVGL_VERSION_MAJOR >= 8
const lv_font_t font_cn_12 = {
#else
lv_font_t font_cn_12 = {
#endif
    .get_glyph_dsc = lv_font_get_glyph_dsc_fmt_txt,    /*Function pointer to get glyph's data*/
    .get_glyph_bitmap = lv_font_get_bitmap_fmt_txt,    /*Function pointer to get glyph's bitmap*/
    .line_height = 13,          /*The maximum line height required by the font*/
    .base_line = 2,             /*Baseline measured from the bottom of the line*/
#if !(LVGL_VERSION_MAJOR == 6 && LVGL_VERSION_MINOR == 0)
    .subpx = LV_FONT_SUBPX_NONE,
#endif
#if LV_VERSION_CHECK(7, 4, 0) || LVGL_VERSION_MAJOR >= 8
    .underline_position = -1,
    .underline_thickness = 1,
#endif
    .dsc = &font_dsc,          /*The custom font data. Will be accessed by `get_glyph_bitmap/dsc` */
#if LV_VERSION_CHECK(8, 2, 0) || LVGL_VERSION_MAJOR >= 9
    .fallback = NULL,
#endif
    .user_data = NULL,
};



#endif /*#if FONT_CN_12*/

